<?xml version="1.0" encoding="utf-8" ?>
<MSFWinBuild>
	<NavXml>C:\Build 100.4\Windows SharePoint Services\Process Guidance\Source\XML\Nav.xml</NavXml>
	<MapXml>C:\Build 100.4\Windows SharePoint Services\Process Guidance\Source\XML\ProcessGuidanceMap.xml</MapXml>
	<OutputXmlFile>C:\Build 100.4\Windows SharePoint Services\Process Guidance\Source\XML\ProcessGuidance.xml</OutputXmlFile>
	<HtmlFile>C:\Build 100.4\Windows SharePoint Services\Process Guidance\Source\ProcessGuidance.htm</HtmlFile>
	<BrowseOutputDir>C:\Build 100.4\Windows SharePoint Services\Process Guidance\Supporting Files\</BrowseOutputDir>
	<OutputPath>C:\Build 100.4\Windows SharePoint Services\Process Guidance\Supporting Files\</OutputPath>
	<WssXslFile>C:\Build 100.4\Windows SharePoint Services\Process Guidance\Source\XSLs\WssTasks.xsl</WssXslFile>
	<WssOutputFile>WssTasks.XML</WssOutputFile>
	<NavItems>
		<NavItem>
			<FileName>ProcessGuidance.htm</FileName>
			<Path>C:\Build 100.4\Windows SharePoint Services\Process Guidance\Source\</Path>
		</NavItem>
		<NavItem>
			<FileName>Glossary.htm</FileName>
			<Path>C:\Build 100.4\Windows SharePoint Services\Process Guidance\Source\</Path>
		</NavItem>
	</NavItems>
</MSFWinBuild>
