<?xml version="1.0" encoding="utf-8"?>
<?mso-infoPathSolution PIVersion="1.0.0.0" language="en-us" name="urn:schemas-microsoft-com:office:infopath:template:http---tempuri-org-XMLSchema-xsd" solutionVersion="1.0.0.149" productVersion="11.0.6551" href="template2.xsn" ?>
<?mso-application progid="InfoPath.Document"?>
<mstns:ProcessGuidance xmlns:mstns="http://tempuri.org/XMLSchema.xsd" xmlns:xsi="http://www.w3.org/2001/XMLSchema-instance" xmlns:xhtml="http://www.w3.org/1999/xhtml" xmlns:my="http://schemas.microsoft.com/office/infopath/2003/myXSD/2004-10-13T22:49:49" xmlns:xd="http://schemas.microsoft.com/office/infopath/2003">
    <mstns:Content>
        <mstns:ContentItem ContentType="Activity">
            <mstns:ContentOrder>
            </mstns:ContentOrder>
            <mstns:ContentName>
            </mstns:ContentName>
            <mstns:ContentDescription>
            </mstns:ContentDescription>
            <mstns:ContentLink>
            </mstns:ContentLink>
            <mstns:Parts>
            </mstns:Parts>
            <mstns:RACI>
            </mstns:RACI>
            <mstns:Verification/>
            <mstns:CrossReference>
            </mstns:CrossReference>
            <mstns:When>
            </mstns:When>
            <mstns:Dependencies>
                <mstns:DependencyItem>
                    <mstns:DependencyName>
                    </mstns:DependencyName>
                    <mstns:DependencyDescription>
                    </mstns:DependencyDescription>
                </mstns:DependencyItem>
            </mstns:Dependencies>
            <mstns:CMMI>
                <mstns:CMMIItem>
                    <mstns:CMMILevel>
                    </mstns:CMMILevel>
                    <mstns:CMMIProcessArea>
                    </mstns:CMMIProcessArea>
                    <mstns:CMMIGoal>
                    </mstns:CMMIGoal>
                    <mstns:CMMIPractice>
                    </mstns:CMMIPractice>
                </mstns:CMMIItem>
            </mstns:CMMI>
            <mstns:Criteria>
            </mstns:Criteria>
        </mstns:ContentItem>
    </mstns:Content>
    <mstns:NavStructure>
        <mstns:Menu>
            <mstns:MenuName>
            </mstns:MenuName>
            <mstns:MenuItem>
                <mstns:MenuItemName>
                </mstns:MenuItemName>
                <mstns:MenuItemTransform>
                </mstns:MenuItemTransform>
                <mstns:MenuBulletImage>
                </mstns:MenuBulletImage>
                <mstns:MenuItemDescription>
                </mstns:MenuItemDescription>
            </mstns:MenuItem>
        </mstns:Menu>
        <mstns:ImageMenu>
        </mstns:ImageMenu>
        <mstns:BulletMenu>
            <mstns:MenuName>
            </mstns:MenuName>
            <mstns:MenuItem>
                <mstns:MenuItemName>
                </mstns:MenuItemName>
                <mstns:MenuItemTransform>
                </mstns:MenuItemTransform>
                <mstns:MenuBulletImage>
                </mstns:MenuBulletImage>
                <mstns:MenuItemDescription>
                </mstns:MenuItemDescription>
            </mstns:MenuItem>
        </mstns:BulletMenu>
    </mstns:NavStructure>
    <mstns:Glossary>
        <mstns:GlossaryName>Glossary</mstns:GlossaryName>
        <mstns:GlossaryItem>
            <mstns:Term>
            </mstns:Term>
            <mstns:Definition>
            </mstns:Definition>
            <mstns:Reference>
            </mstns:Reference>
        </mstns:GlossaryItem>
    </mstns:Glossary>
    <mstns:HelpContextMap>
        <mstns:MapItem>
            <mstns:Keyword>
            </mstns:Keyword>
            <mstns:Context>
            </mstns:Context>
            <mstns:ContentName>
            </mstns:ContentName>
        </mstns:MapItem>
    </mstns:HelpContextMap>
    <mstns:Index>
        <mstns:IndexItem>
            <mstns:Keyword>
            </mstns:Keyword>
            <mstns:ContentName>
            </mstns:ContentName>
        </mstns:IndexItem>
    </mstns:Index>
</mstns:ProcessGuidance>