<?xml version="1.0" encoding="UTF-8"?><?mso-infoPathSolution PIVersion="1.0.0.0" language="en-us" name="urn:schemas-microsoft-com:office:infopath:template2:http---tempuri-org-XMLSchema-xsd" solutionVersion="1.0.0.157" productVersion="11.0.6565" ?><?mso-application progid="InfoPath.Document"?><mstns:ProcessGuidance xmlns:mstns="http://tempuri.org/XMLSchema.xsd" xmlns:xsi="http://www.w3.org/2001/XMLSchema-instance" xmlns:xhtml="http://www.w3.org/1999/xhtml" xmlns:my="http://schemas.microsoft.com/office/infopath/2003/myXSD/2004-10-13T22:49:49" xmlns:xd="http://schemas.microsoft.com/office/infopath/2003"><mstns:Content><mstns:ContentItem ContentType="Workstream"><mstns:ContentOrder>3</mstns:ContentOrder><mstns:ContentName>Build a Product</mstns:ContentName><mstns:ContentDescription>A team build compiles all new changesets and existing code into a single product. However, when new set of changes is checked into the build, it must be acceptable. The changeset must compile and pass build verification tests. Ensuring the changesets added to the team build do not cause problems is part of accepting a build. Each team build contains a set of build notes that outlines all of the new changes.</mstns:ContentDescription><mstns:ContentLink>
            </mstns:ContentLink><mstns:Parts><mstns:Part PartType="Step"><mstns:PartName>Start a Build</mstns:PartName><mstns:Sequence>1</mstns:Sequence><mstns:isRequired>true</mstns:isRequired><mstns:PartDescription>Keep dependencies low.</mstns:PartDescription><mstns:PartDescription>Begin team build.</mstns:PartDescription></mstns:Part><mstns:Part PartType="Step"><mstns:PartName>Verify a Build</mstns:PartName><mstns:Sequence>2</mstns:Sequence><mstns:isRequired>true</mstns:isRequired><mstns:PartDescription>Verify basic functionality.</mstns:PartDescription><mstns:PartDescription>Verify changed functionality.</mstns:PartDescription><mstns:PartDescription>Notify the team of team build acceptance.</mstns:PartDescription></mstns:Part><mstns:Part PartType="Step"><mstns:PartName>Fix a Build</mstns:PartName><mstns:Sequence>3</mstns:Sequence><mstns:isRequired>true</mstns:isRequired><mstns:PartDescription>Isolate compile errors. </mstns:PartDescription><mstns:PartDescription>Inspect run-time errors.</mstns:PartDescription><mstns:PartDescription>Inspect team build contents and bill of materials.</mstns:PartDescription><mstns:PartDescription>Inspect installation scripts and executables.</mstns:PartDescription><mstns:PartDescription>Inspect version of dependent modules.</mstns:PartDescription><mstns:PartDescription>Fix and rebuild the team build.</mstns:PartDescription></mstns:Part><mstns:Part PartType="Step"><mstns:PartName>Accept Build</mstns:PartName><mstns:Sequence>4</mstns:Sequence><mstns:isRequired>true</mstns:isRequired><mstns:PartDescription>Mange build tests.</mstns:PartDescription><mstns:PartDescription>Monitor build health.</mstns:PartDescription></mstns:Part></mstns:Parts><mstns:RACI><mstns:RACIItem RACIType="Responsible"><mstns:RoleName>Developer</mstns:RoleName><mstns:RACIDescription>Developer</mstns:RACIDescription></mstns:RACIItem></mstns:RACI><mstns:CrossReference><mstns:CrossReferenceItem CrossType="WorkProduct-VS">
									<mstns:CrossName>Team Build</mstns:CrossName>
									<mstns:CrossLink></mstns:CrossLink>
									<mstns:CrossDescription></mstns:CrossDescription>
								</mstns:CrossReferenceItem><mstns:CrossReferenceItem CrossType="NextStep"><mstns:CrossName>Test a Scenario</mstns:CrossName><mstns:CrossLink>
                    </mstns:CrossLink><mstns:CrossDescription>Test a Scenario</mstns:CrossDescription></mstns:CrossReferenceItem><mstns:CrossReferenceItem CrossType="NextStep"><mstns:CrossName>Test a Quality of Service Requirement</mstns:CrossName><mstns:CrossLink>
                    </mstns:CrossLink><mstns:CrossDescription>Test a Quality of Service Requirement</mstns:CrossDescription></mstns:CrossReferenceItem></mstns:CrossReference><mstns:When>
            </mstns:When><mstns:Dependencies><mstns:DependencyItem><mstns:DependencyName>
                    </mstns:DependencyName><mstns:DependencyDescription>A new changeset is ready to be integrated into the team build.</mstns:DependencyDescription></mstns:DependencyItem><mstns:DependencyItem>
										<mstns:DependencyName></mstns:DependencyName>
										<mstns:DependencyDescription>The team build is setup.</mstns:DependencyDescription>
									</mstns:DependencyItem></mstns:Dependencies><mstns:CMMI></mstns:CMMI><mstns:Criteria><mstns:CriteriaItem CriteriaType="Exit"><mstns:CriteriaName>The team build passes all required build verification tests and the team is notified the team build is accepted.</mstns:CriteriaName><mstns:CriteriaDescription>The team build passes all required build verification tests and the team is notified that the team build is accepted.</mstns:CriteriaDescription></mstns:CriteriaItem></mstns:Criteria></mstns:ContentItem><mstns:ContentItem ContentType="Activity"><mstns:ContentOrder>
            </mstns:ContentOrder><mstns:ContentName>Start a Build</mstns:ContentName><mstns:ContentDescription>
                <span xmlns="http://www.w3.org/1999/xhtml">Start a build whenever there is a need to integrate changes or ensure build consistency. Creating a build helps to synchronize changes and creates a platform on which all developers can work. If the build process gets too slow, rework dependencies to make it faster.</span>
            </mstns:ContentDescription><mstns:ContentLink>
            </mstns:ContentLink><mstns:Parts><mstns:Part PartType="Step"><mstns:PartName>Keep Dependencies Low</mstns:PartName><mstns:Sequence>1</mstns:Sequence><mstns:isRequired>true</mstns:isRequired><mstns:PartDescription>
                        <span xmlns="http://www.w3.org/1999/xhtml">Look for opportunities to cut down the build time by reworking dependencies.</span>
                    </mstns:PartDescription><mstns:PartDescription>Restructure components as necessary to ensure build times stay reasonable.</mstns:PartDescription><mstns:PartDescription>
                        <span xmlns="http://www.w3.org/1999/xhtml">Update any dependency changes resulting from new changes.</span>
                    </mstns:PartDescription></mstns:Part><mstns:Part PartType="Step"><mstns:PartName>Begin Build</mstns:PartName><mstns:Sequence>2</mstns:Sequence><mstns:isRequired>true</mstns:isRequired><mstns:PartDescription>
                        <span xmlns="http://www.w3.org/1999/xhtml">When changes are ready to be integrated, start a build. Only create a clean build when absolutely necessary. A clean build occurs during the nightly build. If the build will not run unless a clean build is done, check the dependencies to ensure that the build is running optimally.</span>
                    </mstns:PartDescription><mstns:PartDescription>
                        <span xmlns="http://www.w3.org/1999/xhtml">Coordinate with the other developers to ensure that they are not in the process of checking in development tasks. Start a build to allow others to use changes.</span>
                    </mstns:PartDescription><mstns:PartDescription>
                        <div xmlns="http://www.w3.org/1999/xhtml">Consider the need to run iteration tests based on the time constraints for the build.</div>
                    </mstns:PartDescription></mstns:Part></mstns:Parts><mstns:RACI><mstns:RACIItem RACIType="Responsible"><mstns:RoleName>Developer</mstns:RoleName><mstns:RACIDescription>
                    </mstns:RACIDescription></mstns:RACIItem></mstns:RACI><mstns:Verification></mstns:Verification><mstns:CrossReference><mstns:CrossReferenceItem CrossType="Tracks"><mstns:CrossName>Build</mstns:CrossName><mstns:CrossLink>
                    </mstns:CrossLink><mstns:CrossDescription>
                    </mstns:CrossDescription></mstns:CrossReferenceItem><mstns:CrossReferenceItem CrossType="Cycles"><mstns:CrossName>Daily Build</mstns:CrossName><mstns:CrossLink>
                    </mstns:CrossLink><mstns:CrossDescription>
                    </mstns:CrossDescription></mstns:CrossReferenceItem><mstns:CrossReferenceItem CrossType="NextStep"><mstns:CrossName>Verify a Build</mstns:CrossName><mstns:CrossLink>
                    </mstns:CrossLink><mstns:CrossDescription>Verify a Build</mstns:CrossDescription></mstns:CrossReferenceItem><mstns:CrossReferenceItem CrossType="NextStep"><mstns:CrossName>Accept Build</mstns:CrossName><mstns:CrossLink>
                    </mstns:CrossLink><mstns:CrossDescription>Accept Build</mstns:CrossDescription></mstns:CrossReferenceItem><mstns:CrossReferenceItem CrossType="SeeAlso">
									<mstns:CrossName>Walkthrough: Creating a Build Type in Team Foundation Build</mstns:CrossName>
									<mstns:CrossLink>http://go.microsoft.com/fwlink/?LinkId=65278</mstns:CrossLink>
									<mstns:CrossDescription></mstns:CrossDescription>
								</mstns:CrossReferenceItem></mstns:CrossReference><mstns:When>New changes are ready to be integrated into the build.</mstns:When><mstns:Dependencies><mstns:DependencyItem><mstns:DependencyName>
                    </mstns:DependencyName><mstns:DependencyDescription>The build is setup and the need for a build is recognized.</mstns:DependencyDescription></mstns:DependencyItem></mstns:Dependencies><mstns:CMMI></mstns:CMMI><mstns:Criteria><mstns:CriteriaItem CriteriaType="Exit"><mstns:CriteriaName>The build is started.</mstns:CriteriaName><mstns:CriteriaDescription>The build is started.</mstns:CriteriaDescription><mstns:WorkProductName>
                    </mstns:WorkProductName></mstns:CriteriaItem></mstns:Criteria></mstns:ContentItem><mstns:ContentItem ContentType="Activity"><mstns:ContentOrder>
            </mstns:ContentOrder><mstns:ContentName>Verify a Build</mstns:ContentName><mstns:ContentDescription>
                <div style="PADDING-RIGHT: 0in; MARGIN-TOP: 0in; PADDING-LEFT: 0in; MARGIN-BOTTOM: 0pt" xmlns="http://www.w3.org/1999/xhtml">It is important to maintain the quality of the application as each build is created and accepted. Run verification tests to make sure the basic build functionality is intact. Verification tests are also run to make sure functionality changed as part of bug fixing or that new feature implementation works correctly<span>.</span> </div>
            </mstns:ContentDescription><mstns:ContentLink>
            </mstns:ContentLink><mstns:Parts><mstns:Part PartType="Step"><mstns:PartName>Verify Basic Functionality</mstns:PartName><mstns:Sequence>1</mstns:Sequence><mstns:isRequired>true</mstns:isRequired><mstns:PartDescription>Run a minimal subset of validation tests, such as build verification tests, also known as smoke tests, to determine if the basic functionality of the build is stable.</mstns:PartDescription></mstns:Part><mstns:Part PartType="Step"><mstns:PartName>Verify Changed Functionality</mstns:PartName><mstns:Sequence>2</mstns:Sequence><mstns:isRequired>true</mstns:isRequired><mstns:PartDescription>
                        <span xmlns="http://www.w3.org/1999/xhtml">Run additional validation tests to make sure all changesets expected in the build were added and work properly.</span>
                    </mstns:PartDescription></mstns:Part><mstns:Part PartType="Step"><mstns:PartName>Notify Team of Build Acceptance</mstns:PartName><mstns:Sequence>3</mstns:Sequence><mstns:isRequired>true</mstns:isRequired><mstns:PartDescription>If the build passes all required validation tests, inform the users and release organization that the build is accepted.</mstns:PartDescription><mstns:PartDescription>If the build does not pass, inform the development team of the problem(s) and log them in the bug tracking system.</mstns:PartDescription></mstns:Part></mstns:Parts><mstns:RACI><mstns:RACIItem RACIType="Responsible"><mstns:RoleName>Developer</mstns:RoleName><mstns:RACIDescription>Developer</mstns:RACIDescription></mstns:RACIItem></mstns:RACI><mstns:CrossReference><mstns:CrossReferenceItem CrossType="WorkItem"><mstns:CrossName>Bug</mstns:CrossName><mstns:CrossLink>
                    </mstns:CrossLink><mstns:CrossDescription>New</mstns:CrossDescription></mstns:CrossReferenceItem><mstns:CrossReferenceItem CrossType="WorkProduct-VS"><mstns:CrossName>Team Build</mstns:CrossName><mstns:CrossLink>
                    </mstns:CrossLink><mstns:CrossDescription>
                    </mstns:CrossDescription></mstns:CrossReferenceItem><mstns:CrossReferenceItem CrossType="NextStep"><mstns:CrossName>Fix a Build</mstns:CrossName><mstns:CrossLink>
                    </mstns:CrossLink><mstns:CrossDescription>Fix a Build</mstns:CrossDescription></mstns:CrossReferenceItem><mstns:CrossReferenceItem CrossType="NextStep"><mstns:CrossName>Accept Build</mstns:CrossName><mstns:CrossLink>
                    </mstns:CrossLink><mstns:CrossDescription>Accept Build</mstns:CrossDescription></mstns:CrossReferenceItem><mstns:CrossReferenceItem CrossType="Tracks"><mstns:CrossName>Build</mstns:CrossName><mstns:CrossLink>
                    </mstns:CrossLink><mstns:CrossDescription>
                    </mstns:CrossDescription></mstns:CrossReferenceItem><mstns:CrossReferenceItem CrossType="Cycles"><mstns:CrossName>Daily Build</mstns:CrossName><mstns:CrossLink>
                    </mstns:CrossLink><mstns:CrossDescription>
                    </mstns:CrossDescription></mstns:CrossReferenceItem></mstns:CrossReference><mstns:When>
            </mstns:When><mstns:Dependencies><mstns:DependencyItem><mstns:DependencyName>
                    </mstns:DependencyName><mstns:DependencyDescription>The build process has completed.</mstns:DependencyDescription></mstns:DependencyItem></mstns:Dependencies><mstns:CMMI></mstns:CMMI><mstns:Criteria><mstns:CriteriaItem CriteriaType="Exit"><mstns:CriteriaName>If the build passes all required validation tests, the team is informed of build acceptance.</mstns:CriteriaName><mstns:CriteriaDescription>
                        <span xmlns="http://www.w3.org/1999/xhtml">If the build passes all required validation tests, the team is informed of build acceptance.</span>
                    </mstns:CriteriaDescription></mstns:CriteriaItem><mstns:CriteriaItem CriteriaType="Exit"><mstns:CriteriaName>If tests fail and the build is not accepted, the development team is informed of the problem and all problems are logged as bugs.</mstns:CriteriaName><mstns:CriteriaDescription>
                        <span xmlns="http://www.w3.org/1999/xhtml">If tests fail and the build is not accepted, the development team is informed of the problem and all problems are logged as bugs.</span>
                    </mstns:CriteriaDescription></mstns:CriteriaItem></mstns:Criteria></mstns:ContentItem><mstns:ContentItem ContentType="Activity"><mstns:ContentOrder>
            </mstns:ContentOrder><mstns:ContentName>Fix a Build</mstns:ContentName><mstns:ContentDescription>After a build is created and subjected to build validation tests, there may be situations where the source code does not build on a build machine or the integrated components for the application do not function properly. To fix a build, identify the compile and run-time errors and then inform the developer responsible for the affected component. Failure to fix build problems can disrupt dependent tasks such as testing.</mstns:ContentDescription><mstns:ContentLink>
            </mstns:ContentLink><mstns:Parts><mstns:Part PartType="Step"><mstns:PartName>Isolate Compile Errors</mstns:PartName><mstns:Sequence>1</mstns:Sequence><mstns:isRequired>true</mstns:isRequired><mstns:PartDescription>Make sure the build scripts clean up all unwanted files in the build area prior to compilation. Compiling source code into components on a build machine may fail, even if it has been successfully built on a developer’s machine.</mstns:PartDescription><mstns:PartDescription>
                        <span xmlns="http://www.w3.org/1999/xhtml">Isolate the component where the compile errors occur: If the problem is caused by missing dependent modules necessary for compilation, investigate the reasoning for the missing files and the justification to include the missing modules. Inform the developer of the component team about the problem.</span>
                    </mstns:PartDescription><mstns:PartDescription>If the problem is caused by any other errors, inform the developer responsible directly and through the bug report about the problem.</mstns:PartDescription></mstns:Part><mstns:Part PartType="Step"><mstns:PartName>Inspect Run-time Errors Found</mstns:PartName><mstns:Sequence>2</mstns:Sequence><mstns:isRequired>true</mstns:isRequired><mstns:PartDescription>
                        <span xmlns="http://www.w3.org/1999/xhtml">Identify any run-time errors encountered and inform the developer responsible directly and through the bug.</span>
                    </mstns:PartDescription><mstns:PartDescription>
                        <span xmlns="http://www.w3.org/1999/xhtml">Determine if the components are built using improper or out-of-date internal interface references between them</span>.</mstns:PartDescription></mstns:Part><mstns:Part PartType="Step"><mstns:PartName>Inspect Contents</mstns:PartName><mstns:Sequence>3</mstns:Sequence><mstns:isRequired>true</mstns:isRequired><mstns:PartDescription>Compare the contents of the build and the bill of materials to see if there are any unwanted or omitted files in the build.</mstns:PartDescription><mstns:PartDescription>If necessary, consult component teams to verify the contents of each component has been properly identified in the bill of materials.</mstns:PartDescription></mstns:Part><mstns:Part PartType="Step"><mstns:PartName>Inspect Installation Scripts and Executables</mstns:PartName><mstns:Sequence>4</mstns:Sequence><mstns:isRequired>true</mstns:isRequired><mstns:PartDescription>Check installation scripts and mechanisms to see whether files are being placed in file system locations specified by the build and bill of materials.</mstns:PartDescription><mstns:PartDescription>Check whether component libraries and modules are properly registered in the operating configuration.</mstns:PartDescription></mstns:Part><mstns:Part PartType="Step"><mstns:PartName>Inspect Version of Dependent Modules</mstns:PartName><mstns:Sequence>5</mstns:Sequence><mstns:isRequired>true</mstns:isRequired><mstns:PartDescription>
                        <span xmlns="http://www.w3.org/1999/xhtml">Determine whether the proper version of dependent modules, such as third-party libraries, is used by the components. Improper versions may produce unexpected results during application run time.</span>
                    </mstns:PartDescription></mstns:Part><mstns:Part PartType="Step"><mstns:PartName>Fix and Rebuild Build</mstns:PartName><mstns:Sequence>6</mstns:Sequence><mstns:isRequired>true</mstns:isRequired><mstns:PartDescription>
                        <span xmlns="http://www.w3.org/1999/xhtml">Once the problem is identified, fix it and rebuild the build as soon as possible to minimize disruption to parties that rely on the builds</span>.</mstns:PartDescription></mstns:Part></mstns:Parts><mstns:RACI><mstns:RACIItem RACIType="Responsible"><mstns:RoleName>Developer</mstns:RoleName><mstns:RACIDescription>Developer</mstns:RACIDescription></mstns:RACIItem></mstns:RACI><mstns:CrossReference><mstns:CrossReferenceItem CrossType="NextStep"><mstns:CrossName>Accept Build</mstns:CrossName><mstns:CrossLink>
                    </mstns:CrossLink><mstns:CrossDescription>Accept Build</mstns:CrossDescription></mstns:CrossReferenceItem><mstns:CrossReferenceItem CrossType="Cycles"><mstns:CrossName>Daily Build</mstns:CrossName><mstns:CrossLink>
                    </mstns:CrossLink><mstns:CrossDescription>
                    </mstns:CrossDescription></mstns:CrossReferenceItem><mstns:CrossReferenceItem CrossType="Tracks"><mstns:CrossName>Build</mstns:CrossName><mstns:CrossLink>
                    </mstns:CrossLink><mstns:CrossDescription>
                    </mstns:CrossDescription></mstns:CrossReferenceItem><mstns:CrossReferenceItem CrossType="WorkProduct-VS"><mstns:CrossName>Team Build</mstns:CrossName><mstns:CrossLink>
                    </mstns:CrossLink><mstns:CrossDescription>
                    </mstns:CrossDescription></mstns:CrossReferenceItem></mstns:CrossReference><mstns:When>
            </mstns:When><mstns:Dependencies><mstns:DependencyItem><mstns:DependencyName>
                    </mstns:DependencyName><mstns:DependencyDescription>A build failure has occurred.</mstns:DependencyDescription></mstns:DependencyItem></mstns:Dependencies><mstns:CMMI></mstns:CMMI><mstns:Criteria><mstns:CriteriaItem CriteriaType="Exit"><mstns:CriteriaName>The build problem is fixed and installation of the fixed build is successful.</mstns:CriteriaName><mstns:CriteriaDescription>The build problem is fixed and installation of the fixed build is successful.</mstns:CriteriaDescription></mstns:CriteriaItem><mstns:CriteriaItem CriteriaType="Exit"><mstns:CriteriaName>The build passes the build validation tests.</mstns:CriteriaName><mstns:CriteriaDescription>The build passes the build validation tests.</mstns:CriteriaDescription></mstns:CriteriaItem></mstns:Criteria></mstns:ContentItem><mstns:ContentItem ContentType="Activity"><mstns:ContentOrder>
            </mstns:ContentOrder><mstns:ContentName>Accept Build</mstns:ContentName><mstns:ContentDescription>An accepted <a href="http://internallink:Team Build" xmlns="http://www.w3.org/1999/xhtml">build</a> indicates minimum quality standards are successfully met and the build is ready for further work. To accept a build, make sure compilation and build verification tests cover all of the basic functionality and run successfully. Monitor and maintain the build verification tests to add basic tests for functionality completed in the last iteration.</mstns:ContentDescription><mstns:ContentLink>
            </mstns:ContentLink><mstns:Parts><mstns:Part PartType="Step"><mstns:PartName>Manage Build Tests</mstns:PartName><mstns:Sequence>1</mstns:Sequence><mstns:isRequired>true</mstns:isRequired><mstns:PartDescription>Remove or add sections of the build verification tests that measure the functionality necessary to deem the build self-test and not self-toast.</mstns:PartDescription><mstns:PartDescription>Add tests to the build verification test folder and check in the tests. Make sure the new compilation and build verification tests run successfully.</mstns:PartDescription><mstns:PartDescription>Monitor the iteration tests to understand progress within the iteration.</mstns:PartDescription><mstns:PartDescription>Post iteration test results.</mstns:PartDescription></mstns:Part><mstns:Part PartType="Step"><mstns:PartName>Monitor Build Health</mstns:PartName><mstns:Sequence>2</mstns:Sequence><mstns:isRequired>true</mstns:isRequired><mstns:PartDescription>Monitor the health of the build by examining the build details report.</mstns:PartDescription><mstns:PartDescription>Fix builds that do not compile or pass build verification tests. Make healthy builds available to the business analysts for exploratory testing.</mstns:PartDescription><mstns:PartDescription>Look for an increase in build time. If the build time becomes too long, rework dependencies.</mstns:PartDescription><mstns:PartDescription>Make sure notifications are sent and the list of interested parties is up-to-date.</mstns:PartDescription></mstns:Part></mstns:Parts><mstns:RACI><mstns:RACIItem RACIType="Responsible"><mstns:RoleName>Developer</mstns:RoleName><mstns:RACIDescription>Developer</mstns:RACIDescription></mstns:RACIItem></mstns:RACI><mstns:Verification></mstns:Verification><mstns:CrossReference><mstns:CrossReferenceItem CrossType="Tracks"><mstns:CrossName>Build</mstns:CrossName><mstns:CrossLink>
                    </mstns:CrossLink><mstns:CrossDescription>
                    </mstns:CrossDescription></mstns:CrossReferenceItem><mstns:CrossReferenceItem CrossType="Cycles"><mstns:CrossName>Daily Build</mstns:CrossName><mstns:CrossLink>
                    </mstns:CrossLink><mstns:CrossDescription>
                    </mstns:CrossDescription></mstns:CrossReferenceItem><mstns:CrossReferenceItem CrossType="WorkProduct-VS"><mstns:CrossName>Team Build</mstns:CrossName><mstns:CrossLink>
                    </mstns:CrossLink><mstns:CrossDescription>
                    </mstns:CrossDescription></mstns:CrossReferenceItem><mstns:CrossReferenceItem CrossType="Report"><mstns:CrossName>Quality Indicators</mstns:CrossName><mstns:CrossLink>
                    </mstns:CrossLink><mstns:CrossDescription>
                    </mstns:CrossDescription></mstns:CrossReferenceItem><mstns:CrossReferenceItem CrossType="Cycles"><mstns:CrossName>Build</mstns:CrossName><mstns:CrossLink>
                    </mstns:CrossLink><mstns:CrossDescription>
                    </mstns:CrossDescription></mstns:CrossReferenceItem><mstns:CrossReferenceItem CrossType="Tracks"><mstns:CrossName>Build</mstns:CrossName><mstns:CrossLink>
                    </mstns:CrossLink><mstns:CrossDescription>
                    </mstns:CrossDescription></mstns:CrossReferenceItem></mstns:CrossReference><mstns:When>
            </mstns:When><mstns:Dependencies><mstns:DependencyItem><mstns:DependencyName>
                    </mstns:DependencyName><mstns:DependencyDescription>The build is setup and runs nightly.</mstns:DependencyDescription></mstns:DependencyItem></mstns:Dependencies><mstns:CMMI/><mstns:Criteria><mstns:CriteriaItem CriteriaType="Exit"><mstns:CriteriaName>The build runs optimally.</mstns:CriteriaName><mstns:CriteriaDescription>The build runs optimally.</mstns:CriteriaDescription><mstns:WorkProductName>
                    </mstns:WorkProductName></mstns:CriteriaItem></mstns:Criteria></mstns:ContentItem></mstns:Content><mstns:NavStructure><mstns:Menu><mstns:MenuName>
            </mstns:MenuName><mstns:MenuItem><mstns:MenuItemName>
                </mstns:MenuItemName><mstns:MenuItemTransform>
                </mstns:MenuItemTransform><mstns:MenuItemDescription>
                </mstns:MenuItemDescription></mstns:MenuItem></mstns:Menu><mstns:ImageMenu></mstns:ImageMenu><mstns:BulletMenu><mstns:MenuName>
            </mstns:MenuName><mstns:MenuItem><mstns:MenuItemName>
                </mstns:MenuItemName><mstns:MenuItemTransform>
                </mstns:MenuItemTransform><mstns:MenuBulletImage>
                </mstns:MenuBulletImage><mstns:MenuItemDescription>
                </mstns:MenuItemDescription></mstns:MenuItem></mstns:BulletMenu></mstns:NavStructure><mstns:Glossary><mstns:GlossaryName>Glossary</mstns:GlossaryName><mstns:GlossaryItem><mstns:Term>
            </mstns:Term><mstns:Definition>
            </mstns:Definition><mstns:Reference>
            </mstns:Reference></mstns:GlossaryItem></mstns:Glossary><mstns:HelpContextMap><mstns:MapItem><mstns:Keyword>
            </mstns:Keyword><mstns:Context>
            </mstns:Context><mstns:ContentName>
            </mstns:ContentName></mstns:MapItem></mstns:HelpContextMap><mstns:Index><mstns:IndexItem><mstns:Keyword>
            </mstns:Keyword><mstns:ContentName>
            </mstns:ContentName></mstns:IndexItem></mstns:Index></mstns:ProcessGuidance>