﻿<?xml version="1.0" encoding="UTF-8"?>
<?mso-infoPathSolution PIVersion="1.0.0.0" language="en-us" name="urn:schemas-microsoft-com:office:infopath:template2:http---tempuri-org-XMLSchema-xsd" solutionVersion="1.0.0.157" productVersion="11.0.6565" ?><?mso-application progid="InfoPath.Document"?><mstns:ProcessGuidance xmlns:mstns="http://tempuri.org/XMLSchema.xsd" xmlns:xsi="http://www.w3.org/2001/XMLSchema-instance" xmlns:xhtml="http://www.w3.org/1999/xhtml" xmlns:my="http://schemas.microsoft.com/office/infopath/2003/myXSD/2004-10-13T22:49:49" xmlns:xd="http://schemas.microsoft.com/office/infopath/2003"><mstns:Content><mstns:ContentItem ContentType="Workstream"><mstns:ContentOrder>1</mstns:ContentOrder><mstns:ContentName>Capture Project Vision</mstns:ContentName><mstns:ContentDescription>
                <div style="PADDING-RIGHT: 0in; MARGIN-TOP: 0in; PADDING-LEFT: 0in; MARGIN-BOTTOM: 0pt" xmlns="http://www.w3.org/1999/xhtml">
                    <span>
                        <span>Getting a project started requires the clear establishment of the project vision. Capturing and communicating this central vision is the most important element to keeping a project focused. During the project, this vision may change as a result of the business or project climate. If change occurs, it is necessary to realign the project to the new vision. From the vision, we begin to understand who the users will be. Usage patterns and goals of these users will be captured using personas. We will also understand if the project is driven by date or by content. The vision and its related activities create the solid foundation on which a project can be built.</span>
                    </span>
                </div>
            </mstns:ContentDescription><mstns:ContentLink>
            </mstns:ContentLink><mstns:Parts><mstns:Part PartType="Step"><mstns:PartName>Write Vision Statement</mstns:PartName><mstns:Sequence>1</mstns:Sequence><mstns:isRequired>true</mstns:isRequired><mstns:PartDescription>Summarize the project background.</mstns:PartDescription><mstns:PartDescription>Explain driving factors for the project.</mstns:PartDescription><mstns:PartDescription>Determine the application's key value.</mstns:PartDescription><mstns:PartDescription>Identify the application's users.</mstns:PartDescription></mstns:Part><mstns:Part PartType="Step"><mstns:PartName>Define Personas</mstns:PartName><mstns:Sequence>2</mstns:Sequence><mstns:isRequired>true</mstns:isRequired><mstns:PartDescription>Define the user groups.</mstns:PartDescription><mstns:PartDescription>Create personas for each user group.</mstns:PartDescription></mstns:Part><mstns:Part PartType="Step"><mstns:PartName>Refine Personas</mstns:PartName><mstns:Sequence>3</mstns:Sequence><mstns:isRequired>true</mstns:isRequired><mstns:PartDescription>Determine the type of difference between the written persona and the user.</mstns:PartDescription><mstns:PartDescription>Update and communicate persona changes.</mstns:PartDescription></mstns:Part></mstns:Parts><mstns:RACI><mstns:RACIItem RACIType="Responsible"><mstns:RoleName>Business Analyst</mstns:RoleName><mstns:RACIDescription>Business Analyst</mstns:RACIDescription></mstns:RACIItem></mstns:RACI><mstns:CrossReference><mstns:CrossReferenceItem CrossType="WorkProduct-Word"><mstns:CrossName>Vision Statement</mstns:CrossName><mstns:CrossLink>
                    </mstns:CrossLink><mstns:CrossDescription>
                    </mstns:CrossDescription></mstns:CrossReferenceItem><mstns:CrossReferenceItem CrossType="WorkProduct-Word"><mstns:CrossName>Persona</mstns:CrossName><mstns:CrossLink>
                    </mstns:CrossLink><mstns:CrossDescription>
                    </mstns:CrossDescription></mstns:CrossReferenceItem><mstns:CrossReferenceItem CrossType="NextStep"><mstns:CrossName>Create a Scenario</mstns:CrossName><mstns:CrossLink>
                    </mstns:CrossLink><mstns:CrossDescription>Create a Scenario</mstns:CrossDescription></mstns:CrossReferenceItem><mstns:CrossReferenceItem CrossType="NextStep"><mstns:CrossName>Create a Quality of Service Requirement</mstns:CrossName><mstns:CrossLink>
                    </mstns:CrossLink><mstns:CrossDescription>Create a Quality of Service Requirement</mstns:CrossDescription></mstns:CrossReferenceItem><mstns:CrossReferenceItem CrossType="PatternPractices"><mstns:CrossName>Personas: Practice and Theory</mstns:CrossName><mstns:CrossLink>http://go.microsoft.com/fwlink/?LinkId=40647&amp;clcid=0x409</mstns:CrossLink><mstns:CrossDescription>
                    </mstns:CrossDescription></mstns:CrossReferenceItem></mstns:CrossReference><mstns:When>
            </mstns:When><mstns:Dependencies><mstns:DependencyItem><mstns:DependencyName>
                    </mstns:DependencyName><mstns:DependencyDescription>
                    </mstns:DependencyDescription></mstns:DependencyItem></mstns:Dependencies><mstns:CMMI></mstns:CMMI><mstns:Criteria><mstns:CriteriaItem CriteriaType="Exit"><mstns:CriteriaName>The vision statement is completed and published to the project portal .</mstns:CriteriaName><mstns:CriteriaDescription>The vision statement is completed and published to the project portal.</mstns:CriteriaDescription><mstns:WorkProductName>
                    </mstns:WorkProductName></mstns:CriteriaItem><mstns:CriteriaItem CriteriaType="Exit"><mstns:CriteriaName>The personas are written and published to the project portal.</mstns:CriteriaName><mstns:CriteriaDescription>The personas are written and published to the project portal.</mstns:CriteriaDescription></mstns:CriteriaItem></mstns:Criteria></mstns:ContentItem><mstns:ContentItem ContentType="Activity"><mstns:ContentOrder>
            </mstns:ContentOrder><mstns:ContentName>Write Vision Statement</mstns:ContentName><mstns:ContentDescription>
                <div style="PADDING-RIGHT: 0in; MARGIN-TOP: 0in; PADDING-LEFT: 0in; MARGIN-BOTTOM: 0pt" xmlns="http://www.w3.org/1999/xhtml">A <a href="http://internallink:Vision Statement">vision statement</a> is a short, coherent statement that concisely describes the purpose for building the new or improved system. It provides to the team a brief summary of the project background, the driving factors, and the justification for building the system. The <a href="http://internallink:vision statement">vision statement</a> should provide a high level understanding of the application’s users. It also should include what the users need and how this application is going to meet that need. Finally, it should specify whether the delivery of the system is date-driven or functionality-driven. The language of the end user domain should be used to write the <a href="http://internallink:vision statement">Vision Statement</a>. Writing a concise, effective vision statement can be a challenge.</div>
            </mstns:ContentDescription><mstns:ContentLink>
            </mstns:ContentLink><mstns:Parts><mstns:Part PartType="Step"><mstns:PartName>Summarize Project Background</mstns:PartName><mstns:Sequence>1</mstns:Sequence><mstns:isRequired>true</mstns:isRequired><mstns:PartDescription>Provide a one or two paragraph context for the project. The paragraphs should describe the events that determine the need for a new or improved system.</mstns:PartDescription></mstns:Part><mstns:Part PartType="Step"><mstns:PartName>Explain Driving Factors</mstns:PartName><mstns:Sequence>2</mstns:Sequence><mstns:isRequired>true</mstns:isRequired><mstns:PartDescription>Describe the major requirements or timeframe driving the release of the product. Be brief.</mstns:PartDescription><mstns:PartDescription>Make it clear whether this project is driven by date (such as a major tradeshow) or functionality (such as the desire to outdo a competitor).</mstns:PartDescription></mstns:Part><mstns:Part PartType="Step"><mstns:PartName>Identify Users</mstns:PartName><mstns:Sequence>3</mstns:Sequence><mstns:isRequired>true</mstns:isRequired><mstns:PartDescription>Determine the set of users who get primary value from the system.</mstns:PartDescription></mstns:Part><mstns:Part PartType="Step"><mstns:PartName>Determine Key Value</mstns:PartName><mstns:Sequence>4</mstns:Sequence><mstns:isRequired>true</mstns:isRequired><mstns:PartDescription>Write the value proposition of the new or enhanced system.</mstns:PartDescription><mstns:PartDescription>Distill the key concepts down to approximately a twenty-five word statement that provides a single value proposition for the users identified.</mstns:PartDescription></mstns:Part></mstns:Parts><mstns:RACI><mstns:RACIItem RACIType="Responsible"><mstns:RoleName>Business Analyst</mstns:RoleName><mstns:RACIDescription>Business Analyst</mstns:RACIDescription></mstns:RACIItem></mstns:RACI><mstns:CrossReference><mstns:CrossReferenceItem CrossType="WorkProduct-Word"><mstns:CrossName>Vision Statement</mstns:CrossName><mstns:CrossLink>
                    </mstns:CrossLink><mstns:CrossDescription>
                    </mstns:CrossDescription></mstns:CrossReferenceItem><mstns:CrossReferenceItem CrossType="Cycles"><mstns:CrossName>Project</mstns:CrossName><mstns:CrossLink>
                    </mstns:CrossLink><mstns:CrossDescription>
                    </mstns:CrossDescription></mstns:CrossReferenceItem><mstns:CrossReferenceItem CrossType="Tracks"><mstns:CrossName>Envision</mstns:CrossName><mstns:CrossLink>
                    </mstns:CrossLink><mstns:CrossDescription>
                    </mstns:CrossDescription></mstns:CrossReferenceItem><mstns:CrossReferenceItem CrossType="NextStep"><mstns:CrossName>Define Personas</mstns:CrossName><mstns:CrossLink>
                    </mstns:CrossLink><mstns:CrossDescription>Define Personas</mstns:CrossDescription></mstns:CrossReferenceItem><mstns:CrossReferenceItem CrossType="NextStep"><mstns:CrossName>Define Test Approach</mstns:CrossName><mstns:CrossLink>
                    </mstns:CrossLink><mstns:CrossDescription>Define Test Approach</mstns:CrossDescription></mstns:CrossReferenceItem></mstns:CrossReference><mstns:When>
            </mstns:When><mstns:Dependencies><mstns:DependencyItem><mstns:DependencyName>
                    </mstns:DependencyName><mstns:DependencyDescription>
                    </mstns:DependencyDescription></mstns:DependencyItem></mstns:Dependencies><mstns:CMMI><mstns:CMMIItem><mstns:CMMILevel>
                    </mstns:CMMILevel><mstns:CMMIProcessArea>
                    </mstns:CMMIProcessArea><mstns:CMMIGoal>
                    </mstns:CMMIGoal><mstns:CMMIPractice>
                    </mstns:CMMIPractice></mstns:CMMIItem></mstns:CMMI><mstns:Criteria><mstns:CriteriaItem CriteriaType="Entry"><mstns:CriteriaName>The problems the product intends to solve have been identified</mstns:CriteriaName><mstns:CriteriaDescription>The problems the product intends to solve have been identified</mstns:CriteriaDescription><mstns:WorkProductName>
                    </mstns:WorkProductName></mstns:CriteriaItem><mstns:CriteriaItem CriteriaType="Exit"><mstns:CriteriaName>Vision Statement</mstns:CriteriaName><mstns:CriteriaDescription>
                        <div style="PADDING-RIGHT: 0in; MARGIN-TOP: 0in; PADDING-LEFT: 0in; FONT-SIZE: 12pt; MARGIN-BOTTOM: 0pt" xmlns="http://www.w3.org/1999/xhtml">
                            <font face="Times New Roman">The reviewed <a href="http://internallink:Vision Statement">vision statement</a> is uploaded to the project portal.</font>
                        </div>
                    </mstns:CriteriaDescription></mstns:CriteriaItem></mstns:Criteria></mstns:ContentItem><mstns:ContentItem ContentType="Activity"><mstns:ContentOrder>
            </mstns:ContentOrder><mstns:ContentName>Define Personas</mstns:ContentName><mstns:ContentDescription>
                <span xmlns="http://www.w3.org/1999/xhtml">A <a href="http://intenarllink:Persona">persona</a> is a fictional individual who represents of a group of users. <a href="http://internallink:Persona">Personas</a> are used to reason through the needs of an entire customer segment by examining the characteristics of one fictional individual. To define a persona, examine the customer segment that interacts with the system, collect the skills, abilities, and goals the user group shares, and create a fictional person to represent the customer segment. Personas are a means of elaborating information about users from the <INTERNALLINK location="Vision Statement"><a href="http://internallink:Vision Statement">vision statement</a></INTERNALLINK>. Personas are used to <a href="http://internallink:Brainstorm Scenarios">create scenarios</a> and <a href="http://internallink:Conduct Exploratory Testing">conduct exploratory testing</a>.</span>
            </mstns:ContentDescription><mstns:ContentLink>
            </mstns:ContentLink><mstns:Parts><mstns:Part PartType="Step"><mstns:PartName>Define Roles</mstns:PartName><mstns:Sequence>1</mstns:Sequence><mstns:isRequired>true</mstns:isRequired><mstns:PartDescription>
                        <span xmlns="http://www.w3.org/1999/xhtml">From the users identified in the <INTERNALLINK location="Vision Statement"><a href="http://internallink:Vision Statement">vision statement</a></INTERNALLINK>, choose a user group that interacts with the system.</span>
                    </mstns:PartDescription><mstns:PartDescription>
                        <span xmlns="http://www.w3.org/1999/xhtml">If the <INTERNALLINK location="Vision Statement"><a href="http://internallink:Vision Statement">vision statement</a></INTERNALLINK> does not contain enough information to determine all user types, gather more information on the intended users. The <INTERNALLINK location="Vision Statement">vision statement</INTERNALLINK> often contains role clusters or sets of roles such as a user or administrator.</span>
                    </mstns:PartDescription><mstns:PartDescription>If the system houses assets that might lead to security requirements, be sure to include disfavored personas such as unauthorized users.</mstns:PartDescription></mstns:Part><mstns:Part PartType="Step"><mstns:PartName>Create Persona</mstns:PartName><mstns:Sequence>2</mstns:Sequence><mstns:isRequired>true</mstns:isRequired><mstns:PartDescription>Gather real data to create a persona. Use data obtained from usability studies, user visits, focus groups, and marketing studies to make sure the persona represents reality. </mstns:PartDescription><mstns:PartDescription>Group the related knowledge, skills, and abilities with the goals of the persona. Open a new persona template for each grouping. Complete the persona descriptions by including a short life history, personality quirks, or interests and hobbies. Adding personal details makes the persona more realistic. Include links back to data used to build the persona.</mstns:PartDescription><mstns:PartDescription>Name the persona with a realistic name and save the persona using the name as its file name. Publish the persona to the project portal.</mstns:PartDescription></mstns:Part></mstns:Parts><mstns:RACI><mstns:RACIItem RACIType="Responsible"><mstns:RoleName>Business Analyst</mstns:RoleName><mstns:RACIDescription>Business Analyst</mstns:RACIDescription></mstns:RACIItem></mstns:RACI><mstns:CrossReference><mstns:CrossReferenceItem CrossType="WorkProduct-Word"><mstns:CrossName>Persona</mstns:CrossName><mstns:CrossLink>
                    </mstns:CrossLink><mstns:CrossDescription>
                    </mstns:CrossDescription></mstns:CrossReferenceItem><mstns:CrossReferenceItem CrossType="Cycles"><mstns:CrossName>Project</mstns:CrossName><mstns:CrossLink>
                    </mstns:CrossLink><mstns:CrossDescription>
                    </mstns:CrossDescription></mstns:CrossReferenceItem><mstns:CrossReferenceItem CrossType="Qualities of Service"><mstns:CrossName>User Experience</mstns:CrossName><mstns:CrossLink>
                    </mstns:CrossLink><mstns:CrossDescription>
                    </mstns:CrossDescription></mstns:CrossReferenceItem><mstns:CrossReferenceItem CrossType="Tracks"><mstns:CrossName>Envision</mstns:CrossName><mstns:CrossLink>
                    </mstns:CrossLink><mstns:CrossDescription>
                    </mstns:CrossDescription></mstns:CrossReferenceItem><mstns:CrossReferenceItem CrossType="SeeAlso"><mstns:CrossName>Write Vision Statement</mstns:CrossName><mstns:CrossLink>
                    </mstns:CrossLink><mstns:CrossDescription>Persona</mstns:CrossDescription></mstns:CrossReferenceItem><mstns:CrossReferenceItem CrossType="NextStep"><mstns:CrossName>Refine Personas</mstns:CrossName><mstns:CrossLink>
                    </mstns:CrossLink><mstns:CrossDescription>Refine Personas</mstns:CrossDescription></mstns:CrossReferenceItem><mstns:CrossReferenceItem CrossType="NextStep"><mstns:CrossName>Create a Scenario</mstns:CrossName><mstns:CrossLink>
                    </mstns:CrossLink><mstns:CrossDescription>Create a Scenario</mstns:CrossDescription></mstns:CrossReferenceItem><mstns:CrossReferenceItem CrossType="NextStep"><mstns:CrossName>Create a Quality of Service Requirement</mstns:CrossName><mstns:CrossLink>
                    </mstns:CrossLink><mstns:CrossDescription>Create a Quality of Service Requirement</mstns:CrossDescription></mstns:CrossReferenceItem><mstns:CrossReferenceItem CrossType="SeeAlso"><mstns:CrossName> Personas: Practice and Theory</mstns:CrossName><mstns:CrossLink>http://go.microsoft.com/fwlink/?LinkId=40647&amp;clcid=0x409</mstns:CrossLink><mstns:CrossDescription>
                    </mstns:CrossDescription></mstns:CrossReferenceItem></mstns:CrossReference><mstns:When>
            </mstns:When><mstns:Dependencies><mstns:DependencyItem><mstns:DependencyName>
                    </mstns:DependencyName><mstns:DependencyDescription>The vision statement has been published to the project portal.</mstns:DependencyDescription></mstns:DependencyItem></mstns:Dependencies><mstns:CMMI></mstns:CMMI><mstns:Criteria><mstns:CriteriaItem CriteriaType="Exit"><mstns:CriteriaName>The personas are published to the project portal.</mstns:CriteriaName><mstns:CriteriaDescription>The personas are published to the project portal.</mstns:CriteriaDescription></mstns:CriteriaItem></mstns:Criteria></mstns:ContentItem><mstns:ContentItem ContentType="Activity"><mstns:ContentOrder>
            </mstns:ContentOrder><mstns:ContentName>Refine Personas</mstns:ContentName><mstns:ContentDescription>
                <span xmlns="http://www.w3.org/1999/xhtml">Meetings and reviews often bring out new details about usage patterns and level of knowledge. Use these meetings as an opportunity to validate the personas. </span>
                <span xmlns="http://www.w3.org/1999/xhtml">Refine personas to periodically keep them up to date and continue to understand the intended system users. <span>When updates are made, communicate these changes to the organization.</span> </span>
            </mstns:ContentDescription><mstns:ContentLink>
            </mstns:ContentLink><mstns:Parts><mstns:Part PartType="Step"><mstns:PartName>Determine Type of Difference</mstns:PartName><mstns:Sequence>1</mstns:Sequence><mstns:isRequired>true</mstns:isRequired><mstns:PartDescription>
                        <span xmlns="http://www.w3.org/1999/xhtml">Look for similarities and differences in the level of knowledge, usage patterns, interactions, and goals between the persona and the user. If a difference exists, determine if the user is an intended user.</span>
                    </mstns:PartDescription><mstns:PartDescription>If the difference is significant, determine whether a new persona is needed or a change to an existing persona.</mstns:PartDescription></mstns:Part><mstns:Part PartType="Step"><mstns:PartName>Update and Communicate Changes</mstns:PartName><mstns:Sequence>2</mstns:Sequence><mstns:isRequired>true</mstns:isRequired><mstns:PartDescription>Add any new personas and make changes to existing personas.</mstns:PartDescription><mstns:PartDescription>Publish the personas and communicate the changes to the rest of the team.</mstns:PartDescription><mstns:PartDescription>Brainstorm scenarios and quality of service requirements or if the changes are major, conduct exploratory testing to see if any changes need to be made to the scenario list.</mstns:PartDescription><mstns:PartDescription>Examine the priorities.</mstns:PartDescription></mstns:Part></mstns:Parts><mstns:RACI><mstns:RACIItem RACIType="Responsible"><mstns:RoleName>Business Analyst</mstns:RoleName><mstns:RACIDescription>Business Analyst</mstns:RACIDescription></mstns:RACIItem></mstns:RACI><mstns:CrossReference><mstns:CrossReferenceItem CrossType="WorkProduct-Word"><mstns:CrossName>Persona</mstns:CrossName><mstns:CrossLink>
                    </mstns:CrossLink><mstns:CrossDescription>
                    </mstns:CrossDescription></mstns:CrossReferenceItem><mstns:CrossReferenceItem CrossType="SeeAlso"><mstns:CrossName>Define Personas</mstns:CrossName><mstns:CrossLink>
                    </mstns:CrossLink><mstns:CrossDescription>Define Personas</mstns:CrossDescription></mstns:CrossReferenceItem><mstns:CrossReferenceItem CrossType="Qualities of Service"><mstns:CrossName>User Experience</mstns:CrossName><mstns:CrossLink>
                    </mstns:CrossLink><mstns:CrossDescription>
                    </mstns:CrossDescription></mstns:CrossReferenceItem><mstns:CrossReferenceItem CrossType="Tracks"><mstns:CrossName>Continuous</mstns:CrossName><mstns:CrossLink>
                    </mstns:CrossLink><mstns:CrossDescription>
                    </mstns:CrossDescription></mstns:CrossReferenceItem><mstns:CrossReferenceItem CrossType="Cycles"><mstns:CrossName>As Needed</mstns:CrossName><mstns:CrossLink>
                    </mstns:CrossLink><mstns:CrossDescription>
                    </mstns:CrossDescription></mstns:CrossReferenceItem></mstns:CrossReference><mstns:When>
            </mstns:When><mstns:Dependencies><mstns:DependencyItem><mstns:DependencyName>
                    </mstns:DependencyName><mstns:DependencyDescription>Interaction with the users has lead to the need to change a persona.</mstns:DependencyDescription></mstns:DependencyItem><mstns:DependencyItem><mstns:DependencyName>
                    </mstns:DependencyName><mstns:DependencyDescription>The personas are published on the project portal.</mstns:DependencyDescription></mstns:DependencyItem></mstns:Dependencies><mstns:CMMI></mstns:CMMI><mstns:Criteria><mstns:CriteriaItem CriteriaType="Exit"><mstns:CriteriaName>The updated personas are published on the project portal.</mstns:CriteriaName><mstns:CriteriaDescription>The updated personas are published on the project portal.</mstns:CriteriaDescription><mstns:WorkProductName>
                    </mstns:WorkProductName></mstns:CriteriaItem></mstns:Criteria></mstns:ContentItem></mstns:Content><mstns:NavStructure><mstns:Menu><mstns:MenuName>
            </mstns:MenuName><mstns:MenuItem><mstns:MenuItemName>
                </mstns:MenuItemName><mstns:MenuItemTransform>
                </mstns:MenuItemTransform><mstns:MenuItemDescription>
                </mstns:MenuItemDescription></mstns:MenuItem></mstns:Menu><mstns:ImageMenu></mstns:ImageMenu><mstns:BulletMenu><mstns:MenuName>
            </mstns:MenuName><mstns:MenuItem><mstns:MenuItemName>
                </mstns:MenuItemName><mstns:MenuItemTransform>
                </mstns:MenuItemTransform><mstns:MenuBulletImage>
                </mstns:MenuBulletImage><mstns:MenuItemDescription>
                </mstns:MenuItemDescription></mstns:MenuItem></mstns:BulletMenu></mstns:NavStructure><mstns:Glossary><mstns:GlossaryName>Glossary</mstns:GlossaryName><mstns:GlossaryItem><mstns:Term>
            </mstns:Term><mstns:Definition>
            </mstns:Definition><mstns:Reference>
            </mstns:Reference></mstns:GlossaryItem></mstns:Glossary><mstns:HelpContextMap><mstns:MapItem><mstns:Keyword>
            </mstns:Keyword><mstns:Context>
            </mstns:Context><mstns:ContentName>
            </mstns:ContentName></mstns:MapItem></mstns:HelpContextMap><mstns:Index><mstns:IndexItem><mstns:Keyword>
            </mstns:Keyword><mstns:ContentName>
            </mstns:ContentName></mstns:IndexItem></mstns:Index></mstns:ProcessGuidance>