<?xml version="1.0" encoding="UTF-8"?><?mso-infoPathSolution PIVersion="1.0.0.0" language="en-us" name="urn:schemas-microsoft-com:office:infopath:template2:http---tempuri-org-XMLSchema-xsd" solutionVersion="1.0.0.157" productVersion="11.0.6565" ?><?mso-application progid="InfoPath.Document"?><mstns:ProcessGuidance xmlns:mstns="http://tempuri.org/XMLSchema.xsd" xmlns:xsi="http://www.w3.org/2001/XMLSchema-instance" xmlns:xhtml="http://www.w3.org/1999/xhtml" xmlns:my="http://schemas.microsoft.com/office/infopath/2003/myXSD/2004-10-13T22:49:49" xmlns:xd="http://schemas.microsoft.com/office/infopath/2003"><mstns:Content><mstns:ContentItem ContentType="Workstream"><mstns:ContentOrder>3</mstns:ContentOrder><mstns:ContentName>Close a Bug</mstns:ContentName><mstns:ContentDescription>A bug may be closed for several reasons. Once closed, no more work is done on the bug during the current iteration. Valid reasons for closing a bug include that it is fixed, deferred to another release, demonstrated invalid, not reproducible, or a duplicate of a bug already logged. Closing bugs usually occurs during triage or to verify a fix.</mstns:ContentDescription><mstns:ContentLink>
            </mstns:ContentLink><mstns:Parts><mstns:Part PartType="Step"><mstns:PartName>Verify a Fix</mstns:PartName><mstns:Sequence>1</mstns:Sequence><mstns:isRequired>true</mstns:isRequired><mstns:PartDescription>Attempt to reproduce the bug.</mstns:PartDescription><mstns:PartDescription>Look for unexplained behavior.</mstns:PartDescription><mstns:PartDescription>Get more information on the bug.</mstns:PartDescription><mstns:PartDescription>Reassign the bug.</mstns:PartDescription></mstns:Part><mstns:Part PartType="Step"><mstns:PartName>Close the Bug</mstns:PartName><mstns:Sequence>2</mstns:Sequence><mstns:isRequired>true</mstns:isRequired><mstns:PartDescription>Confirm the bug is a duplicate.</mstns:PartDescription><mstns:PartDescription>Report the bug is not fixed.</mstns:PartDescription><mstns:PartDescription>Report the bug fixed.</mstns:PartDescription></mstns:Part></mstns:Parts><mstns:RACI><mstns:RACIItem RACIType="Responsible"><mstns:RoleName>Tester</mstns:RoleName><mstns:RACIDescription>Tester</mstns:RACIDescription></mstns:RACIItem></mstns:RACI><mstns:CrossReference><mstns:CrossReferenceItem CrossType="WorkItem"><mstns:CrossName>Bug</mstns:CrossName><mstns:CrossLink>
                    </mstns:CrossLink><mstns:CrossDescription>
                    </mstns:CrossDescription></mstns:CrossReferenceItem><mstns:CrossReferenceItem CrossType="WorkProduct-VS"><mstns:CrossName>Manual Test</mstns:CrossName><mstns:CrossLink>
                    </mstns:CrossLink><mstns:CrossDescription>
                    </mstns:CrossDescription></mstns:CrossReferenceItem><mstns:CrossReferenceItem CrossType="WorkProduct-VS"><mstns:CrossName>Load Test</mstns:CrossName><mstns:CrossLink>
                    </mstns:CrossLink><mstns:CrossDescription>
                    </mstns:CrossDescription></mstns:CrossReferenceItem><mstns:CrossReferenceItem CrossType="WorkProduct-VS"><mstns:CrossName>Web Test</mstns:CrossName><mstns:CrossLink>
                    </mstns:CrossLink><mstns:CrossDescription>
                    </mstns:CrossDescription></mstns:CrossReferenceItem></mstns:CrossReference><mstns:When>
            </mstns:When><mstns:Dependencies><mstns:DependencyItem><mstns:DependencyName>
                    </mstns:DependencyName><mstns:DependencyDescription>The bug is set to a resolved state and appears in the build notes of a team build.</mstns:DependencyDescription></mstns:DependencyItem><mstns:DependencyItem>
										<mstns:DependencyName></mstns:DependencyName>
										<mstns:DependencyDescription>The bug has been identified in triage as not worth fixing in this release.</mstns:DependencyDescription>
									</mstns:DependencyItem></mstns:Dependencies><mstns:CMMI><mstns:CMMIItem><mstns:CMMILevel>
                    </mstns:CMMILevel><mstns:CMMIProcessArea>
                    </mstns:CMMIProcessArea><mstns:CMMIGoal>
                    </mstns:CMMIGoal><mstns:CMMIPractice>
                    </mstns:CMMIPractice></mstns:CMMIItem></mstns:CMMI><mstns:Criteria><mstns:CriteriaItem CriteriaType="Exit"><mstns:CriteriaName>The bug is closed with the appropriate reason code.</mstns:CriteriaName><mstns:CriteriaDescription>The bug is closed with the appropriate reason code.</mstns:CriteriaDescription><mstns:WorkProductName>
                    </mstns:WorkProductName></mstns:CriteriaItem></mstns:Criteria></mstns:ContentItem><mstns:ContentItem ContentType="Activity"><mstns:ContentOrder>
            </mstns:ContentOrder><mstns:ContentName>Verify a Fix</mstns:ContentName><mstns:ContentDescription>Verifying a fix checks that the bug has been fixed correctly and does not break any existing functionality. After a bug has been fixed by a developer, it is up to the tester to verify that the test case now runs successfully. If the test case runs successfully, the bug can be closed. Otherwise, the bug is reassigned back to the developer.</mstns:ContentDescription><mstns:ContentLink>
            </mstns:ContentLink><mstns:Parts><mstns:Part PartType="Step"><mstns:PartName>Attempt to Reproduce the Bug</mstns:PartName><mstns:Sequence>1</mstns:Sequence><mstns:isRequired>true</mstns:isRequired><mstns:PartDescription>Follow the steps as originally reported in the bug description to attempt to reproduce the bug.</mstns:PartDescription></mstns:Part><mstns:Part PartType="Step"><mstns:PartName>Look for Unexpected Behavior</mstns:PartName><mstns:Sequence>2</mstns:Sequence><mstns:isRequired>true</mstns:isRequired><mstns:PartDescription>Exercise adjacent functionality and attempt to find unexpected behavior around the bug. This is especially important if the development task was not implemented completely.</mstns:PartDescription></mstns:Part><mstns:Part PartType="Step"><mstns:PartName>Get More Information about the Bug</mstns:PartName><mstns:Sequence>3</mstns:Sequence><mstns:isRequired>false</mstns:isRequired><mstns:PartDescription>If the bug description is unclear or missing information, inquire with the developer or submitter for more information.</mstns:PartDescription></mstns:Part><mstns:Part PartType="Step"><mstns:PartName>Reassign the Bug</mstns:PartName><mstns:Sequence>4</mstns:Sequence><mstns:isRequired>true</mstns:isRequired><mstns:PartDescription>If the test case does not run successfully, the bug is reassigned back to the developer.</mstns:PartDescription></mstns:Part></mstns:Parts><mstns:RACI><mstns:RACIItem RACIType="Responsible"><mstns:RoleName>Tester</mstns:RoleName><mstns:RACIDescription>Tester</mstns:RACIDescription></mstns:RACIItem></mstns:RACI><mstns:CrossReference><mstns:CrossReferenceItem CrossType="Cycles"><mstns:CrossName>Accepted Build</mstns:CrossName><mstns:CrossLink>
                    </mstns:CrossLink><mstns:CrossDescription>
                    </mstns:CrossDescription></mstns:CrossReferenceItem><mstns:CrossReferenceItem CrossType="Tracks"><mstns:CrossName>Stabilize</mstns:CrossName><mstns:CrossLink>
                    </mstns:CrossLink><mstns:CrossDescription>
                    </mstns:CrossDescription></mstns:CrossReferenceItem><mstns:CrossReferenceItem CrossType="WorkItem"><mstns:CrossName>Bug</mstns:CrossName><mstns:CrossLink>
                    </mstns:CrossLink><mstns:CrossDescription>Resolved</mstns:CrossDescription></mstns:CrossReferenceItem><mstns:CrossReferenceItem CrossType="NextStep"><mstns:CrossName>Close the Bug</mstns:CrossName><mstns:CrossLink>
                    </mstns:CrossLink><mstns:CrossDescription>Close the Bug</mstns:CrossDescription></mstns:CrossReferenceItem></mstns:CrossReference><mstns:When>
            </mstns:When><mstns:Dependencies><mstns:DependencyItem><mstns:DependencyName>
                    </mstns:DependencyName><mstns:DependencyDescription>The build that fixes the bug is identified.</mstns:DependencyDescription></mstns:DependencyItem><mstns:DependencyItem>
										<mstns:DependencyName></mstns:DependencyName>
										<mstns:DependencyDescription>The test cases that exercise functionality related to the bug are identified.</mstns:DependencyDescription>
									</mstns:DependencyItem></mstns:Dependencies><mstns:CMMI></mstns:CMMI><mstns:Criteria><mstns:CriteriaItem CriteriaType="Exit"><mstns:CriteriaName>The bug is reassigned or closed in the bug tracking system with an updated description.</mstns:CriteriaName><mstns:CriteriaDescription>The bug is reassigned or closed with an updated description in the bug tracking system.</mstns:CriteriaDescription></mstns:CriteriaItem></mstns:Criteria></mstns:ContentItem><mstns:ContentItem ContentType="Activity"><mstns:ContentOrder>
            </mstns:ContentOrder><mstns:ContentName>Close the Bug</mstns:ContentName><mstns:ContentDescription>A bug is closed for many reasons. Often bugs are corrected by the developer then marked resolved and finally closed by the project manager. Bugs are closed for various reasons: deferred to another release, deemed invalid, proven not to be reproducible, or confirmed as a duplicate.</mstns:ContentDescription><mstns:ContentLink>
            </mstns:ContentLink><mstns:Parts><mstns:Part PartType="Step"><mstns:PartName>Update Bug to Duplicate</mstns:PartName><mstns:Sequence>1</mstns:Sequence><mstns:isRequired>false</mstns:isRequired><mstns:PartDescription>If the bug is a duplicate of an existing bug, update the bug description to reference the existing bug.</mstns:PartDescription></mstns:Part><mstns:Part PartType="Step"><mstns:PartName>Update Bug to Not to be Fixed</mstns:PartName><mstns:Sequence>2</mstns:Sequence><mstns:isRequired>false</mstns:isRequired><mstns:PartDescription>If the bug is not to be fixed, update the bug description detailing why. A bug might be reported for a known system constraint or for functionality that is working as designed.</mstns:PartDescription></mstns:Part><mstns:Part PartType="Step"><mstns:PartName>Update Bug to Fixed</mstns:PartName><mstns:Sequence>3</mstns:Sequence><mstns:isRequired>false</mstns:isRequired><mstns:PartDescription>If, after performing the steps to reproduce the bug, it can no longer be reproduced, update the bug with this information and mark the bug as closed.</mstns:PartDescription><mstns:PartDescription>Document the build used to verify the fix in the bug description. This assists in fixing future regressions, as well as aid in identifying bugs detected between the time of the fix and the next released build.</mstns:PartDescription></mstns:Part></mstns:Parts><mstns:RACI><mstns:RACIItem RACIType="Responsible"><mstns:RoleName>Tester</mstns:RoleName><mstns:RACIDescription>Tester</mstns:RACIDescription></mstns:RACIItem></mstns:RACI><mstns:CrossReference><mstns:CrossReferenceItem CrossType="Cycles"><mstns:CrossName>As Needed</mstns:CrossName><mstns:CrossLink>
                    </mstns:CrossLink><mstns:CrossDescription>
                    </mstns:CrossDescription></mstns:CrossReferenceItem><mstns:CrossReferenceItem CrossType="Tracks"><mstns:CrossName>Stabilize</mstns:CrossName><mstns:CrossLink>
                    </mstns:CrossLink><mstns:CrossDescription>
                    </mstns:CrossDescription></mstns:CrossReferenceItem><mstns:CrossReferenceItem CrossType="WorkItem"><mstns:CrossName>Bug</mstns:CrossName><mstns:CrossLink>
                    </mstns:CrossLink><mstns:CrossDescription>Resolved</mstns:CrossDescription></mstns:CrossReferenceItem></mstns:CrossReference><mstns:When>
            </mstns:When><mstns:Dependencies><mstns:DependencyItem><mstns:DependencyName>
                    </mstns:DependencyName><mstns:DependencyDescription>The build with the bug fix is identified and the test that exposed the bug has passed.</mstns:DependencyDescription></mstns:DependencyItem><mstns:DependencyItem>
										<mstns:DependencyName></mstns:DependencyName>
										<mstns:DependencyDescription>The bug has been slated not to be fixed due to time or implementation constraints.</mstns:DependencyDescription>
									</mstns:DependencyItem><mstns:DependencyItem>
										<mstns:DependencyName></mstns:DependencyName>
										<mstns:DependencyDescription>The bug is a duplicate, can not be reproduced or will be deferred to another release.</mstns:DependencyDescription>
									</mstns:DependencyItem></mstns:Dependencies><mstns:CMMI></mstns:CMMI><mstns:Criteria><mstns:CriteriaItem CriteriaType="Exit"><mstns:CriteriaName>The bug is closed in the bug tracking system with a description of the fixed behavior or an explanation of why the bug was not fixed.</mstns:CriteriaName><mstns:CriteriaDescription>The bug is closed in the bug tracking system with a description of the fixed behavior or an explanation of why the bug was not fixed.</mstns:CriteriaDescription></mstns:CriteriaItem></mstns:Criteria></mstns:ContentItem></mstns:Content><mstns:NavStructure><mstns:Menu><mstns:MenuName>
            </mstns:MenuName><mstns:MenuItem><mstns:MenuItemName>
                </mstns:MenuItemName><mstns:MenuItemTransform>
                </mstns:MenuItemTransform><mstns:MenuItemDescription>
                </mstns:MenuItemDescription></mstns:MenuItem></mstns:Menu><mstns:ImageMenu></mstns:ImageMenu><mstns:BulletMenu><mstns:MenuName>
            </mstns:MenuName><mstns:MenuItem><mstns:MenuItemName>
                </mstns:MenuItemName><mstns:MenuItemTransform>
                </mstns:MenuItemTransform><mstns:MenuBulletImage>
                </mstns:MenuBulletImage><mstns:MenuItemDescription>
                </mstns:MenuItemDescription></mstns:MenuItem></mstns:BulletMenu></mstns:NavStructure><mstns:Glossary><mstns:GlossaryName>Glossary</mstns:GlossaryName><mstns:GlossaryItem><mstns:Term>
            </mstns:Term><mstns:Definition>
            </mstns:Definition><mstns:Reference>
            </mstns:Reference></mstns:GlossaryItem></mstns:Glossary><mstns:HelpContextMap><mstns:MapItem><mstns:Keyword>
            </mstns:Keyword><mstns:Context>
            </mstns:Context><mstns:ContentName>
            </mstns:ContentName></mstns:MapItem></mstns:HelpContextMap><mstns:Index><mstns:IndexItem><mstns:Keyword>
            </mstns:Keyword><mstns:ContentName>
            </mstns:ContentName></mstns:IndexItem></mstns:Index></mstns:ProcessGuidance>