<?xml version="1.0" encoding="UTF-8"?><?mso-infoPathSolution PIVersion="1.0.0.0" language="en-us" name="urn:schemas-microsoft-com:office:infopath:template2:http---tempuri-org-XMLSchema-xsd" solutionVersion="1.0.0.162" productVersion="11.0.8034" ?><?mso-application progid="InfoPath.Document"?><mstns:ProcessGuidance xmlns:mstns="http://tempuri.org/XMLSchema.xsd" xmlns:xsi="http://www.w3.org/2001/XMLSchema-instance" xmlns:xhtml="http://www.w3.org/1999/xhtml" xmlns:my="http://schemas.microsoft.com/office/infopath/2003/myXSD/2004-10-13T22:49:49" xmlns:xd="http://schemas.microsoft.com/office/infopath/2003"><mstns:Content><mstns:ContentItem ContentType="Workstream"><mstns:ContentOrder>1</mstns:ContentOrder><mstns:ContentName>Create Solution Architecture</mstns:ContentName><mstns:ContentDescription>A good architecture has a clean and simple internal structure for the major elements of the application. A simple structure reduces the complexity of the application. The architecture may define structural elements that enable the application to better handle changing requirements and allow areas of the application to develop independently. Good architecture also takes advantage of layering to increase structural reliability and decrease time to market. When technology risks pose a threat, prototyping can be used to mitigate those risks and provide greater insight. Finally, security and performance are architectural concerns for which work must be done over the entire system.</mstns:ContentDescription><mstns:ContentLink>
            </mstns:ContentLink><mstns:Parts><mstns:Part PartType="Step"><mstns:PartName>Partition the System</mstns:PartName><mstns:Sequence>1</mstns:Sequence><mstns:isRequired>true</mstns:isRequired><mstns:PartDescription>Choose architectural patterns.</mstns:PartDescription><mstns:PartDescription>Create or update applications, endpoints, and connections.</mstns:PartDescription><mstns:PartDescription>Validate the deployment.</mstns:PartDescription><mstns:PartDescription>Create development tasks for architectural changes.</mstns:PartDescription></mstns:Part><mstns:Part PartType="Step"><mstns:PartName>Determine Interfaces</mstns:PartName><mstns:Sequence>2</mstns:Sequence><mstns:isRequired>true</mstns:isRequired><mstns:PartDescription>Design the interfaces.</mstns:PartDescription><mstns:PartDescription>Define Web service interfaces.</mstns:PartDescription><mstns:PartDescription>Create class interfaces.</mstns:PartDescription></mstns:Part><mstns:Part PartType="Step"><mstns:PartName>Develop Threat Model</mstns:PartName><mstns:Sequence>3</mstns:Sequence><mstns:isRequired>true</mstns:isRequired><mstns:PartDescription>Create an application overview.</mstns:PartDescription><mstns:PartDescription>Partition your application.</mstns:PartDescription><mstns:PartDescription>Identify the threats.</mstns:PartDescription><mstns:PartDescription>Identify vulnerabilities.</mstns:PartDescription></mstns:Part><mstns:Part PartType="Step"><mstns:PartName>Develop Performance Model</mstns:PartName><mstns:Sequence>4</mstns:Sequence><mstns:isRequired>true</mstns:isRequired><mstns:PartDescription>Review the quality of service requirement.</mstns:PartDescription><mstns:PartDescription>Identify the workload.</mstns:PartDescription><mstns:PartDescription>Identify the performance objective.</mstns:PartDescription><mstns:PartDescription>Identify the performance budget.</mstns:PartDescription><mstns:PartDescription>Allocate the budget.</mstns:PartDescription><mstns:PartDescription>Evaluate the budget.</mstns:PartDescription><mstns:PartDescription>Validate the model.</mstns:PartDescription></mstns:Part><mstns:Part PartType="Step"><mstns:PartName>Create Architectural Prototype</mstns:PartName><mstns:Sequence>5</mstns:Sequence><mstns:isRequired>true</mstns:isRequired><mstns:PartDescription>Examine risks.</mstns:PartDescription><mstns:PartDescription>Plan the approach.</mstns:PartDescription><mstns:PartDescription>Build and execute the prototype.</mstns:PartDescription></mstns:Part><mstns:Part PartType="Step"><mstns:PartName>Create Infrastructure Architecture</mstns:PartName><mstns:Sequence>6</mstns:Sequence><mstns:isRequired>true</mstns:isRequired><mstns:PartDescription>
                        <span xmlns="http://www.w3.org/1999/xhtml">Map the solution architecture. </span>
                    </mstns:PartDescription><mstns:PartDescription>
                        <span xmlns="http://www.w3.org/1999/xhtml">Adjust to the solution architecture.<font style="FONT-SIZE: 12pt"> </font></span>
                    </mstns:PartDescription></mstns:Part></mstns:Parts><mstns:RACI><mstns:RACIItem RACIType="Responsible"><mstns:RoleName>Architect</mstns:RoleName><mstns:RACIDescription>Architect</mstns:RACIDescription></mstns:RACIItem></mstns:RACI><mstns:Verification></mstns:Verification><mstns:CrossReference><mstns:CrossReferenceItem CrossType="NextStep"><mstns:CrossName>Implement a Development Task</mstns:CrossName><mstns:CrossLink>
                    </mstns:CrossLink><mstns:CrossDescription>Threat Modeling</mstns:CrossDescription></mstns:CrossReferenceItem><mstns:CrossReferenceItem CrossType="PatternPractices"><mstns:CrossName>Security Review</mstns:CrossName><mstns:CrossLink>http://go.microsoft.com/fwlink/?linkid=40652&amp;clcid=0x409</mstns:CrossLink><mstns:CrossDescription>
                    </mstns:CrossDescription></mstns:CrossReferenceItem><mstns:CrossReferenceItem CrossType="PatternPractices"><mstns:CrossName>Performance Review</mstns:CrossName><mstns:CrossLink>http://go.microsoft.com/fwlink/?linkid=40653&amp;clcid=0x409</mstns:CrossLink><mstns:CrossDescription>
                    </mstns:CrossDescription></mstns:CrossReferenceItem><mstns:CrossReferenceItem CrossType="NextStep"><mstns:CrossName>Identify Security Objectives</mstns:CrossName><mstns:CrossLink>
                    </mstns:CrossLink><mstns:CrossDescription>
                    </mstns:CrossDescription></mstns:CrossReferenceItem></mstns:CrossReference><mstns:When>
            </mstns:When><mstns:Dependencies><mstns:DependencyItem><mstns:DependencyName>
                    </mstns:DependencyName><mstns:DependencyDescription>A set of written scenarios have been added to the iteration plan that require changes to the application diagram.</mstns:DependencyDescription></mstns:DependencyItem><mstns:DependencyItem><mstns:DependencyName>
                    </mstns:DependencyName><mstns:DependencyDescription>A security objective has been created or is in place that relates to the new scenarios, quality of service requirements, or architecture changes. </mstns:DependencyDescription></mstns:DependencyItem><mstns:DependencyItem><mstns:DependencyName>
                    </mstns:DependencyName><mstns:DependencyDescription>A technical risk has been identified and is scheduled for mitigation during this iteration.</mstns:DependencyDescription></mstns:DependencyItem></mstns:Dependencies><mstns:Criteria><mstns:CriteriaItem CriteriaType="Exit"><mstns:CriteriaName>The Application Diagram has been saved and checked in. If the solution architecture needs to be proven, a prototype has validated the identified subsystems, the interfaces between them and any key user interactions.</mstns:CriteriaName><mstns:CriteriaDescription>The application diagram has been saved and checked in. If the solution architecture needs to be proven, an architectural prototype has validated key scenarios and quality of service requirements against the identified applications and the connections between them.</mstns:CriteriaDescription></mstns:CriteriaItem><mstns:CriteriaItem CriteriaType="Exit"><mstns:CriteriaName>Architectural prototypes are completed.</mstns:CriteriaName><mstns:CriteriaDescription>If warranted, a prototype is completed that mitigated a technology risk or validated the identified subsystems, the interfaces between them, and any key user interactions.</mstns:CriteriaDescription></mstns:CriteriaItem><mstns:CriteriaItem CriteriaType="Exit"><mstns:CriteriaName>If a security objective has been addressed, any vulnerabilities have been scheduled for this or an upcoming iteration.</mstns:CriteriaName><mstns:CriteriaDescription>If a security objective has been addressed, any vulnerabilities have been scheduled for this or an upcoming iteration.</mstns:CriteriaDescription><mstns:WorkProductName>
                    </mstns:WorkProductName></mstns:CriteriaItem><mstns:CriteriaItem CriteriaType="Exit"><mstns:CriteriaName>If the deployment environment has been determined, the logical datacenter diagram reflects the current deployment environment.</mstns:CriteriaName><mstns:CriteriaLink>
                    </mstns:CriteriaLink><mstns:CriteriaDescription>If the deployment environment has been determined, the saved and checked in logical datacenter diagram reflects the current deployment environment.</mstns:CriteriaDescription><mstns:WorkProductName>
                    </mstns:WorkProductName></mstns:CriteriaItem></mstns:Criteria></mstns:ContentItem><mstns:ContentItem ContentType="Activity"><mstns:ContentOrder>
            </mstns:ContentOrder><mstns:ContentName>Partition the System</mstns:ContentName><mstns:ContentDescription>Applications are partitions of a distributed system that contain logically related code elements and deliver a subset of the system’s overall behavior. Partitioning the system has many benefits. It reduces complexity, creates encapsulation, increases the potential for subsystem reuse, and creates logical units for deployment. Complete implementations are not needed all at once. To create an agile architecture, MSF utilizes shadowing. A shadow is an architecture for the functionality to be completed in the iteration. The shadow leads the working code at the beginning of an iteration as the architects get out in front of the development for the iteration. During this time, the architecture and the working code are not in sync. This shadow communicates any re-architecting or redesign that needs to occur to keep the code base from becoming a stove pipe, spaghetti code, or one of the many other architectural anti-patterns. As the pieces of the leading shadow are implemented, the architecture begins to reflect the working code base. The original parts of the system that were architected but not implemented, now become implemented. When the architecture represents the working code, we call the shadow a trailing shadow. As the sun sets on the iteration, all of the leading shadow should be gone and replaced strictly by trailing shadow. The trailing shadow is an accumulation of the architectures over all of the iterations. To keep architecture from becoming too detailed, we recommend that it be focused at the component and deployment levels. Add the applications necessary to maintain the functionality called for by scheduled scenarios, quality of service requirements, and bugs. At the beginning of the iteration, add the development tasks to refactor the code to match the new architecture as required. If necessary, validate the new structure with an architectural prototype.</mstns:ContentDescription><mstns:ContentLink>
            </mstns:ContentLink><mstns:Parts><mstns:Part PartType="Step"><mstns:PartName>Choose Architectural Patterns</mstns:PartName><mstns:Sequence>1</mstns:Sequence><mstns:isRequired>true</mstns:isRequired><mstns:PartDescription>If the system is to be deployed to an existing environment, examine a logical datacenter diagram to understand the logical deployment topology. If no datacenter diagram exists, create one.</mstns:PartDescription><mstns:PartDescription>Consider the system topology patterns that would make implementing the system as efficient and as effective as possible for the existing deployment environment. If the physical system deployment environment does not exist, delay defining such an environment until enough of the architecture is in place to make an educated decision. Use a logical datacenter diagram to describe a logical deployment topology which can later be used to design or map to an existing deployment topology.</mstns:PartDescription></mstns:Part><mstns:Part PartType="Step"><mstns:PartName>Create Applications</mstns:PartName><mstns:Sequence>2</mstns:Sequence><mstns:isRequired>true</mstns:isRequired><mstns:PartDescription>
                        <div style="PADDING-RIGHT: 0in; MARGIN-TOP: 0in; PADDING-LEFT: 0in; MARGIN-BOTTOM: 0pt" xmlns="http://www.w3.org/1999/xhtml">Within the application diagram, create a leading shadow or the equivalent of the system topology chosen. Create a system diagram from the shadow applications and add proxy endpoints for all of the unimplemented endpoints.</div>
                    </mstns:PartDescription><mstns:PartDescription>Create or update only the applications, connections, and endpoints necessary to implement the scenarios or quality of service requirements for the upcoming or in-progress iteration. Create shadow applications in a system diagram and add any unimplemented proxy endpoints. </mstns:PartDescription><mstns:PartDescription>Add dependencies on services provided by other systems. Look for external interfaces (Web services) or databases that the solution relies upon. </mstns:PartDescription></mstns:Part><mstns:Part PartType="Step"><mstns:PartName>Validate Deployment</mstns:PartName><mstns:Sequence>3</mstns:Sequence><mstns:isRequired>true</mstns:isRequired><mstns:PartDescription>Once the application diagram reflects the architecture for this iteration and the deployment environment has been defined, validate the deployment. From the application diagram, choose the define deployment option. Map any new applications to their respective logical servers.</mstns:PartDescription><mstns:PartDescription>Validate the diagram and correct any validation errors that come up.</mstns:PartDescription></mstns:Part><mstns:Part PartType="Step"><mstns:PartName>Create Development Tasks for Architectural Changes</mstns:PartName><mstns:Sequence>4</mstns:Sequence><mstns:isRequired>true</mstns:isRequired><mstns:PartDescription>Create new development tasks to implement the leading shadow and for any refactoring that needs to occur to move existing functionality to a new application. </mstns:PartDescription><mstns:PartDescription>Check in the application and system diagrams for the tasks and attach the relevant diagrams to the tasks.</mstns:PartDescription></mstns:Part></mstns:Parts><mstns:RACI><mstns:RACIItem RACIType="Responsible"><mstns:RoleName>Architect</mstns:RoleName><mstns:RACIDescription>Architect</mstns:RACIDescription></mstns:RACIItem><mstns:RACIItem RACIType="Consulted"><mstns:RoleName>Developer</mstns:RoleName><mstns:RACIDescription>
                    </mstns:RACIDescription></mstns:RACIItem></mstns:RACI><mstns:Verification></mstns:Verification><mstns:CrossReference><mstns:CrossReferenceItem CrossType="WorkProduct-VS"><mstns:CrossName>Application Diagram</mstns:CrossName><mstns:CrossLink>
                    </mstns:CrossLink><mstns:CrossDescription>
                    </mstns:CrossDescription></mstns:CrossReferenceItem><mstns:CrossReferenceItem CrossType="WorkProduct-VS">
									<mstns:CrossName>System Diagram</mstns:CrossName>
									<mstns:CrossLink></mstns:CrossLink>
									<mstns:CrossDescription></mstns:CrossDescription>
								</mstns:CrossReferenceItem><mstns:CrossReferenceItem CrossType="Cycles"><mstns:CrossName>Iteration</mstns:CrossName><mstns:CrossLink>
                    </mstns:CrossLink><mstns:CrossDescription>
                    </mstns:CrossDescription></mstns:CrossReferenceItem><mstns:CrossReferenceItem CrossType="Tracks"><mstns:CrossName>Build</mstns:CrossName><mstns:CrossLink>
                    </mstns:CrossLink><mstns:CrossDescription>
                    </mstns:CrossDescription></mstns:CrossReferenceItem><mstns:CrossReferenceItem CrossType="SeeAlso"><mstns:CrossName>Designing Distributed Systems</mstns:CrossName><mstns:CrossLink>http://go.microsoft.com/fwlink/?LinkId=41961</mstns:CrossLink><mstns:CrossDescription>
                    </mstns:CrossDescription></mstns:CrossReferenceItem><mstns:CrossReferenceItem CrossType="SeeAlso"><mstns:CrossName>How To: Create a Shadow Application</mstns:CrossName><mstns:CrossLink>
                    </mstns:CrossLink><mstns:CrossDescription>How To: Create a Shadow Application</mstns:CrossDescription></mstns:CrossReferenceItem><mstns:CrossReferenceItem CrossType="NextStep"><mstns:CrossName>Determine Interfaces</mstns:CrossName><mstns:CrossLink>
                    </mstns:CrossLink><mstns:CrossDescription>Determine Interfaces</mstns:CrossDescription></mstns:CrossReferenceItem><mstns:CrossReferenceItem CrossType="NextStep"><mstns:CrossName>Develop Threat Model</mstns:CrossName><mstns:CrossLink>
                    </mstns:CrossLink><mstns:CrossDescription>Develop Threat Model</mstns:CrossDescription></mstns:CrossReferenceItem><mstns:CrossReferenceItem CrossType="NextStep"><mstns:CrossName>Write Code for a Development Task</mstns:CrossName><mstns:CrossLink>
                    </mstns:CrossLink><mstns:CrossDescription>
                    </mstns:CrossDescription></mstns:CrossReferenceItem><mstns:CrossReferenceItem CrossType="NextStep"><mstns:CrossName>Code the Fix for a Bug</mstns:CrossName><mstns:CrossLink>
                    </mstns:CrossLink><mstns:CrossDescription>
                    </mstns:CrossDescription></mstns:CrossReferenceItem><mstns:CrossReferenceItem CrossType="SeeAlso"><mstns:CrossName>Create Infrastructure Architecture</mstns:CrossName><mstns:CrossLink>
                    </mstns:CrossLink><mstns:CrossDescription>Create Infrastructure Architecture</mstns:CrossDescription></mstns:CrossReferenceItem><mstns:CrossReferenceItem CrossType="PatternPractices"><mstns:CrossName>Enterprise Architecture</mstns:CrossName><mstns:CrossLink>http://go.microsoft.com/fwlink/?LinkId=49506</mstns:CrossLink><mstns:CrossDescription>
                    </mstns:CrossDescription></mstns:CrossReferenceItem><mstns:CrossReferenceItem CrossType="PatternPractices"><mstns:CrossName>Security Review</mstns:CrossName><mstns:CrossLink>http://go.microsoft.com/fwlink/?LinkId=40652</mstns:CrossLink><mstns:CrossDescription>
                    </mstns:CrossDescription></mstns:CrossReferenceItem><mstns:CrossReferenceItem CrossType="PatternPractices"><mstns:CrossName>Performance Review</mstns:CrossName><mstns:CrossLink>http://go.microsoft.com/fwlink/?LinkId=40653</mstns:CrossLink><mstns:CrossDescription>
                    </mstns:CrossDescription></mstns:CrossReferenceItem></mstns:CrossReference><mstns:When>
            </mstns:When><mstns:Dependencies><mstns:DependencyItem><mstns:DependencyName>
                    </mstns:DependencyName><mstns:DependencyDescription>A set of scenarios and quality of service requirements is scheduled for the upcoming iteration that impacts the application diagram.</mstns:DependencyDescription></mstns:DependencyItem></mstns:Dependencies><mstns:CMMI></mstns:CMMI><mstns:Criteria><mstns:CriteriaItem CriteriaType="Exit"><mstns:CriteriaName>Updates to the applications and their connections are documented in the application diagram.</mstns:CriteriaName><mstns:CriteriaDescription>Updates to the applications and their connections are documented in the application diagram.</mstns:CriteriaDescription><mstns:WorkProductName>
                    </mstns:WorkProductName></mstns:CriteriaItem><mstns:CriteriaItem CriteriaType="Exit"><mstns:CriteriaName>If the logical datacenter diagram has been created, the deployment has been trialed and any validation errors are corrected.</mstns:CriteriaName><mstns:CriteriaLink>
                    </mstns:CriteriaLink><mstns:CriteriaDescription>If the logical datacenter diagram has been created, the deployment has been trialed and any validation errors are corrected.</mstns:CriteriaDescription><mstns:WorkProductName>
                    </mstns:WorkProductName></mstns:CriteriaItem></mstns:Criteria></mstns:ContentItem><mstns:ContentItem ContentType="Activity"><mstns:ContentOrder>
            </mstns:ContentOrder><mstns:ContentName>Determine Interfaces</mstns:ContentName><mstns:ContentDescription>
                <span xmlns="http://www.w3.org/1999/xhtml">Systems can be developed in parallel when interfaces are determined and before development begins. Often insufficient detail exists at the beginning of an iteration to understand all of the necessary components of an interface. Therefore, defer the development of interfaces until absolutely necessary. Even after interfaces are defined change occurs in the project. Determining the interfaces helps with the integration of systems as well as with the changes from implementing development tasks. The highest level and external interfaces for the system are reflected in the application diagrams.</span>
            </mstns:ContentDescription><mstns:ContentLink>
            </mstns:ContentLink><mstns:Parts><mstns:Part PartType="Step"><mstns:PartName>Design the Interface</mstns:PartName><mstns:Sequence>1</mstns:Sequence><mstns:isRequired>true</mstns:isRequired><mstns:PartDescription>Determine the interface flow for the scenario or quality of service requirement. Look at the requirements for interfacing with external systems. </mstns:PartDescription><mstns:PartDescription>Identify the protocol for each information flow. Some interfaces require more that just a single call. Instead, packets flow through the interfaces in the form of a protocol. Understanding this protocol is important to synchronizing the communication between the systems.</mstns:PartDescription></mstns:Part><mstns:Part PartType="Step"><mstns:PartName>Define Web Service Interfaces</mstns:PartName><mstns:Sequence>2</mstns:Sequence><mstns:isRequired>true</mstns:isRequired><mstns:PartDescription>
                        <div xmlns="http://www.w3.org/1999/xhtml">
                            <span>Choose the endpoint of a Web service in the application diagram. Define the operation and provide the operation information such as name, return type, and parameters. Make sure the properties reflect the correct language and destination. Generate the stub of the code for the new Web service.</span>
                        </div>
                    </mstns:PartDescription><mstns:PartDescription>Save the application diagram and check it into version control.</mstns:PartDescription></mstns:Part><mstns:Part PartType="Step"><mstns:PartName>Create Class Interfaces</mstns:PartName><mstns:Sequence>3</mstns:Sequence><mstns:isRequired>true</mstns:isRequired><mstns:PartDescription>Work with the developers to define methods in the classes that provide interfaces between developers. Utilize the class diagram to check consistency of the classes and the new methods.</mstns:PartDescription><mstns:PartDescription>Work with developers to help facilitate the integration of development tasks. Check that all assumptions on the integration are understood. Order development tasks to facilitate building one on another to make integration more seamless.</mstns:PartDescription></mstns:Part></mstns:Parts><mstns:RACI><mstns:RACIItem RACIType="Responsible"><mstns:RoleName>Architect</mstns:RoleName><mstns:RACIDescription>Architect</mstns:RACIDescription></mstns:RACIItem><mstns:RACIItem RACIType="Consulted"><mstns:RoleName>Developer</mstns:RoleName><mstns:RACIDescription>
                    </mstns:RACIDescription></mstns:RACIItem></mstns:RACI><mstns:Verification></mstns:Verification><mstns:CrossReference><mstns:CrossReferenceItem CrossType="WorkProduct-VS"><mstns:CrossName>Application Diagram</mstns:CrossName><mstns:CrossLink>
                    </mstns:CrossLink><mstns:CrossDescription>
                    </mstns:CrossDescription></mstns:CrossReferenceItem><mstns:CrossReferenceItem CrossType="Cycles"><mstns:CrossName>Iteration</mstns:CrossName><mstns:CrossLink>
                    </mstns:CrossLink><mstns:CrossDescription>
                    </mstns:CrossDescription></mstns:CrossReferenceItem><mstns:CrossReferenceItem CrossType="Tracks"><mstns:CrossName>Build</mstns:CrossName><mstns:CrossLink>
                    </mstns:CrossLink><mstns:CrossDescription>
                    </mstns:CrossDescription></mstns:CrossReferenceItem><mstns:CrossReferenceItem CrossType="NextStep"><mstns:CrossName>Write Code for a Development Task</mstns:CrossName><mstns:CrossLink>
                    </mstns:CrossLink><mstns:CrossDescription>Write Code for a Development Task</mstns:CrossDescription></mstns:CrossReferenceItem><mstns:CrossReferenceItem CrossType="NextStep"><mstns:CrossName>Code the Fix for a Bug</mstns:CrossName><mstns:CrossLink>
                    </mstns:CrossLink><mstns:CrossDescription>Code the Fix for a Bug</mstns:CrossDescription></mstns:CrossReferenceItem></mstns:CrossReference><mstns:When>
            </mstns:When><mstns:Dependencies><mstns:DependencyItem><mstns:DependencyName>
                    </mstns:DependencyName><mstns:DependencyDescription>The application diagram reflects the applications, connections, and endpoints for the current set of scenarios and quality of service requirements.</mstns:DependencyDescription></mstns:DependencyItem></mstns:Dependencies><mstns:CMMI></mstns:CMMI><mstns:Criteria><mstns:CriteriaItem CriteriaType="Exit"><mstns:CriteriaName>The interface definitions have sufficient detail for developers to proceed with design and implementation.</mstns:CriteriaName><mstns:CriteriaDescription>The interface definitions have sufficient detail for developers to proceed with design and implementation.</mstns:CriteriaDescription></mstns:CriteriaItem></mstns:Criteria></mstns:ContentItem><mstns:ContentItem ContentType="Activity"><mstns:ContentOrder>
            </mstns:ContentOrder><mstns:ContentName>Develop Threat Model</mstns:ContentName><mstns:ContentDescription>A threat model documents the known security threats and describes how to address them. Threat modeling is part of a structured approach to identifying and rating threats most likely to affect the system. With a solid threat model, threats are addressed in order of greatest risk with appropriate countermeasures. Build a threat model early and then update it as the system and solution architectures evolve. Review the threats with the business analyst to create security requirements.</mstns:ContentDescription><mstns:ContentLink>
            </mstns:ContentLink><mstns:Parts><mstns:Part PartType="Step"><mstns:PartName>Create an Application Overview</mstns:PartName><mstns:Sequence>1</mstns:Sequence><mstns:isRequired>true</mstns:isRequired><mstns:PartDescription>Identify the scenarios that relate to the security objective. Examine each scenario for possibilities where the business rules could be misused. Look at the scenarios that relate to the security objective to look for potential areas between the scenarios that may lead to vulnerability.</mstns:PartDescription><mstns:PartDescription>Identify specific technologies used in the solution. Identifying these technologies will help you focus on technology-specific threats. It also helps you determine the correct and most appropriate mitigation techniques.</mstns:PartDescription><mstns:PartDescription>Identify any key points that you know about authentication, authorization, input validation, configuration management, sensitive data, session management, cryptography, parameter manipulation, exception management, auditing and logging. Determine which areas of the product authentication and authorization.</mstns:PartDescription></mstns:Part><mstns:Part PartType="Step"><mstns:PartName>Partition Your Application</mstns:PartName><mstns:Sequence>2</mstns:Sequence><mstns:isRequired>true</mstns:isRequired><mstns:PartDescription>Identify the trust boundaries of your application. Add new zones to the logical datacenter diagram to reflect these boundaries. For each subsystem, consider whether the upstream data flows or user input is trusted. If the input is not trusted, consider how the data flows can be authenticated and authorized.</mstns:PartDescription><mstns:PartDescription>Trace your application’s data inputs through the system from entry to exit. Identify data flows between individual subsystems and components. Start at the top and partition the application by analyzing the data flow between individual subsystems. Use the system diagram to understand the component structure.</mstns:PartDescription><mstns:PartDescription>The entry points of your solution also serve as entry points for attacks. Examine the logical datacenter, system, and application diagrams for the interfaces between components crossing trust boundaries. Consider the security levels of exposed entry points.</mstns:PartDescription><mstns:PartDescription>Identify the points within your application where it outputs data to the client. Prioritize the exit points around where you write out data that includes client input or includes data from untrusted sources such as shared databases.</mstns:PartDescription></mstns:Part><mstns:Part PartType="Step"><mstns:PartName>Identify Threats</mstns:PartName><mstns:Sequence>3</mstns:Sequence><mstns:isRequired>true</mstns:isRequired><mstns:PartDescription>
                        <div xmlns="http://www.w3.org/1999/xhtml">For each asset or objective, identify the scenarios that have been implemented so far that relate to that asset. Utilize these scenarios to drive the discussion of how the system will or will not be used. </div>
                    </mstns:PartDescription><mstns:PartDescription>
                        <div xmlns="http://www.w3.org/1999/xhtml">For each entry point, determine how an adversary might try to affect an asset. Utilize the threat template to document these threats. Utilize the STRIDE classification system to predict what the adversary would do and what his goals would be. The STRIDE model classifies threats in Spoofing, Tampering, Repudiation, Information disclosure, Denial of service, and Elevation of privilege. A threat can belong to multiple categories.</div>
                    </mstns:PartDescription><mstns:PartDescription>
                        <div xmlns="http://www.w3.org/1999/xhtml">Analyze the threats to determine which ones are mitigated. Unmitigated threats will become vulnerabilities or quality of service requirements for security.</div>
                    </mstns:PartDescription></mstns:Part><mstns:Part PartType="Step"><mstns:PartName>Identify Vulnerabilities</mstns:PartName><mstns:Sequence>4</mstns:Sequence><mstns:isRequired>true</mstns:isRequired><mstns:PartDescription>Ensure that all parts of the system have been reviewed and that all currently known threat categories have been considered.</mstns:PartDescription><mstns:PartDescription>Review new, changed, or reactivated threats with the appropriate business analyst. Discuss each threat in the context of the scenarios. Describe possible mitigation strategies.</mstns:PartDescription><mstns:PartDescription>Threats evolve over time. Ensure the threat model is updated during each iteration.</mstns:PartDescription></mstns:Part></mstns:Parts><mstns:RACI><mstns:RACIItem RACIType="Responsible"><mstns:RoleName>Architect</mstns:RoleName><mstns:RACIDescription>Architect</mstns:RACIDescription></mstns:RACIItem></mstns:RACI><mstns:Verification></mstns:Verification><mstns:CrossReference><mstns:CrossReferenceItem CrossType="WorkProduct-Word"><mstns:CrossName>Threat Model</mstns:CrossName><mstns:CrossLink>
                    </mstns:CrossLink><mstns:CrossDescription>Roles</mstns:CrossDescription></mstns:CrossReferenceItem><mstns:CrossReferenceItem CrossType="WorkProduct-VS"><mstns:CrossName>Logical Datacenter Diagram</mstns:CrossName><mstns:CrossLink>
                    </mstns:CrossLink><mstns:CrossDescription>
                    </mstns:CrossDescription></mstns:CrossReferenceItem><mstns:CrossReferenceItem CrossType="Cycles"><mstns:CrossName>Iteration</mstns:CrossName><mstns:CrossLink>
                    </mstns:CrossLink><mstns:CrossDescription>
                    </mstns:CrossDescription></mstns:CrossReferenceItem><mstns:CrossReferenceItem CrossType="Qualities of Service"><mstns:CrossName>Security</mstns:CrossName><mstns:CrossLink>
                    </mstns:CrossLink><mstns:CrossDescription>
                    </mstns:CrossDescription></mstns:CrossReferenceItem><mstns:CrossReferenceItem CrossType="Tracks"><mstns:CrossName>Build</mstns:CrossName><mstns:CrossLink>
                    </mstns:CrossLink><mstns:CrossDescription>
                    </mstns:CrossDescription></mstns:CrossReferenceItem><mstns:CrossReferenceItem CrossType="NextStep"><mstns:CrossName>Implement a Development Task</mstns:CrossName><mstns:CrossLink>
                    </mstns:CrossLink><mstns:CrossDescription>Implement a Development Task</mstns:CrossDescription></mstns:CrossReferenceItem><mstns:CrossReferenceItem CrossType="NextStep"><mstns:CrossName>Write Security Tests</mstns:CrossName><mstns:CrossLink>
                    </mstns:CrossLink><mstns:CrossDescription>Write Security Tests</mstns:CrossDescription></mstns:CrossReferenceItem><mstns:CrossReferenceItem CrossType="PatternPractices"><mstns:CrossName>Threat Modeling</mstns:CrossName><mstns:CrossLink>http://go.microsoft.com/fwlink/?LinkId=41072</mstns:CrossLink><mstns:CrossDescription>
                    </mstns:CrossDescription></mstns:CrossReferenceItem><mstns:CrossReferenceItem CrossType="PatternPractices"><mstns:CrossName>Threat Modeling Web Applications</mstns:CrossName><mstns:CrossLink>http://go.microsoft.com/fwlink/?LinkId=47742</mstns:CrossLink><mstns:CrossDescription>
                    </mstns:CrossDescription></mstns:CrossReferenceItem></mstns:CrossReference><mstns:When>New security objectives or scenarios related to existing security objectives have been scheduled to be implemented in the upcoming iteration.</mstns:When><mstns:Dependencies><mstns:DependencyItem><mstns:DependencyName>
                    </mstns:DependencyName><mstns:DependencyDescription>The logical datacenter diagram is current.</mstns:DependencyDescription></mstns:DependencyItem></mstns:Dependencies><mstns:CMMI></mstns:CMMI><mstns:Criteria><mstns:CriteriaItem CriteriaType="Exit"><mstns:CriteriaName>Threats to the solution under development are identified, documented, and rated.</mstns:CriteriaName><mstns:CriteriaDescription>Threats to the solution under development are identified, documented, and rated.</mstns:CriteriaDescription></mstns:CriteriaItem><mstns:CriteriaItem CriteriaType="Exit"><mstns:CriteriaName>Architects, developers, and testers can use the model to design, implement, and test effective and relevant countermeasures.</mstns:CriteriaName><mstns:CriteriaDescription>Architects, developers, and testers can use the model to design, implement, and test effective and relevant countermeasures.</mstns:CriteriaDescription></mstns:CriteriaItem></mstns:Criteria></mstns:ContentItem><mstns:ContentItem ContentType="Activity"><mstns:ContentOrder>
            </mstns:ContentOrder><mstns:ContentName>Develop Performance Model</mstns:ContentName><mstns:ContentDescription>Performance modeling is a process to help identify and address potential performance issues in the application. A performance model is developed from a quality of service requirement, which is then broken into development tasks. Each development task is assigned a performance budget for implementation.</mstns:ContentDescription><mstns:ContentLink>
            </mstns:ContentLink><mstns:Parts><mstns:Part PartType="Step"><mstns:PartName>Review the Quality of Service Requirement</mstns:PartName><mstns:Sequence>1</mstns:Sequence><mstns:isRequired>true</mstns:isRequired><mstns:PartDescription>Identify the scenarios linked to the performance quality of service requirement.</mstns:PartDescription><mstns:PartDescription>Map the development tasks to the scenarios.</mstns:PartDescription></mstns:Part><mstns:Part PartType="Step"><mstns:PartName>Identify Workload</mstns:PartName><mstns:Sequence>2</mstns:Sequence><mstns:isRequired>true</mstns:isRequired><mstns:PartDescription>From the quality of service requirements list, determine the workload for the application.</mstns:PartDescription></mstns:Part><mstns:Part PartType="Step"><mstns:PartName>Identify Performance Objectives</mstns:PartName><mstns:Sequence>3</mstns:Sequence><mstns:isRequired>true</mstns:isRequired><mstns:PartDescription>Using the workload estimates and the quality of service requirements list, identify the performance objectives for each of the key scenarios. These include objectives such as response time, throughput, and resource use.</mstns:PartDescription></mstns:Part><mstns:Part PartType="Step"><mstns:PartName>Identify Performance Budget</mstns:PartName><mstns:Sequence>4</mstns:Sequence><mstns:isRequired>true</mstns:isRequired><mstns:PartDescription>Identify the performance related resources budgeted to meet the performance objectives. Some examples of performance related resources are execution time and network bandwidth.</mstns:PartDescription><mstns:PartDescription>Determine the maximum allowable allocation of each resource.</mstns:PartDescription></mstns:Part><mstns:Part PartType="Step"><mstns:PartName>Allocate Budget</mstns:PartName><mstns:Sequence>5</mstns:Sequence><mstns:isRequired>true</mstns:isRequired><mstns:PartDescription>Spread the budgeted resources across the processing steps for each scenario.</mstns:PartDescription><mstns:PartDescription>When unsure of how to allocate the budget, make best guesses or divide the resources evenly among the steps. Budgeting is refined as the actual values for the tasks are validated.</mstns:PartDescription><mstns:PartDescription>Describe the allocation in the appropriate development task work item. Use the description field to concretely describe the budget.</mstns:PartDescription></mstns:Part><mstns:Part PartType="Step"><mstns:PartName>Evaluate Budget</mstns:PartName><mstns:Sequence>6</mstns:Sequence><mstns:isRequired>true</mstns:isRequired><mstns:PartDescription>Find budget allocations that pose a risk to meeting performance objectives.</mstns:PartDescription><mstns:PartDescription>Consider tradeoffs that help meet performance objectives such as design and deployment alternatives.</mstns:PartDescription><mstns:PartDescription>Reevaluate quality of service requirements if necessary.</mstns:PartDescription></mstns:Part><mstns:Part PartType="Step"><mstns:PartName>Validate the Model</mstns:PartName><mstns:Sequence>7</mstns:Sequence><mstns:isRequired>true</mstns:isRequired><mstns:PartDescription>Identify the scenarios that do not meet budget allocations.</mstns:PartDescription><mstns:PartDescription>Measure the performance of the scenarios. Use prototyping in early iterations if production code is not available.</mstns:PartDescription><mstns:PartDescription>Repeat the budgeting, evaluation, and validation steps as necessary using data acquired during validation.</mstns:PartDescription></mstns:Part></mstns:Parts><mstns:RACI><mstns:RACIItem RACIType="Responsible"><mstns:RoleName>Architect</mstns:RoleName><mstns:RACIDescription>Architect</mstns:RACIDescription></mstns:RACIItem><mstns:RACIItem RACIType="Consulted"><mstns:RoleName>Developer</mstns:RoleName><mstns:RACIDescription>
                    </mstns:RACIDescription></mstns:RACIItem></mstns:RACI><mstns:Verification></mstns:Verification><mstns:CrossReference><mstns:CrossReferenceItem CrossType="WorkItem"><mstns:CrossName>Task</mstns:CrossName><mstns:CrossLink>
                    </mstns:CrossLink><mstns:CrossDescription>Active</mstns:CrossDescription></mstns:CrossReferenceItem><mstns:CrossReferenceItem CrossType="Cycles"><mstns:CrossName>Iteration</mstns:CrossName><mstns:CrossLink>
                    </mstns:CrossLink><mstns:CrossDescription>
                    </mstns:CrossDescription></mstns:CrossReferenceItem><mstns:CrossReferenceItem CrossType="Qualities of Service"><mstns:CrossName>Performance</mstns:CrossName><mstns:CrossLink>
                    </mstns:CrossLink><mstns:CrossDescription>
                    </mstns:CrossDescription></mstns:CrossReferenceItem><mstns:CrossReferenceItem CrossType="Tracks"><mstns:CrossName>Build</mstns:CrossName><mstns:CrossLink>
                    </mstns:CrossLink><mstns:CrossDescription>
                    </mstns:CrossDescription></mstns:CrossReferenceItem><mstns:CrossReferenceItem CrossType="SeeAlso"><mstns:CrossName>Divide Quality of Service Requirements into Tasks</mstns:CrossName><mstns:CrossLink>
                    </mstns:CrossLink><mstns:CrossDescription>Divide Quality of Service Requirements into Tasks</mstns:CrossDescription></mstns:CrossReferenceItem><mstns:CrossReferenceItem CrossType="NextStep"><mstns:CrossName>Schedule Quality of Service Requirement</mstns:CrossName><mstns:CrossLink>
                    </mstns:CrossLink><mstns:CrossDescription>
                    </mstns:CrossDescription></mstns:CrossReferenceItem><mstns:CrossReferenceItem CrossType="PatternPractices"><mstns:CrossName>Performance Modeling</mstns:CrossName><mstns:CrossLink>http://go.microsoft.com/fwlink/?LinkId=41070</mstns:CrossLink><mstns:CrossDescription>
                    </mstns:CrossDescription></mstns:CrossReferenceItem></mstns:CrossReference><mstns:When>
            </mstns:When><mstns:Dependencies><mstns:DependencyItem><mstns:DependencyName>
                    </mstns:DependencyName><mstns:DependencyDescription>
                    </mstns:DependencyDescription></mstns:DependencyItem></mstns:Dependencies><mstns:CMMI></mstns:CMMI><mstns:Criteria><mstns:CriteriaItem CriteriaType="Entry"><mstns:CriteriaName>The performance quality of service requirement has been divided into development tasks.</mstns:CriteriaName><mstns:CriteriaDescription>The performance quality of service requirement has been divided into development tasks.</mstns:CriteriaDescription><mstns:WorkProductName>
                    </mstns:WorkProductName></mstns:CriteriaItem><mstns:CriteriaItem CriteriaType="Exit"><mstns:CriteriaName>Performance budgets have been attached to all development tasks for the quality of service requirement.</mstns:CriteriaName><mstns:CriteriaDescription>Performance budgets have been attached to all development tasks for the quality of service requirement</mstns:CriteriaDescription></mstns:CriteriaItem><mstns:CriteriaItem CriteriaType="Exit"><mstns:CriteriaName>Performance goals for the current iteration are met.</mstns:CriteriaName><mstns:CriteriaDescription>Performance goals for the current iteration are met.</mstns:CriteriaDescription></mstns:CriteriaItem></mstns:Criteria></mstns:ContentItem><mstns:ContentItem ContentType="Activity"><mstns:ContentOrder>
            </mstns:ContentOrder><mstns:ContentName>Create Architectural Prototype</mstns:ContentName><mstns:ContentDescription>
Significant risks to the project can be mitigated by creating an architectural prototype. It is important to address risk as early as possible in the project so key strategic and architectural decisions can be made while it is still easy to modify fundamental components of the architecture. Creating early prototypes reduces overall project risk and unknowns. Lower project risk and fewer unknowns makes planning and estimating in later iterations more accurate. Prototypes can be temporary, discarded once the issues have been addressed, or built as the foundation of the core architecture.</mstns:ContentDescription><mstns:ContentLink>
            </mstns:ContentLink><mstns:Parts><mstns:Part PartType="Step"><mstns:PartName>Examine Risk</mstns:PartName><mstns:Sequence>1</mstns:Sequence><mstns:isRequired>true</mstns:isRequired><mstns:PartDescription>Understand the elements that lead to the identification of the risk or architectural decisions.</mstns:PartDescription><mstns:PartDescription>Examine related scenarios and quality of service requirements. Check on any target environment implications.</mstns:PartDescription></mstns:Part><mstns:Part PartType="Step"><mstns:PartName>Plan the Approach</mstns:PartName><mstns:Sequence>2</mstns:Sequence><mstns:isRequired>true</mstns:isRequired><mstns:PartDescription>Determine the form of prototype needed.</mstns:PartDescription><mstns:PartDescription>Solve only the architectural problem identified by the risk.</mstns:PartDescription><mstns:PartDescription>Look for the simplest resolution.</mstns:PartDescription><mstns:PartDescription>Begin development using the determined approach.</mstns:PartDescription></mstns:Part><mstns:Part PartType="Step"><mstns:PartName>Build and Execute the Prototype</mstns:PartName><mstns:Sequence>3</mstns:Sequence><mstns:isRequired>true</mstns:isRequired><mstns:PartDescription>Build the prototype. Maintain focus on the problem to be solved. Be sure the prototype appropriately addresses the issue being explored.</mstns:PartDescription><mstns:PartDescription>Deploy the prototype to an environment similar to the target environment.</mstns:PartDescription><mstns:PartDescription>Test the prototype against the high risk issues.</mstns:PartDescription><mstns:PartDescription>Add any new risk work items that the prototype might have uncovered.</mstns:PartDescription></mstns:Part></mstns:Parts><mstns:RACI><mstns:RACIItem RACIType="Responsible"><mstns:RoleName>Architect</mstns:RoleName><mstns:RACIDescription>Architect</mstns:RACIDescription></mstns:RACIItem></mstns:RACI><mstns:Verification></mstns:Verification><mstns:CrossReference><mstns:CrossReferenceItem CrossType="WorkItem"><mstns:CrossName>Risk</mstns:CrossName><mstns:CrossLink>
                    </mstns:CrossLink><mstns:CrossDescription>Active</mstns:CrossDescription></mstns:CrossReferenceItem><mstns:CrossReferenceItem CrossType="Cycles"><mstns:CrossName>Iteration</mstns:CrossName><mstns:CrossLink>
                    </mstns:CrossLink><mstns:CrossDescription>
                    </mstns:CrossDescription></mstns:CrossReferenceItem><mstns:CrossReferenceItem CrossType="Disciplines"><mstns:CrossName>Risk Management</mstns:CrossName><mstns:CrossLink>
                    </mstns:CrossLink><mstns:CrossDescription>
                    </mstns:CrossDescription></mstns:CrossReferenceItem><mstns:CrossReferenceItem CrossType="Tracks"><mstns:CrossName>Build</mstns:CrossName><mstns:CrossLink>
                    </mstns:CrossLink><mstns:CrossDescription>
                    </mstns:CrossDescription></mstns:CrossReferenceItem><mstns:CrossReferenceItem CrossType="WorkProduct-VS"><mstns:CrossName>Prototype</mstns:CrossName><mstns:CrossLink>
                    </mstns:CrossLink><mstns:CrossDescription>Roles</mstns:CrossDescription></mstns:CrossReferenceItem><mstns:CrossReferenceItem CrossType="NextStep"><mstns:CrossName>Partition the System</mstns:CrossName><mstns:CrossLink>
                    </mstns:CrossLink><mstns:CrossDescription>Partition the System</mstns:CrossDescription></mstns:CrossReferenceItem><mstns:CrossReferenceItem CrossType="NextStep"><mstns:CrossName>Determine Interfaces</mstns:CrossName><mstns:CrossLink>
                    </mstns:CrossLink><mstns:CrossDescription>Determine Interfaces</mstns:CrossDescription></mstns:CrossReferenceItem><mstns:CrossReferenceItem CrossType="PatternPractices"><mstns:CrossName>Implement a Development Task</mstns:CrossName><mstns:CrossLink>
                    </mstns:CrossLink><mstns:CrossDescription>Implement a Development Task</mstns:CrossDescription></mstns:CrossReferenceItem></mstns:CrossReference><mstns:When>
            </mstns:When><mstns:Dependencies><mstns:DependencyItem><mstns:DependencyName>
                    </mstns:DependencyName><mstns:DependencyDescription>A risk is identified that impacts the solution architecture.</mstns:DependencyDescription></mstns:DependencyItem></mstns:Dependencies><mstns:CMMI></mstns:CMMI><mstns:Criteria><mstns:CriteriaItem CriteriaType="Exit"><mstns:CriteriaName>Identified risk has been reduced to an acceptable level.</mstns:CriteriaName><mstns:CriteriaDescription>Identified risk has been reduced to an acceptable level.</mstns:CriteriaDescription></mstns:CriteriaItem></mstns:Criteria></mstns:ContentItem><mstns:ContentItem ContentType="Activity"><mstns:ContentOrder>
            </mstns:ContentOrder><mstns:ContentName>Create Infrastructure Architecture</mstns:ContentName><mstns:ContentDescription>The infrastructure architecture defines the deployment environment of the application. A well defined infrastructure architecture ensures the application is deployable as well as aiding the quality of service requirements. Begin defining the infrastructure architecture as soon as the vision of the application is understood. As more is understood about the software subsystems in the solution architecture, redesign it as needed. Use the logical datacenter diagram to map out the infrastructure architecture.</mstns:ContentDescription><mstns:ContentLink>
            </mstns:ContentLink><mstns:Parts><mstns:Part PartType="Step"><mstns:PartName>Create Infrastructure Architecture</mstns:PartName><mstns:Sequence>1</mstns:Sequence><mstns:isRequired>true</mstns:isRequired><mstns:PartDescription>Create a logical datacenter diagram. Work with operations, if applicable, to understand the deployment environment. Create logical servers in the logical datacenter to reflect the physical environment. Validate the logical datacenter diagram.</mstns:PartDescription><mstns:PartDescription>In the application diagram, match the settings of the applications to the physical elements necessary to support them.</mstns:PartDescription></mstns:Part><mstns:Part PartType="Step"><mstns:PartName>Map the Solution Architecture</mstns:PartName><mstns:Sequence>2</mstns:Sequence><mstns:isRequired>true</mstns:isRequired><mstns:PartDescription>Map the pieces of the application diagram to the logical datacenter diagram. Check the mapping to be sure it is correct. Validate the application diagram against the logical datacenter diagram.</mstns:PartDescription><mstns:PartDescription>
                        <span xmlns="http://www.w3.org/1999/xhtml">Make changes to the application and logical datacenter diagrams to bring them in line.</span>
                    </mstns:PartDescription></mstns:Part><mstns:Part PartType="Step"><mstns:PartName>Adjust Solution Architecture</mstns:PartName><mstns:Sequence>3</mstns:Sequence><mstns:isRequired>true</mstns:isRequired><mstns:PartDescription>As new software subsystems are identified, determine if changes to the infrastructure architecture are required.</mstns:PartDescription><mstns:PartDescription>Queue up any operations center or hardware deployment configuration changes that need to be made. Be sure that the changes are required before making such a request.</mstns:PartDescription></mstns:Part></mstns:Parts><mstns:RACI><mstns:RACIItem RACIType="Responsible"><mstns:RoleName>Architect</mstns:RoleName><mstns:RACIDescription>Architect</mstns:RACIDescription></mstns:RACIItem></mstns:RACI><mstns:Verification></mstns:Verification><mstns:CrossReference><mstns:CrossReferenceItem CrossType="Tracks"><mstns:CrossName>Build</mstns:CrossName><mstns:CrossLink>
                    </mstns:CrossLink><mstns:CrossDescription>
                    </mstns:CrossDescription></mstns:CrossReferenceItem><mstns:CrossReferenceItem CrossType="Cycles"><mstns:CrossName>As Needed</mstns:CrossName><mstns:CrossLink>
                    </mstns:CrossLink><mstns:CrossDescription>
                    </mstns:CrossDescription></mstns:CrossReferenceItem><mstns:CrossReferenceItem CrossType="WorkProduct-VS"><mstns:CrossName>Logical Datacenter Diagram</mstns:CrossName><mstns:CrossLink>
                    </mstns:CrossLink><mstns:CrossDescription>
                    </mstns:CrossDescription></mstns:CrossReferenceItem><mstns:CrossReferenceItem CrossType="WorkProduct-VS"><mstns:CrossName>System Diagram</mstns:CrossName><mstns:CrossLink>
                    </mstns:CrossLink><mstns:CrossDescription>
                    </mstns:CrossDescription></mstns:CrossReferenceItem><mstns:CrossReferenceItem CrossType="NextStep"><mstns:CrossName>Create Solution Architecture</mstns:CrossName><mstns:CrossLink>
                    </mstns:CrossLink><mstns:CrossDescription>Create Solution Architecture</mstns:CrossDescription></mstns:CrossReferenceItem></mstns:CrossReference><mstns:When>
            </mstns:When><mstns:Dependencies><mstns:DependencyItem><mstns:DependencyName>
                    </mstns:DependencyName><mstns:DependencyDescription>
                    </mstns:DependencyDescription></mstns:DependencyItem></mstns:Dependencies><mstns:CMMI></mstns:CMMI><mstns:Criteria><mstns:CriteriaItem CriteriaType="Exit"><mstns:CriteriaName>The logical datacenter diagram reflects the deployment environment. </mstns:CriteriaName><mstns:CriteriaDescription>The logical datacenter diagram reflects the deployment environment.</mstns:CriteriaDescription><mstns:WorkProductName>
                    </mstns:WorkProductName></mstns:CriteriaItem><mstns:CriteriaItem CriteriaType="Exit"><mstns:CriteriaName>The solution architecture spelled out in the application diagram is mapped to the infrastructure architecture.</mstns:CriteriaName><mstns:CriteriaDescription>The solution architecture spelled out in the application diagram is mapped to the infrastructure architecture.</mstns:CriteriaDescription></mstns:CriteriaItem></mstns:Criteria></mstns:ContentItem></mstns:Content><mstns:NavStructure><mstns:Menu><mstns:MenuName>
            </mstns:MenuName><mstns:MenuItem><mstns:MenuItemName>
                </mstns:MenuItemName><mstns:MenuItemTransform>
                </mstns:MenuItemTransform><mstns:MenuItemDescription>
                </mstns:MenuItemDescription></mstns:MenuItem></mstns:Menu><mstns:ImageMenu></mstns:ImageMenu><mstns:BulletMenu><mstns:MenuName>
            </mstns:MenuName><mstns:MenuItem><mstns:MenuItemName>
                </mstns:MenuItemName><mstns:MenuItemTransform>
                </mstns:MenuItemTransform><mstns:MenuBulletImage>
                </mstns:MenuBulletImage><mstns:MenuItemDescription>
                </mstns:MenuItemDescription></mstns:MenuItem></mstns:BulletMenu></mstns:NavStructure><mstns:Glossary><mstns:GlossaryName>Glossary</mstns:GlossaryName><mstns:GlossaryItem><mstns:Term>
            </mstns:Term><mstns:Definition>
            </mstns:Definition><mstns:Reference>
            </mstns:Reference></mstns:GlossaryItem></mstns:Glossary><mstns:HelpContextMap><mstns:MapItem><mstns:Keyword>
            </mstns:Keyword><mstns:Context>
            </mstns:Context><mstns:ContentName>
            </mstns:ContentName></mstns:MapItem></mstns:HelpContextMap><mstns:Index><mstns:IndexItem><mstns:Keyword>
            </mstns:Keyword><mstns:ContentName>
            </mstns:ContentName></mstns:IndexItem></mstns:Index></mstns:ProcessGuidance>