<?xml version="1.0" encoding="UTF-8"?><?mso-infoPathSolution PIVersion="1.0.0.0" language="en-us" name="urn:schemas-microsoft-com:office:infopath:template2:http---tempuri-org-XMLSchema-xsd" productVersion="11.0.8034" solutionVersion="1.0.0.157" ?><?mso-application progid="InfoPath.Document"?><mstns:ProcessGuidance xmlns:mstns="http://tempuri.org/XMLSchema.xsd" xmlns:xsi="http://www.w3.org/2001/XMLSchema-instance" xmlns:xhtml="http://www.w3.org/1999/xhtml" xmlns:my="http://schemas.microsoft.com/office/infopath/2003/myXSD/2004-10-13T22:49:49" xmlns:xd="http://schemas.microsoft.com/office/infopath/2003"><mstns:Content><mstns:ContentItem ContentType="Workstream"><mstns:ContentOrder>3</mstns:ContentOrder><mstns:ContentName>Create a Database Project</mstns:ContentName><mstns:ContentDescription><div xmlns="http://www.w3.org/1999/xhtml">The create a database project workstream involves creating the initial database project for use by the development team. This crucial workflow sets up an offline representation of the database under development that can be shared by the whole team through source code control. Creating this project enables isolated iterative database development to occur among the database developers in a fashion that encourages change through mitigating the associated risks.</div>
<div xmlns="http://www.w3.org/1999/xhtml"> </div>
<div xmlns="http://www.w3.org/1999/xhtml">This workstream’s activities include creating, configuring, and testing the database project. Oftentimes you will have an existing database that you wish to bring under a managed change environment and thus an important optional step is importing the existing live database into a database project. The activity of importing an existing database requires sufficient permissions on the database and thus is the responsibility of the database administrator, who has appropriate access to the live database environment.</div>
<div xmlns="http://www.w3.org/1999/xhtml"> </div>
<div xmlns="http://www.w3.org/1999/xhtml">The Database Project Wizard can be used to guide you through most of the associated activities described below. This project wizard simplifies the creation of the database project. Further configuration may still need to be performed after completing the wizard.</div>
<div xmlns="http://www.w3.org/1999/xhtml"><br/> </div></mstns:ContentDescription><mstns:ContentLink>
            </mstns:ContentLink><mstns:Parts><mstns:Part PartType="Step"><mstns:PartName>Create Database Project</mstns:PartName><mstns:Sequence>1</mstns:Sequence><mstns:isRequired>true</mstns:isRequired><mstns:PartDescription>Review the assigned task.</mstns:PartDescription><mstns:PartDescription>Create a new database project.</mstns:PartDescription><mstns:PartDescription>Configure project properties.</mstns:PartDescription><mstns:PartDescription>Set database options.</mstns:PartDescription></mstns:Part><mstns:Part PartType="Step"><mstns:PartName>Import Existing Database</mstns:PartName><mstns:Sequence>2</mstns:Sequence><mstns:isRequired>false</mstns:isRequired><mstns:PartDescription>Import an existing database schema into the database project.</mstns:PartDescription></mstns:Part><mstns:Part PartType="Step">
									<mstns:PartName>Configure Build and Deploy Settings</mstns:PartName>
									<mstns:Sequence>3</mstns:Sequence>
									<mstns:isRequired>true</mstns:isRequired>
									<mstns:PartDescription>Specify the target server that will serve as the sandbox server.</mstns:PartDescription><mstns:PartDescription>Configure deployment options.</mstns:PartDescription>
								</mstns:Part><mstns:Part PartType="Step">
									<mstns:PartName>Modify Generated Scripts</mstns:PartName>
									<mstns:Sequence>4</mstns:Sequence>
									<mstns:isRequired>true</mstns:isRequired>
									<mstns:PartDescription>Modify pre-deployment script.</mstns:PartDescription>
								<mstns:PartDescription>Modify post-deployment script.</mstns:PartDescription></mstns:Part><mstns:Part PartType="Step">
									<mstns:PartName>Verify Database Project</mstns:PartName>
									<mstns:Sequence>5</mstns:Sequence>
									<mstns:isRequired>true</mstns:isRequired>
									<mstns:PartDescription>Build database project.</mstns:PartDescription>
								<mstns:PartDescription>Deploy database project to sandbox server.</mstns:PartDescription></mstns:Part><mstns:Part PartType="Step">
									<mstns:PartName>Add Database Project to Source Control</mstns:PartName>
									<mstns:Sequence>6</mstns:Sequence>
									<mstns:isRequired>true</mstns:isRequired>
									<mstns:PartDescription>Add database project to source control system.</mstns:PartDescription>
								<mstns:PartDescription>Check in project.</mstns:PartDescription><mstns:PartDescription>Resolve work item</mstns:PartDescription></mstns:Part></mstns:Parts><mstns:RACI><mstns:RACIItem RACIType="Responsible"><mstns:RoleName>Database Administrator</mstns:RoleName><mstns:RACIDescription>Developer</mstns:RACIDescription></mstns:RACIItem></mstns:RACI><mstns:CrossReference><mstns:CrossReferenceItem CrossType="NextStep">
									<mstns:CrossName>Implement a Database Development Task</mstns:CrossName>
									<mstns:CrossLink></mstns:CrossLink>
									<mstns:CrossDescription></mstns:CrossDescription>
								</mstns:CrossReferenceItem><mstns:CrossReferenceItem CrossType="WorkItem">
									<mstns:CrossName>Task</mstns:CrossName>
									<mstns:CrossLink></mstns:CrossLink>
									<mstns:CrossDescription></mstns:CrossDescription>
								</mstns:CrossReferenceItem><mstns:CrossReferenceItem CrossType="SeeAlso">
									<mstns:CrossName>Handling Security Objects</mstns:CrossName>
									<mstns:CrossLink>http://go.microsoft.com/fwlink/?LinkID=74437</mstns:CrossLink>
									<mstns:CrossDescription></mstns:CrossDescription>
								</mstns:CrossReferenceItem></mstns:CrossReference><mstns:When>
            </mstns:When><mstns:Dependencies/><mstns:CMMI></mstns:CMMI><mstns:Criteria><mstns:CriteriaItem CriteriaType="Entry"><mstns:CriteriaName>Create Database Project Task Assigned</mstns:CriteriaName><mstns:CriteriaDescription>The task to create a database project is assigned.</mstns:CriteriaDescription></mstns:CriteriaItem><mstns:CriteriaItem CriteriaType="Exit">
									<mstns:CriteriaName>Database Project Created</mstns:CriteriaName>
									<mstns:CriteriaLink></mstns:CriteriaLink>
									<mstns:CriteriaDescription>The database project has been created, checked in to source control, and is ready to be synchronized locally by developers.</mstns:CriteriaDescription>
									<mstns:WorkProductName></mstns:WorkProductName>
								</mstns:CriteriaItem></mstns:Criteria></mstns:ContentItem><mstns:ContentItem ContentType="Activity"><mstns:ContentOrder>1</mstns:ContentOrder><mstns:ContentName>Create Database Project</mstns:ContentName><mstns:ContentDescription><div style="PADDING-RIGHT: 0in; MARGIN-TOP: 0in; PADDING-LEFT: 0in; MARGIN-BOTTOM: 0pt" xmlns="http://www.w3.org/1999/xhtml">The first step is to create the database project from the appropriate database project template. Various database project settings should also be configured at this time as they control the behavior of the project going forward.</div></mstns:ContentDescription><mstns:ContentLink>
            </mstns:ContentLink><mstns:Parts><mstns:Part PartType="Step">
									<mstns:PartName>Review the Assigned Task</mstns:PartName>
									<mstns:Sequence>1</mstns:Sequence>
									<mstns:isRequired>true</mstns:isRequired>
									<mstns:PartDescription>Review task work item currently assigned to you.</mstns:PartDescription>
								<mstns:PartDescription>Understand the scope and requirements of the task.</mstns:PartDescription></mstns:Part><mstns:Part PartType="Step"><mstns:PartName>Create a New Database Project</mstns:PartName><mstns:Sequence>2</mstns:Sequence><mstns:isRequired>true</mstns:isRequired><mstns:PartDescription>Decide which database project type you want to create: SQL Server 2000 or SQL Server 2005.</mstns:PartDescription><mstns:PartDescription>Use the appropriate project wizard template to guide you through the creation of your database project.</mstns:PartDescription></mstns:Part><mstns:Part PartType="Step">
									<mstns:PartName>Configure Project Properties</mstns:PartName>
									<mstns:Sequence>3</mstns:Sequence>
									<mstns:isRequired>true</mstns:isRequired>
									<mstns:PartDescription>Decide whether to organize your database project by object type or schema.</mstns:PartDescription>
								<mstns:PartDescription>Configure schema defaults to use for creating new objects and for unqualified objects references.</mstns:PartDescription></mstns:Part><mstns:Part PartType="Step">
									<mstns:PartName>Set Database Options</mstns:PartName>
									<mstns:Sequence>4</mstns:Sequence>
									<mstns:isRequired>true</mstns:isRequired>
									<mstns:PartDescription>Configure database options, including appropriate SET options.</mstns:PartDescription>
								<mstns:PartDescription>Set the appropriate database collation settings.</mstns:PartDescription></mstns:Part></mstns:Parts><mstns:RACI><mstns:RACIItem RACIType="Responsible"><mstns:RoleName>Database Administrator</mstns:RoleName><mstns:RACIDescription>Developer</mstns:RACIDescription></mstns:RACIItem></mstns:RACI><mstns:CrossReference><mstns:CrossReferenceItem CrossType="NextStep"><mstns:CrossName>Import Existing Database</mstns:CrossName><mstns:CrossLink>
                    </mstns:CrossLink><mstns:CrossDescription>New</mstns:CrossDescription></mstns:CrossReferenceItem><mstns:CrossReferenceItem CrossType="NextStep">
									<mstns:CrossName>Configure Build and Deploy Settings</mstns:CrossName>
									<mstns:CrossLink></mstns:CrossLink>
									<mstns:CrossDescription></mstns:CrossDescription>
								</mstns:CrossReferenceItem><mstns:CrossReferenceItem CrossType="Tracks">
									<mstns:CrossName>Plan</mstns:CrossName>
									<mstns:CrossLink></mstns:CrossLink>
									<mstns:CrossDescription></mstns:CrossDescription>
								</mstns:CrossReferenceItem></mstns:CrossReference><mstns:When>
            </mstns:When><mstns:Dependencies/><mstns:CMMI></mstns:CMMI><mstns:Criteria><mstns:CriteriaItem CriteriaType="Entry"><mstns:CriteriaName>Establish Database Project Task Assigned</mstns:CriteriaName><mstns:CriteriaDescription>The task to establish a database project has been created and assigned.</mstns:CriteriaDescription></mstns:CriteriaItem><mstns:CriteriaItem CriteriaType="Exit">
									<mstns:CriteriaName>Database Project Created</mstns:CriteriaName>
									<mstns:CriteriaLink></mstns:CriteriaLink>
									<mstns:CriteriaDescription>The database project is created.</mstns:CriteriaDescription>
									<mstns:WorkProductName></mstns:WorkProductName>
								</mstns:CriteriaItem></mstns:Criteria></mstns:ContentItem><mstns:ContentItem ContentType="Activity"><mstns:ContentOrder>2</mstns:ContentOrder><mstns:ContentName>Import Existing Database</mstns:ContentName><mstns:ContentDescription>Oftentimes you will want to begin your database project by importing the database schema of an existing live database. This will allow you to import the schema object definitions and add them to the offline isolated file-based database project so they can be modified locally inside the project.</mstns:ContentDescription><mstns:ContentLink>
            </mstns:ContentLink><mstns:Parts><mstns:Part PartType="Step"><mstns:PartName>Import an Existing Database Schema Into the Database Project</mstns:PartName><mstns:Sequence>1</mstns:Sequence><mstns:isRequired>false</mstns:isRequired><mstns:PartDescription>Specify the source database connection with appropriately privileged credentials from which to import the database schema.</mstns:PartDescription><mstns:PartDescription>Configure import options and decide whether to override current database configuration settings of your project with the source database settings.</mstns:PartDescription></mstns:Part></mstns:Parts><mstns:RACI><mstns:RACIItem RACIType="Responsible"><mstns:RoleName>Database Administrator</mstns:RoleName><mstns:RACIDescription>Developer</mstns:RACIDescription></mstns:RACIItem></mstns:RACI><mstns:Verification></mstns:Verification><mstns:CrossReference><mstns:CrossReferenceItem CrossType="NextStep"><mstns:CrossName>Configure Build and Deploy Settings</mstns:CrossName><mstns:CrossLink>
                    </mstns:CrossLink><mstns:CrossDescription>
                    </mstns:CrossDescription></mstns:CrossReferenceItem><mstns:CrossReferenceItem CrossType="Tracks">
									<mstns:CrossName>Plan</mstns:CrossName>
									<mstns:CrossLink></mstns:CrossLink>
									<mstns:CrossDescription></mstns:CrossDescription>
								</mstns:CrossReferenceItem></mstns:CrossReference><mstns:When>
            </mstns:When><mstns:Dependencies/><mstns:CMMI/><mstns:Criteria><mstns:CriteriaItem CriteriaType="Entry">
									<mstns:CriteriaName>Database Project Established</mstns:CriteriaName>
									<mstns:CriteriaLink></mstns:CriteriaLink>
									<mstns:CriteriaDescription>The database project is established.</mstns:CriteriaDescription>
									<mstns:WorkProductName></mstns:WorkProductName>
								</mstns:CriteriaItem><mstns:CriteriaItem CriteriaType="Exit">
									<mstns:CriteriaName>Existing Database Imported</mstns:CriteriaName>
									<mstns:CriteriaLink></mstns:CriteriaLink>
									<mstns:CriteriaDescription>An existing database is imported into the database project.</mstns:CriteriaDescription>
									<mstns:WorkProductName></mstns:WorkProductName>
								</mstns:CriteriaItem></mstns:Criteria></mstns:ContentItem><mstns:ContentItem ContentType="Activity">
										<mstns:ContentOrder>3</mstns:ContentOrder>
										<mstns:ContentName>Configure Build and Deploy Settings</mstns:ContentName>
										<mstns:ContentDescription>Throughout the development of the database, developers will constantly and iteratively be building and deploying the database project to their local sandbox server. It is thus important to configure the default build and deploy options most appropriate for your environment during the initial project creation.</mstns:ContentDescription>
										<mstns:ContentLink></mstns:ContentLink>
										<mstns:States>
											
										</mstns:States>
										<mstns:Parts>
											<mstns:Part PartType="Step">
												<mstns:PartName>Specify the Target Server That Will Serve as the Sandbox Server</mstns:PartName>
												<mstns:Sequence>1</mstns:Sequence>
												<mstns:isRequired>true</mstns:isRequired>
												<mstns:PartDescription>This target server will be the local database server that you will iteratively deploy database changes to for testing.</mstns:PartDescription>
											</mstns:Part>
										<mstns:Part PartType="Step">
									<mstns:PartName>Configure Deployment Options</mstns:PartName>
									<mstns:Sequence>2</mstns:Sequence>
									<mstns:isRequired>true</mstns:isRequired>
									<mstns:PartDescription>Decide whether you want to automatically re-create the database each time you deploy or whether you want to incrementally deploy the database.</mstns:PartDescription>
								<mstns:PartDescription>Decide whether you want to backup the database on each deployment.</mstns:PartDescription></mstns:Part></mstns:Parts>
										<mstns:RACI>
											<mstns:RACIItem RACIType="Responsible">
												<mstns:RoleName>Database Administrator</mstns:RoleName>
												<mstns:RACIDescription></mstns:RACIDescription>
											</mstns:RACIItem>
										</mstns:RACI>
										<mstns:Verification>
											
										</mstns:Verification>
										<mstns:CrossReference>
											<mstns:CrossReferenceItem CrossType="NextStep">
												<mstns:CrossName>Modify Generated Scripts</mstns:CrossName>
												<mstns:CrossLink></mstns:CrossLink>
												<mstns:CrossDescription></mstns:CrossDescription>
											</mstns:CrossReferenceItem>
										<mstns:CrossReferenceItem CrossType="Tracks">
									<mstns:CrossName>Plan</mstns:CrossName>
									<mstns:CrossLink></mstns:CrossLink>
									<mstns:CrossDescription></mstns:CrossDescription>
								</mstns:CrossReferenceItem></mstns:CrossReference>
										<mstns:When></mstns:When>
										<mstns:Dependencies>
											
										</mstns:Dependencies>
										<mstns:CMMI>
											
										</mstns:CMMI>
										<mstns:Criteria>
											
										<mstns:CriteriaItem CriteriaType="Entry">
									<mstns:CriteriaName>Database Project Established</mstns:CriteriaName>
									<mstns:CriteriaLink></mstns:CriteriaLink>
									<mstns:CriteriaDescription>The database project is established.</mstns:CriteriaDescription>
									<mstns:WorkProductName></mstns:WorkProductName>
								</mstns:CriteriaItem><mstns:CriteriaItem CriteriaType="Exit">
									<mstns:CriteriaName>Build and Deploy Settings Configured</mstns:CriteriaName>
									<mstns:CriteriaLink></mstns:CriteriaLink>
									<mstns:CriteriaDescription>The default build and deploy settings are configured.</mstns:CriteriaDescription>
									<mstns:WorkProductName></mstns:WorkProductName>
								</mstns:CriteriaItem></mstns:Criteria>
									</mstns:ContentItem><mstns:ContentItem ContentType="Activity">
										<mstns:ContentOrder>4</mstns:ContentOrder>
										<mstns:ContentName>Modify Generated Scripts</mstns:ContentName>
										<mstns:ContentDescription>The database project is scoped at the database level and therefore does not support required server-level objects directly. In addition, some other schema object types are not directly supported in the project. However, these objects can easily be added to the pre and post deployment scripts. Therefore it is important at project creation to appropriately modify these scripts to include the required objects. There may be other SQL statements that you want to add before and after the deployment. These should be added here as well.</mstns:ContentDescription>
										<mstns:ContentLink></mstns:ContentLink>
										<mstns:States>
											
										</mstns:States>
										<mstns:Parts>
											<mstns:Part PartType="Step">
												<mstns:PartName>Modify Pre-Deployment Script</mstns:PartName>
												<mstns:Sequence>1</mstns:Sequence>
												<mstns:isRequired>true</mstns:isRequired>
												<mstns:PartDescription>Add Server Logins to the pre-deployment script so that users can be appropriately mapped to logins.</mstns:PartDescription>
											<mstns:PartDescription>Add Keys &amp; Certificates to the pre-deployment script.</mstns:PartDescription><mstns:PartDescription>Add Linked Servers to the pre-deployment script.</mstns:PartDescription><mstns:PartDescription>Add Custom Errors to the pre-deployment script.</mstns:PartDescription></mstns:Part>
										<mstns:Part PartType="Step">
									<mstns:PartName>Modify Post-Deployment Script</mstns:PartName>
									<mstns:Sequence>2</mstns:Sequence>
									<mstns:isRequired>true</mstns:isRequired>
									<mstns:PartDescription>Add Permissions to the post-deployment script so that schema objects have the appropriate grant, deny, and revoke permissions after creation.</mstns:PartDescription>
								<mstns:PartDescription>Add Signatures to the post-deployment script.</mstns:PartDescription><mstns:PartDescription>Add stock data that you want to associate with your database project as a post-deployment script by adding insert statements for this data.</mstns:PartDescription></mstns:Part></mstns:Parts>
										<mstns:RACI>
											<mstns:RACIItem RACIType="Responsible">
												<mstns:RoleName>Database Administrator</mstns:RoleName>
												<mstns:RACIDescription></mstns:RACIDescription>
											</mstns:RACIItem>
										</mstns:RACI>
										<mstns:Verification>
											
										</mstns:Verification>
										<mstns:CrossReference>
											<mstns:CrossReferenceItem CrossType="NextStep">
												<mstns:CrossName>Verify Database Project</mstns:CrossName>
												<mstns:CrossLink></mstns:CrossLink>
												<mstns:CrossDescription></mstns:CrossDescription>
											</mstns:CrossReferenceItem>
										<mstns:CrossReferenceItem CrossType="WorkProduct-VS">
									<mstns:CrossName>Code</mstns:CrossName>
									<mstns:CrossLink></mstns:CrossLink>
									<mstns:CrossDescription>Code</mstns:CrossDescription>
								</mstns:CrossReferenceItem><mstns:CrossReferenceItem CrossType="Tracks">
									<mstns:CrossName>Plan</mstns:CrossName>
									<mstns:CrossLink></mstns:CrossLink>
									<mstns:CrossDescription></mstns:CrossDescription>
								</mstns:CrossReferenceItem></mstns:CrossReference>
										<mstns:When></mstns:When>
										<mstns:Dependencies>
											
										</mstns:Dependencies>
										<mstns:CMMI>
											
										</mstns:CMMI>
										<mstns:Criteria>
											
										<mstns:CriteriaItem CriteriaType="Entry">
									<mstns:CriteriaName>Build and Deploy Settings Configured</mstns:CriteriaName>
									<mstns:CriteriaLink></mstns:CriteriaLink>
									<mstns:CriteriaDescription>The default build and deploy settings are configured.</mstns:CriteriaDescription>
									<mstns:WorkProductName></mstns:WorkProductName>
								</mstns:CriteriaItem><mstns:CriteriaItem CriteriaType="Exit">
									<mstns:CriteriaName>Generated Scripts Modified</mstns:CriteriaName>
									<mstns:CriteriaLink></mstns:CriteriaLink>
									<mstns:CriteriaDescription>The generated scripts are appropriately modified.</mstns:CriteriaDescription>
									<mstns:WorkProductName></mstns:WorkProductName>
								</mstns:CriteriaItem></mstns:Criteria>
									</mstns:ContentItem><mstns:ContentItem ContentType="Activity">
										<mstns:ContentOrder>5</mstns:ContentOrder>
										<mstns:ContentName>Verify Database Project</mstns:ContentName>
										<mstns:ContentDescription>After the project has been appropriately configured, it is time to build and deploy it to your sandbox server to ensure that the project is ready to be used by developers. This step is crucial in uncovering configuration settings that have not been appropriately applied or missing pre-deployment or post-deployment scripts.</mstns:ContentDescription>
										<mstns:ContentLink></mstns:ContentLink>
										<mstns:States>
											
										</mstns:States>
										<mstns:Parts>
											<mstns:Part PartType="Step">
												<mstns:PartName>Build Database Project</mstns:PartName>
												<mstns:Sequence>1</mstns:Sequence>
												<mstns:isRequired>true</mstns:isRequired>
												<mstns:PartDescription>Build the database project.</mstns:PartDescription>
											<mstns:PartDescription>Review and fix any build errors identified.</mstns:PartDescription></mstns:Part>
										<mstns:Part PartType="Step">
									<mstns:PartName>Deploy Database Project to Sandbox Server</mstns:PartName>
									<mstns:Sequence>2</mstns:Sequence>
									<mstns:isRequired>true</mstns:isRequired>
									<mstns:PartDescription>Deploy database project to a sandbox server.</mstns:PartDescription>
								<mstns:PartDescription>Check the output window for any errors. Also, ensure deployment is successful by browsing to the deployed database. </mstns:PartDescription><mstns:PartDescription><span xmlns="http://www.w3.org/1999/xhtml" style="FONT-SIZE: 10pt">If you imported the database schema from an existing live database, you can use the schema comparison tool to verify the deployment by comparing the deployed database to the initial source database.</span></mstns:PartDescription></mstns:Part></mstns:Parts>
										<mstns:RACI>
											
										<mstns:RACIItem RACIType="Responsible">
												<mstns:RoleName>Database Administrator</mstns:RoleName>
												<mstns:RACIDescription></mstns:RACIDescription>
											</mstns:RACIItem></mstns:RACI>
										<mstns:Verification>
											
										</mstns:Verification>
										<mstns:CrossReference>
											<mstns:CrossReferenceItem CrossType="NextStep">
												<mstns:CrossName>Add Database Project to Source Control</mstns:CrossName>
												<mstns:CrossLink></mstns:CrossLink>
												<mstns:CrossDescription></mstns:CrossDescription>
											</mstns:CrossReferenceItem>
										<mstns:CrossReferenceItem CrossType="WorkProduct-VS">
									<mstns:CrossName>Code</mstns:CrossName>
									<mstns:CrossLink></mstns:CrossLink>
									<mstns:CrossDescription></mstns:CrossDescription>
								</mstns:CrossReferenceItem><mstns:CrossReferenceItem CrossType="Tracks">
									<mstns:CrossName>Plan</mstns:CrossName>
									<mstns:CrossLink></mstns:CrossLink>
									<mstns:CrossDescription></mstns:CrossDescription>
								</mstns:CrossReferenceItem></mstns:CrossReference>
										<mstns:When></mstns:When>
										<mstns:Dependencies>
											
										</mstns:Dependencies>
										<mstns:CMMI>
											<mstns:CMMIItem>
												<mstns:CMMILevel></mstns:CMMILevel>
												<mstns:CMMIProcessArea></mstns:CMMIProcessArea>
												<mstns:CMMIGoal></mstns:CMMIGoal>
												<mstns:CMMIPractice></mstns:CMMIPractice>
											</mstns:CMMIItem>
										</mstns:CMMI>
										<mstns:Criteria>
											
										<mstns:CriteriaItem CriteriaType="Entry">
									<mstns:CriteriaName>Build and Deploy Settings Configured</mstns:CriteriaName>
									<mstns:CriteriaLink></mstns:CriteriaLink>
									<mstns:CriteriaDescription>The default build and deploy settings are configured.</mstns:CriteriaDescription>
									<mstns:WorkProductName></mstns:WorkProductName>
								</mstns:CriteriaItem><mstns:CriteriaItem CriteriaType="Entry">
									<mstns:CriteriaName>Generated Scripts Modified</mstns:CriteriaName>
									<mstns:CriteriaLink></mstns:CriteriaLink>
									<mstns:CriteriaDescription>The generated scripts are appropriately modified.</mstns:CriteriaDescription>
									<mstns:WorkProductName></mstns:WorkProductName>
								</mstns:CriteriaItem><mstns:CriteriaItem CriteriaType="Exit">
									<mstns:CriteriaName>Database Project Verified</mstns:CriteriaName>
									<mstns:CriteriaLink></mstns:CriteriaLink>
									<mstns:CriteriaDescription>The database project is verified on a sandbox server and is ready to be used by developers.</mstns:CriteriaDescription>
									<mstns:WorkProductName></mstns:WorkProductName>
								</mstns:CriteriaItem></mstns:Criteria>
									</mstns:ContentItem><mstns:ContentItem ContentType="Activity">
										<mstns:ContentOrder>6</mstns:ContentOrder>
										<mstns:ContentName>Add Database Project to Source Control</mstns:ContentName>
										<mstns:ContentDescription>Once the database project has been verified, it is ready to be checked in to the source code control system so that it can be leveraged by the entire team.</mstns:ContentDescription>
										<mstns:ContentLink></mstns:ContentLink>
										<mstns:States>
											
										</mstns:States>
										<mstns:Parts>
											<mstns:Part PartType="Step">
												<mstns:PartName>Add Project to Source Control System</mstns:PartName>
												<mstns:Sequence>1</mstns:Sequence>
												<mstns:isRequired>true</mstns:isRequired>
												<mstns:PartDescription>Ensure the desired source control system is appropriately configured.</mstns:PartDescription>
											<mstns:PartDescription>Add the solution that contains the database project to source control.</mstns:PartDescription></mstns:Part>
										<mstns:Part PartType="Step">
									<mstns:PartName>Check In Project</mstns:PartName>
									<mstns:Sequence>2</mstns:Sequence>
									<mstns:isRequired>true</mstns:isRequired>
									<mstns:PartDescription>Check in the project to the source control system, and associate the work item with the check-in.</mstns:PartDescription>
								</mstns:Part><mstns:Part PartType="Step">
									<mstns:PartName>Resolve Work Item</mstns:PartName>
									<mstns:Sequence>3</mstns:Sequence>
									<mstns:isRequired>true</mstns:isRequired>
									<mstns:PartDescription>Resolve the task to establish a database project, and assign it to the project manager.</mstns:PartDescription>
								</mstns:Part></mstns:Parts>
										<mstns:RACI>
											
										<mstns:RACIItem RACIType="Responsible">
												<mstns:RoleName>Database Administrator</mstns:RoleName>
												<mstns:RACIDescription></mstns:RACIDescription>
											</mstns:RACIItem></mstns:RACI>
										<mstns:Verification>
											
										</mstns:Verification>
										<mstns:CrossReference>
											
										<mstns:CrossReferenceItem CrossType="WorkItem">
									<mstns:CrossName>Task</mstns:CrossName>
									<mstns:CrossLink></mstns:CrossLink>
									<mstns:CrossDescription>Task</mstns:CrossDescription>
								</mstns:CrossReferenceItem><mstns:CrossReferenceItem CrossType="WorkProduct-VS">
									<mstns:CrossName>Code</mstns:CrossName>
									<mstns:CrossLink></mstns:CrossLink>
									<mstns:CrossDescription>Code</mstns:CrossDescription>
								</mstns:CrossReferenceItem><mstns:CrossReferenceItem CrossType="Tracks">
									<mstns:CrossName>Plan</mstns:CrossName>
									<mstns:CrossLink></mstns:CrossLink>
									<mstns:CrossDescription></mstns:CrossDescription>
								</mstns:CrossReferenceItem></mstns:CrossReference>
										<mstns:When></mstns:When>
										<mstns:Dependencies>
											
										</mstns:Dependencies>
										<mstns:CMMI>
											
										</mstns:CMMI>
										<mstns:Criteria>
											
										<mstns:CriteriaItem CriteriaType="Entry">
									<mstns:CriteriaName>Database Project Verified</mstns:CriteriaName>
									<mstns:CriteriaLink></mstns:CriteriaLink>
									<mstns:CriteriaDescription>The database project is verified on a sandbox server and is ready to be used by developers.</mstns:CriteriaDescription>
									<mstns:WorkProductName></mstns:WorkProductName>
								</mstns:CriteriaItem><mstns:CriteriaItem CriteriaType="Exit">
									<mstns:CriteriaName>Database Project Checked In to Source Control</mstns:CriteriaName>
									<mstns:CriteriaLink></mstns:CriteriaLink>
									<mstns:CriteriaDescription>The database project is checked in to source control.</mstns:CriteriaDescription>
									<mstns:WorkProductName></mstns:WorkProductName>
								</mstns:CriteriaItem></mstns:Criteria>
									</mstns:ContentItem></mstns:Content><mstns:NavStructure><mstns:Menu><mstns:MenuName>
            </mstns:MenuName><mstns:MenuItem><mstns:MenuItemName>
                </mstns:MenuItemName><mstns:MenuItemTransform>
                </mstns:MenuItemTransform><mstns:MenuItemDescription>
                </mstns:MenuItemDescription></mstns:MenuItem></mstns:Menu><mstns:ImageMenu></mstns:ImageMenu><mstns:BulletMenu><mstns:MenuName>
            </mstns:MenuName><mstns:MenuItem><mstns:MenuItemName>
                </mstns:MenuItemName><mstns:MenuItemTransform>
                </mstns:MenuItemTransform><mstns:MenuBulletImage>
                </mstns:MenuBulletImage><mstns:MenuItemDescription>
                </mstns:MenuItemDescription></mstns:MenuItem></mstns:BulletMenu></mstns:NavStructure><mstns:Glossary><mstns:GlossaryName>Glossary</mstns:GlossaryName><mstns:GlossaryItem><mstns:Term>
            </mstns:Term><mstns:Definition>
            </mstns:Definition><mstns:Reference>
            </mstns:Reference></mstns:GlossaryItem></mstns:Glossary><mstns:HelpContextMap><mstns:MapItem><mstns:Keyword>
            </mstns:Keyword><mstns:Context>
            </mstns:Context><mstns:ContentName>
            </mstns:ContentName></mstns:MapItem></mstns:HelpContextMap><mstns:Index><mstns:IndexItem><mstns:Keyword>
            </mstns:Keyword><mstns:ContentName>
            </mstns:ContentName></mstns:IndexItem></mstns:Index></mstns:ProcessGuidance>