﻿<?xml version="1.0" encoding="UTF-8"?>
<?mso-infoPathSolution PIVersion="1.0.0.0" language="en-us" name="urn:schemas-microsoft-com:office:infopath:template2:http---tempuri-org-XMLSchema-xsd" solutionVersion="1.0.0.157" productVersion="11.0.6565" ?><?mso-application progid="InfoPath.Document"?><mstns:ProcessGuidance xmlns:mstns="http://tempuri.org/XMLSchema.xsd" xmlns:xsi="http://www.w3.org/2001/XMLSchema-instance" xmlns:xhtml="http://www.w3.org/1999/xhtml" xmlns:my="http://schemas.microsoft.com/office/infopath/2003/myXSD/2004-10-13T22:49:49" xmlns:xd="http://schemas.microsoft.com/office/infopath/2003"><mstns:Content><mstns:ContentItem ContentType="Workstream"><mstns:ContentOrder>3</mstns:ContentOrder><mstns:ContentName>Create a Quality of Service Requirement</mstns:ContentName><mstns:ContentDescription>Quality of service requirements are used to capture non-functional requirements or constraints on the functionality of the system. Quality of service requirements must be precise and not subjective in their definition. The requirements are identified, prioritized, and if scheduled for the current iteration, written.</mstns:ContentDescription><mstns:ContentLink>
            </mstns:ContentLink><mstns:Parts><mstns:Part PartType="Step"><mstns:PartName>Brainstorm Quality of Service Requirements</mstns:PartName><mstns:Sequence>1</mstns:Sequence><mstns:isRequired>true</mstns:isRequired><mstns:PartDescription>Identify quality of service goals.</mstns:PartDescription><mstns:PartDescription>Identify quality factors.</mstns:PartDescription><mstns:PartDescription>Identify requirements not expressed by scenarios.</mstns:PartDescription><mstns:PartDescription>Communicate the quality of service requirements.</mstns:PartDescription></mstns:Part><mstns:Part PartType="Step"><mstns:PartName>Develop Lifestyle Snapshot</mstns:PartName><mstns:Sequence>2</mstns:Sequence><mstns:isRequired>false</mstns:isRequired><mstns:PartDescription>Identify an ideal persona time period.</mstns:PartDescription><mstns:PartDescription>Identify technical opportunities.</mstns:PartDescription></mstns:Part><mstns:Part PartType="Step"><mstns:PartName>Prioritize Quality of Service Requirements List</mstns:PartName><mstns:Sequence>3</mstns:Sequence><mstns:isRequired>true</mstns:isRequired><mstns:PartDescription>Determine the importance of each requirement.</mstns:PartDescription><mstns:PartDescription>Determine overall requirement priority.</mstns:PartDescription></mstns:Part><mstns:Part PartType="Step"><mstns:PartName>Write Quality of Service Requirement</mstns:PartName><mstns:Sequence>4</mstns:Sequence><mstns:isRequired>true</mstns:isRequired><mstns:PartDescription>Document the quality of service requirement.</mstns:PartDescription><mstns:PartDescription>Attach supporting information.</mstns:PartDescription></mstns:Part><mstns:Part PartType="Step"><mstns:PartName>Identify Security Objectives</mstns:PartName><mstns:Sequence>5</mstns:Sequence><mstns:isRequired>true</mstns:isRequired><mstns:PartDescription>Document the security objective.</mstns:PartDescription><mstns:PartDescription>Attach supporting information.</mstns:PartDescription></mstns:Part></mstns:Parts><mstns:RACI><mstns:RACIItem RACIType="Responsible"><mstns:RoleName>Business Analyst</mstns:RoleName><mstns:RACIDescription>Business Analyst</mstns:RACIDescription></mstns:RACIItem></mstns:RACI><mstns:CrossReference><mstns:CrossReferenceItem CrossType="WorkItem"><mstns:CrossName>Quality of Service Requirement</mstns:CrossName><mstns:CrossLink>
                    </mstns:CrossLink><mstns:CrossDescription>
                    </mstns:CrossDescription></mstns:CrossReferenceItem><mstns:CrossReferenceItem CrossType="WorkProduct-Excel"><mstns:CrossName>Quality of Service Requirement List</mstns:CrossName><mstns:CrossLink>
                    </mstns:CrossLink><mstns:CrossDescription>Roles</mstns:CrossDescription></mstns:CrossReferenceItem><mstns:CrossReferenceItem CrossType="NextStep"><mstns:CrossName>Plan an Iteration</mstns:CrossName><mstns:CrossLink>
                    </mstns:CrossLink><mstns:CrossDescription>Plan an Iteration</mstns:CrossDescription></mstns:CrossReferenceItem></mstns:CrossReference><mstns:When>
            </mstns:When><mstns:Dependencies><mstns:DependencyItem><mstns:DependencyName>
                    </mstns:DependencyName><mstns:DependencyDescription>The vision statement is published to the project portal.</mstns:DependencyDescription></mstns:DependencyItem></mstns:Dependencies><mstns:CMMI></mstns:CMMI><mstns:Criteria><mstns:CriteriaItem CriteriaType="Exit"><mstns:CriteriaName>A list of known quality of service requirements such as platform, load, stress, security, and performance is published to the project portal.</mstns:CriteriaName><mstns:CriteriaDescription>A list of known quality of service requirements such as platform, load, stress, security, and performance is published to the project portal.</mstns:CriteriaDescription></mstns:CriteriaItem><mstns:CriteriaItem CriteriaType="Exit"><mstns:CriteriaName>Testable descriptions of all of the quality of service requirements scheduled to be developed or prototyped in the upcoming iteration are attached to the quality of service requirement work items.</mstns:CriteriaName><mstns:CriteriaDescription>Testable descriptions of all of the quality of service requirements scheduled to be developed or prototyped in the upcoming iteration are attached to the quality of service requirement work items.</mstns:CriteriaDescription></mstns:CriteriaItem></mstns:Criteria></mstns:ContentItem><mstns:ContentItem ContentType="Activity"><mstns:ContentOrder>
            </mstns:ContentOrder><mstns:ContentName>Brainstorm Quality of Service Requirements</mstns:ContentName><mstns:ContentDescription>To brainstorm quality of service requirements, analyze each scenario and determine which interactions need quality of service requirements. While brainstorming, identify aspects of the system that may need quality of service requirements not captured in scenarios. The quality of service requirements list identifies and collects the non-functional requirements of the application. It is a list of constraints on the functionality of the system. The business analyst reevaluates and modifies the quality of service requirements list as new requirements emerge through testing and as project needs change.</mstns:ContentDescription><mstns:ContentLink>
            </mstns:ContentLink><mstns:Parts><mstns:Part PartType="Step"><mstns:PartName>Identify Quality of Service Goals</mstns:PartName><mstns:Sequence>1</mstns:Sequence><mstns:isRequired>true</mstns:isRequired><mstns:PartDescription>Open the quality of service requirements list in the requirements folder of Team Explorer. The quality of service requirements list is linked to the project. Import any quality of service requirement work items that were created directly through Team Explorer if necessary.</mstns:PartDescription><mstns:PartDescription>Run through the quality of service categories such as platform, performance, security, and capacity. Determine the goals of the system in each of these categories where possible. If security is a concern, create a risk work item and assign it to an architect to lead the threat modeling effort.</mstns:PartDescription></mstns:Part><mstns:Part PartType="Step"><mstns:PartName>Identify Quality of Service Requirements</mstns:PartName><mstns:Sequence>2</mstns:Sequence><mstns:isRequired>true</mstns:isRequired><mstns:PartDescription>Analyze the scenarios and apply the quality of service goals to service levels and usage at each point where the system responds to a persona.</mstns:PartDescription><mstns:PartDescription>
                        <div style="PADDING-RIGHT: 0in; MARGIN-TOP: 0in; PADDING-LEFT: 0in; MARGIN-BOTTOM: 0pt" xmlns="http://www.w3.org/1999/xhtml">
                            <span>Express the quality of service requirement as an observable measurement in the format of context, stimulus, and response. For example, the performance of a catalog search might require that search results be returned in under 3 seconds.</span>
                            <font style="FONT-SIZE: 12pt">
                            </font>
                        </div>
                    </mstns:PartDescription><mstns:PartDescription>
                        <div style="PADDING-RIGHT: 0in; MARGIN-TOP: 0in; PADDING-LEFT: 0in; MARGIN-BOTTOM: 0pt" xmlns="http://www.w3.org/1999/xhtml">
                            <span>Assign the quality of service requirements to a business analyst. Save and synchronize the quality of service requirements list to create the quality of service requirement work items. Each quality of service requirement entry in the spreadsheet creates a work item on Team Foundation Server when the Microsoft Excel workbook is synchronized. Publish the quality of service requirements list to the project portal</span>.<font style="FONT-SIZE: 12pt"> </font></div>
                    </mstns:PartDescription></mstns:Part></mstns:Parts><mstns:RACI><mstns:RACIItem RACIType="Responsible"><mstns:RoleName>Business Analyst</mstns:RoleName><mstns:RACIDescription>Business Analyst</mstns:RACIDescription></mstns:RACIItem></mstns:RACI><mstns:CrossReference><mstns:CrossReferenceItem CrossType="WorkItem"><mstns:CrossName>Quality of Service Requirement</mstns:CrossName><mstns:CrossLink>
                    </mstns:CrossLink><mstns:CrossDescription>New</mstns:CrossDescription></mstns:CrossReferenceItem><mstns:CrossReferenceItem CrossType="Cycles"><mstns:CrossName>As Needed</mstns:CrossName><mstns:CrossLink>
                    </mstns:CrossLink><mstns:CrossDescription>
                    </mstns:CrossDescription></mstns:CrossReferenceItem><mstns:CrossReferenceItem CrossType="Tracks"><mstns:CrossName>Build</mstns:CrossName><mstns:CrossLink>
                    </mstns:CrossLink><mstns:CrossDescription>
                    </mstns:CrossDescription></mstns:CrossReferenceItem><mstns:CrossReferenceItem CrossType="WorkProduct-Excel"><mstns:CrossName>Quality of Service Requirement List</mstns:CrossName><mstns:CrossLink>
                    </mstns:CrossLink><mstns:CrossDescription>
                    </mstns:CrossDescription></mstns:CrossReferenceItem><mstns:CrossReferenceItem CrossType="SeeAlso"><mstns:CrossName>How to: Create a Quality of Service Requirements List</mstns:CrossName><mstns:CrossLink>
                    </mstns:CrossLink><mstns:CrossDescription>How to: Create a Quality of Service Requirements List</mstns:CrossDescription></mstns:CrossReferenceItem><mstns:CrossReferenceItem CrossType="NextStep"><mstns:CrossName>Prioritize Quality of Service Requirements List</mstns:CrossName><mstns:CrossLink>
                    </mstns:CrossLink><mstns:CrossDescription>Prioritize Quality of Service Requirements List</mstns:CrossDescription></mstns:CrossReferenceItem></mstns:CrossReference><mstns:When>
            </mstns:When><mstns:Dependencies><mstns:DependencyItem><mstns:DependencyName>
                    </mstns:DependencyName><mstns:DependencyDescription>The scenario list is published on the project portal. </mstns:DependencyDescription></mstns:DependencyItem></mstns:Dependencies><mstns:CMMI></mstns:CMMI><mstns:Criteria><mstns:CriteriaItem CriteriaType="Exit"><mstns:CriteriaName>The quality of service requirements list is published on the project portal. </mstns:CriteriaName><mstns:CriteriaDescription>The quality of service requirements list is published on the project portal.</mstns:CriteriaDescription></mstns:CriteriaItem></mstns:Criteria></mstns:ContentItem><mstns:ContentItem ContentType="Activity"><mstns:ContentOrder>
            </mstns:ContentOrder><mstns:ContentName>Develop Lifestyle Snapshot</mstns:ContentName><mstns:ContentDescription>Lifestyle snapshots are an optional step used in conjunction with personas. Lifestyle snapshots help flesh out the situational specifics for writing scenarios. A lifestyle snapshot is a description of a day or short period of time in the life of a persona. The description is concrete and omits the use of the proposed new technology. The day in the life of the persona helps demonstrate how the new system or product adds value for the persona. Contextual understanding from a lifestyle snapshot helps assess the value each scenario adds and provides input for scenario prioritization.</mstns:ContentDescription><mstns:ContentLink>
            </mstns:ContentLink><mstns:Parts><mstns:Part PartType="Step"><mstns:PartName>Create Prototypical Persona Day</mstns:PartName><mstns:Sequence>1</mstns:Sequence><mstns:isRequired>true</mstns:isRequired><mstns:PartDescription>For each persona, identify and describe one or more prototypical periods of time in the life of the persona.</mstns:PartDescription></mstns:Part><mstns:Part PartType="Step"><mstns:PartName>Identify Technology Opportunities</mstns:PartName><mstns:Sequence>2</mstns:Sequence><mstns:isRequired>true</mstns:isRequired><mstns:PartDescription>For each day in the life, identify opportunities where the product could be used to add value to help the persona better realize their potential and goals.</mstns:PartDescription><mstns:PartDescription>Add a scenario entry to the scenario list for each new scenario.</mstns:PartDescription><mstns:PartDescription>Look for quality of service requirements and add an entry to the quality of service requirements list.</mstns:PartDescription></mstns:Part></mstns:Parts><mstns:RACI><mstns:RACIItem RACIType="Responsible"><mstns:RoleName>Business Analyst</mstns:RoleName><mstns:RACIDescription>Business Analyst</mstns:RACIDescription></mstns:RACIItem></mstns:RACI><mstns:CrossReference><mstns:CrossReferenceItem CrossType="WorkItem"><mstns:CrossName>Scenario</mstns:CrossName><mstns:CrossLink>
                    </mstns:CrossLink><mstns:CrossDescription>New</mstns:CrossDescription></mstns:CrossReferenceItem><mstns:CrossReferenceItem CrossType="Cycles"><mstns:CrossName>As Needed</mstns:CrossName><mstns:CrossLink>
                    </mstns:CrossLink><mstns:CrossDescription>
                    </mstns:CrossDescription></mstns:CrossReferenceItem><mstns:CrossReferenceItem CrossType="Tracks"><mstns:CrossName>Build</mstns:CrossName><mstns:CrossLink>
                    </mstns:CrossLink><mstns:CrossDescription>
                    </mstns:CrossDescription></mstns:CrossReferenceItem><mstns:CrossReferenceItem CrossType="WorkProduct-Excel"><mstns:CrossName>Scenario List</mstns:CrossName><mstns:CrossLink>
                    </mstns:CrossLink><mstns:CrossDescription>Create a Scenario</mstns:CrossDescription></mstns:CrossReferenceItem><mstns:CrossReferenceItem CrossType="WorkItem"><mstns:CrossName>Quality of Service Requirement</mstns:CrossName><mstns:CrossLink>
                    </mstns:CrossLink><mstns:CrossDescription>New</mstns:CrossDescription></mstns:CrossReferenceItem><mstns:CrossReferenceItem CrossType="WorkProduct-Excel"><mstns:CrossName>Quality of Service Requirement List</mstns:CrossName><mstns:CrossLink>
                    </mstns:CrossLink><mstns:CrossDescription>
                    </mstns:CrossDescription></mstns:CrossReferenceItem><mstns:CrossReferenceItem CrossType="SeeAlso"><mstns:CrossName>How To: Create a Scenario List</mstns:CrossName><mstns:CrossLink>
                    </mstns:CrossLink><mstns:CrossDescription>How To: Create a Scenario List</mstns:CrossDescription></mstns:CrossReferenceItem><mstns:CrossReferenceItem CrossType="NextStep"><mstns:CrossName>Prioritize Scenario List</mstns:CrossName><mstns:CrossLink>
                    </mstns:CrossLink><mstns:CrossDescription>Prioritize Scenario List</mstns:CrossDescription></mstns:CrossReferenceItem></mstns:CrossReference><mstns:When>
            </mstns:When><mstns:Dependencies><mstns:DependencyItem><mstns:DependencyName></mstns:DependencyName><mstns:DependencyDescription>The personas are published on the project portal.</mstns:DependencyDescription></mstns:DependencyItem></mstns:Dependencies><mstns:CMMI></mstns:CMMI><mstns:Criteria><mstns:CriteriaItem CriteriaType="Exit"><mstns:CriteriaName>The scenarios list reflects the needs of the persona.</mstns:CriteriaName><mstns:CriteriaDescription>The scenarios list reflects the needs of the persona.</mstns:CriteriaDescription><mstns:WorkProductName>
                    </mstns:WorkProductName></mstns:CriteriaItem></mstns:Criteria></mstns:ContentItem><mstns:ContentItem ContentType="Activity"><mstns:ContentOrder>
            </mstns:ContentOrder><mstns:ContentName>Prioritize Quality of Service Requirements List</mstns:ContentName><mstns:ContentDescription>
                <div style="PADDING-RIGHT: 0in; MARGIN-TOP: 0in; PADDING-LEFT: 0in; MARGIN-BOTTOM: 0pt" xmlns="http://www.w3.org/1999/xhtml">
                    <span>The quality of service requirements list is prioritized by value and impact to the user. Requirements with the highest value to users are implemented first. A prioritized quality of service requirements list is included in the iteration plan. The iteration plan is used to schedule development while maximizing efficient use of resources. The quality of service requirements list is re-prioritized as requirements are added or removed and as user needs change or become more clear.</span>
                </div>
            </mstns:ContentDescription><mstns:ContentLink>
            </mstns:ContentLink><mstns:Parts><mstns:Part PartType="Step"><mstns:PartName>Determine an Overall Priority</mstns:PartName><mstns:Sequence>1</mstns:Sequence><mstns:isRequired>true</mstns:isRequired><mstns:PartDescription>Assign an overall priority for each scenario in the list. Record the corresponding numeric value in the rank field in the scenario list.</mstns:PartDescription><mstns:PartDescription>Sort the quality of service requirements list by rank. Place the highest priority quality of service requirements first on the list. Rank the remaining requirements against one another.</mstns:PartDescription><mstns:PartDescription>Close low priority requirements unlikely to be implemented using the proper reason code.</mstns:PartDescription><mstns:PartDescription>
                        <span xmlns="http://www.w3.org/1999/xhtml">If the quality of service requirement might be implemented in a future release, mark it as deferred.</span>
                    </mstns:PartDescription><mstns:PartDescription>
                        <span xmlns="http://www.w3.org/1999/xhtml">Save and publish the list to the project portal.</span>
                    </mstns:PartDescription></mstns:Part><mstns:Part PartType="Step"><mstns:PartName>Outline High Priority Scenarios</mstns:PartName><mstns:Sequence>2</mstns:Sequence><mstns:isRequired>true</mstns:isRequired><mstns:PartDescription>
                        <span xmlns="http://www.w3.org/1999/xhtml">Use the scenario template to outline and provide a brief description of the highest priority scenarios. The outline should contain enough detail for developers to provide an estimate.</span>
                    </mstns:PartDescription><mstns:PartDescription>
                        <span xmlns="http://www.w3.org/1999/xhtml">Add notes in the description field outlining complexities surrounding of the quality of service requirements.</span>
                    </mstns:PartDescription><mstns:PartDescription>
                        <span xmlns="http://www.w3.org/1999/xhtml">Save and attach the outlined scenario to the scenario work item.</span>
                    </mstns:PartDescription></mstns:Part><mstns:Part PartType="Step"><mstns:PartName>Communicate Need for Estimates</mstns:PartName><mstns:Sequence>3</mstns:Sequence><mstns:isRequired>true</mstns:isRequired><mstns:PartDescription>Send notification to the developers requesting general estimates for the top requirements.</mstns:PartDescription><mstns:PartDescription>Set expectations that the estimates are used to get an overall understanding of how difficult each quality of service requirement is to implement.</mstns:PartDescription><mstns:PartDescription>
                        <span xmlns="http://www.w3.org/1999/xhtml">Assign a due date for returning the estimates. Provide a description for the scenario if any additional details are needed.</span>
                    </mstns:PartDescription><mstns:PartDescription>
                        <span xmlns="http://www.w3.org/1999/xhtml">Notify the project manager to begin iteration planning.</span>
                    </mstns:PartDescription></mstns:Part><mstns:Part PartType="Step"><mstns:PartName>Split or Reprioritize Requirements</mstns:PartName><mstns:Sequence>4</mstns:Sequence><mstns:isRequired>false</mstns:isRequired><mstns:PartDescription>If the cost of the quality of service requirement exceeds the iteration budget, determine if the requirement can be split.</mstns:PartDescription><mstns:PartDescription>
                        <span xmlns="http://www.w3.org/1999/xhtml">Split the quality of service requirement into two or more smaller ones if splitting is deemed appropriate.</span>
                    </mstns:PartDescription><mstns:PartDescription>
                        <span xmlns="http://www.w3.org/1999/xhtml">Close out or defer any quality of service requirements deemed too costly.</span>
                    </mstns:PartDescription><mstns:PartDescription>
                        <span xmlns="http://www.w3.org/1999/xhtml">Revisit the priorities based on development estimates and obtain further estimates to identify requirements for the upcoming iteration.</span>
                    </mstns:PartDescription></mstns:Part></mstns:Parts><mstns:RACI><mstns:RACIItem RACIType="Responsible"><mstns:RoleName>Business Analyst</mstns:RoleName><mstns:RACIDescription>Business Analyst</mstns:RACIDescription></mstns:RACIItem></mstns:RACI><mstns:CrossReference><mstns:CrossReferenceItem CrossType="WorkItem"><mstns:CrossName>Quality of Service Requirement</mstns:CrossName><mstns:CrossLink>
                    </mstns:CrossLink><mstns:CrossDescription>Active</mstns:CrossDescription></mstns:CrossReferenceItem><mstns:CrossReferenceItem CrossType="WorkProduct-Excel"><mstns:CrossName>Quality of Service Requirement List</mstns:CrossName><mstns:CrossLink>
                    </mstns:CrossLink><mstns:CrossDescription>
                    </mstns:CrossDescription></mstns:CrossReferenceItem><mstns:CrossReferenceItem CrossType="Cycles"><mstns:CrossName>Iteration</mstns:CrossName><mstns:CrossLink>
                    </mstns:CrossLink><mstns:CrossDescription>
                    </mstns:CrossDescription></mstns:CrossReferenceItem><mstns:CrossReferenceItem CrossType="Tracks"><mstns:CrossName>Build</mstns:CrossName><mstns:CrossLink>
                    </mstns:CrossLink><mstns:CrossDescription>
                    </mstns:CrossDescription></mstns:CrossReferenceItem><mstns:CrossReferenceItem CrossType="NextStep"><mstns:CrossName>Estimate Quality of Service Requirement</mstns:CrossName><mstns:CrossLink>
                    </mstns:CrossLink><mstns:CrossDescription>Estimate Quality of Service Requirement</mstns:CrossDescription></mstns:CrossReferenceItem><mstns:CrossReferenceItem CrossType="NextStep"><mstns:CrossName>Write Quality of Service Requirement</mstns:CrossName><mstns:CrossLink>
                    </mstns:CrossLink><mstns:CrossDescription>Write Quality of Service Requirement</mstns:CrossDescription></mstns:CrossReferenceItem><mstns:CrossReferenceItem CrossType="SeeAlso"><mstns:CrossName>Prioritize Scenario List</mstns:CrossName><mstns:CrossLink>
                    </mstns:CrossLink><mstns:CrossDescription>Prioritize Scenario List</mstns:CrossDescription></mstns:CrossReferenceItem><mstns:CrossReferenceItem CrossType="SeeAlso"><mstns:CrossName>
                    </mstns:CrossName><mstns:CrossLink>ms-help://MS.VSCC.v80/dv_commoner/local/redirect.htm?keyword='7eb6c328-7f40-4ffc-8c8f-1ef8a3909a8a'</mstns:CrossLink><mstns:CrossDescription>
                    </mstns:CrossDescription></mstns:CrossReferenceItem></mstns:CrossReference><mstns:When>
            </mstns:When><mstns:Dependencies><mstns:DependencyItem><mstns:DependencyName>
                    </mstns:DependencyName><mstns:DependencyDescription>The iteration length is determined and communicated.</mstns:DependencyDescription></mstns:DependencyItem><mstns:DependencyItem>
										<mstns:DependencyName></mstns:DependencyName>
										<mstns:DependencyDescription>The quality of service requirements list is published to the project portal and is up-to-date. </mstns:DependencyDescription>
									</mstns:DependencyItem></mstns:Dependencies><mstns:CMMI/><mstns:Criteria><mstns:CriteriaItem CriteriaType="Exit"><mstns:CriteriaName>A prioritized list of quality of service requirements is published to the project portal. </mstns:CriteriaName><mstns:CriteriaDescription>
                        <span xmlns="http://www.w3.org/1999/xhtml">A prioritized list of quality of service requirements is published to the project portal.</span>
                    </mstns:CriteriaDescription></mstns:CriteriaItem><mstns:CriteriaItem CriteriaType="Exit"><mstns:CriteriaName>The highest priority quality of service requirements in the list have completed estimates.</mstns:CriteriaName><mstns:CriteriaLink>
                    </mstns:CriteriaLink><mstns:CriteriaDescription>
                        <span xmlns="http://www.w3.org/1999/xhtml">The highest priority quality of service requirements in the list have completed estimates.</span>
                    </mstns:CriteriaDescription><mstns:WorkProductName>
                    </mstns:WorkProductName></mstns:CriteriaItem></mstns:Criteria></mstns:ContentItem><mstns:ContentItem ContentType="Activity"><mstns:ContentOrder>
            </mstns:ContentOrder><mstns:ContentName>Write Quality of Service Requirement</mstns:ContentName><mstns:ContentDescription>
                <font xmlns="http://www.w3.org/1999/xhtml">
                    <div>Quality of service requirements are used to capture non-functional requirements or constraints on the functionality of the system. Quality of service requirements must be precise and not subjective in their definition. The description must provide enough information that a developer can design and code functionality that meets the quality of service requirement.</div>
                </font>
            </mstns:ContentDescription><mstns:ContentLink>
            </mstns:ContentLink><mstns:Parts><mstns:Part PartType="Step"><mstns:PartName>Document the Quality of Service Requirement</mstns:PartName><mstns:Sequence>1</mstns:Sequence><mstns:isRequired>true</mstns:isRequired><mstns:PartDescription>
                        <font size="1" xmlns="http://www.w3.org/1999/xhtml">
                            <div>Add a description of the quality of service requirement in the description field of the quality of service requirement work item. Use the following language template when developing the quality of service requirements, &lt;context&gt;, &lt;stimulus&gt;, &lt;response&gt;. Be sure that the quality of service requirement is testable and leave design to the architects and developers.</div>
                        </font>
                    </mstns:PartDescription><mstns:PartDescription>
                        <font size="1" xmlns="http://www.w3.org/1999/xhtml">
                            <div>If the brief description is not sufficient for complete understanding, write a more detailed form, providing goals and rationale. Clarify an vague or ambiguous areas of the requirement.</div>
                        </font>
                    </mstns:PartDescription></mstns:Part><mstns:Part PartType="Step"><mstns:PartName>Attach Supporting Information</mstns:PartName><mstns:Sequence>2</mstns:Sequence><mstns:isRequired>true</mstns:isRequired><mstns:PartDescription>
                        <font size="1" xmlns="http://www.w3.org/1999/xhtml">
                            <div>Attach any scenarios that are affected by the quality of service requirement if applicable. If the quality of service requirement affects all of the scenarios or a majority of them, simply note this rather than attaching very large numbers of scenarios.</div>
                        </font>
                    </mstns:PartDescription><mstns:PartDescription>
                        <font size="1" xmlns="http://www.w3.org/1999/xhtml">
                            <div>Attach any supporting documents such as storyboards if needed.</div>
                        </font>
                    </mstns:PartDescription></mstns:Part></mstns:Parts><mstns:RACI><mstns:RACIItem RACIType="Responsible"><mstns:RoleName>Business Analyst</mstns:RoleName><mstns:RACIDescription>Business Analyst</mstns:RACIDescription></mstns:RACIItem></mstns:RACI><mstns:Verification></mstns:Verification><mstns:CrossReference><mstns:CrossReferenceItem CrossType="WorkItem"><mstns:CrossName>Quality of Service Requirement</mstns:CrossName><mstns:CrossLink>
                    </mstns:CrossLink><mstns:CrossDescription>Active</mstns:CrossDescription></mstns:CrossReferenceItem><mstns:CrossReferenceItem CrossType="Cycles"><mstns:CrossName>Iteration</mstns:CrossName><mstns:CrossLink>
                    </mstns:CrossLink><mstns:CrossDescription>
                    </mstns:CrossDescription></mstns:CrossReferenceItem><mstns:CrossReferenceItem CrossType="Disciplines"><mstns:CrossName>Risk Management</mstns:CrossName><mstns:CrossLink>
                    </mstns:CrossLink><mstns:CrossDescription>
                    </mstns:CrossDescription></mstns:CrossReferenceItem><mstns:CrossReferenceItem CrossType="Tracks"><mstns:CrossName>Build</mstns:CrossName><mstns:CrossLink>
                    </mstns:CrossLink><mstns:CrossDescription>
                    </mstns:CrossDescription></mstns:CrossReferenceItem><mstns:CrossReferenceItem CrossType="Qualities of Service"><mstns:CrossName>Performance</mstns:CrossName><mstns:CrossLink>
                    </mstns:CrossLink><mstns:CrossDescription>
                    </mstns:CrossDescription></mstns:CrossReferenceItem><mstns:CrossReferenceItem CrossType="NextStep"><mstns:CrossName>Develop Performance Model</mstns:CrossName><mstns:CrossLink>
                    </mstns:CrossLink><mstns:CrossDescription>Develop Performance Model</mstns:CrossDescription></mstns:CrossReferenceItem><mstns:CrossReferenceItem CrossType="NextStep"><mstns:CrossName>Identify Risk</mstns:CrossName><mstns:CrossLink>
                    </mstns:CrossLink><mstns:CrossDescription>Identify Risk</mstns:CrossDescription></mstns:CrossReferenceItem><mstns:CrossReferenceItem CrossType="NextStep"><mstns:CrossName>Divide Quality of Service Requirements into Tasks</mstns:CrossName><mstns:CrossLink>
                    </mstns:CrossLink><mstns:CrossDescription>Divide Quality of Service Requirements into Tasks</mstns:CrossDescription></mstns:CrossReferenceItem><mstns:CrossReferenceItem CrossType="SeeAlso"><mstns:CrossName>
                    </mstns:CrossName><mstns:CrossLink>ms-help://MS.VSCC.v80/dv_commoner/local/redirect.htm?keyword='230edc8b-d7b1-484b-b1d2-50b8b8b415ef'</mstns:CrossLink><mstns:CrossDescription>
                    </mstns:CrossDescription></mstns:CrossReferenceItem></mstns:CrossReference><mstns:When>
            </mstns:When><mstns:Dependencies><mstns:DependencyItem><mstns:DependencyName>
                    </mstns:DependencyName><mstns:DependencyDescription>The quality of service requirement has been scheduled for prototyping or implementation in the next iteration.</mstns:DependencyDescription></mstns:DependencyItem></mstns:Dependencies><mstns:CMMI></mstns:CMMI><mstns:Criteria><mstns:CriteriaItem CriteriaType="Exit"><mstns:CriteriaName>The reviewed quality of service requirement captures the constraint on the system and can be implemented by the development team and tested by the test team.</mstns:CriteriaName><mstns:CriteriaDescription>The reviewed quality of service requirement captures the constraint on the system and can be implemented by the development team and tested by the test team.</mstns:CriteriaDescription></mstns:CriteriaItem></mstns:Criteria></mstns:ContentItem><mstns:ContentItem ContentType="Activity"><mstns:ContentOrder>
            </mstns:ContentOrder><mstns:ContentName>Identify Security Objectives</mstns:ContentName><mstns:ContentDescription><div xmlns="http://www.w3.org/1999/xhtml"><span>Security objectives determine the levels to which the solution will protect itself and its assets. There may be data that needs to be protected, regulatory requirements, or intangible assets such as company reputation, trade secrets, or intellectual property. Security objectives should be specific, testable statements about what is to be protected. They should not specify how. Security objectives usually start with a "verb" such as "Prevent unauthorized users from obtaining account information for our customers". The asset should be clearly identified.</span> </div></mstns:ContentDescription><mstns:ContentLink>
            </mstns:ContentLink><mstns:Parts><mstns:Part PartType="Step"><mstns:PartName>Document the Security Objective</mstns:PartName><mstns:Sequence>1</mstns:Sequence><mstns:isRequired>true</mstns:isRequired><mstns:PartDescription>Add a description of the security objective in the description field of the quality of service requirement work item. Be sure that the security objective refers to a specific asset and is testable. Leave design to the architects and developers.</mstns:PartDescription><mstns:PartDescription>
                        <div class="tableitem" align="left" xmlns="http://www.w3.org/1999/xhtml">If the brief description is not sufficient for complete understanding, write a more detailed form, providing goals and rationale. Clarify an vague or ambiguous areas of the objective.</div>
                    </mstns:PartDescription></mstns:Part><mstns:Part PartType="Step"><mstns:PartName>Attach Supporting Information</mstns:PartName><mstns:Sequence>2</mstns:Sequence><mstns:isRequired>true</mstns:isRequired><mstns:PartDescription>Attach any references to regulatory information where applicable. Attach any scenarios that relate to the security objective. If the security objective affects all of the scenarios or a majority of them, simply note this rather than attaching very large numbers.</mstns:PartDescription></mstns:Part></mstns:Parts><mstns:RACI><mstns:RACIItem RACIType="Responsible"><mstns:RoleName>Business Analyst</mstns:RoleName><mstns:RACIDescription>Business Analyst</mstns:RACIDescription></mstns:RACIItem><mstns:RACIItem RACIType="Consulted">
									<mstns:RoleName>Architect</mstns:RoleName>
									<mstns:RACIDescription></mstns:RACIDescription>
								</mstns:RACIItem></mstns:RACI><mstns:Verification></mstns:Verification><mstns:CrossReference><mstns:CrossReferenceItem CrossType="WorkItem"><mstns:CrossName>Quality of Service Requirement</mstns:CrossName><mstns:CrossLink>
                    </mstns:CrossLink><mstns:CrossDescription>Active</mstns:CrossDescription></mstns:CrossReferenceItem><mstns:CrossReferenceItem CrossType="NextStep"><mstns:CrossName>Divide Quality of Service Requirements into Tasks</mstns:CrossName><mstns:CrossLink>
                    </mstns:CrossLink><mstns:CrossDescription>Divide Quality of Service Requirements into Tasks</mstns:CrossDescription></mstns:CrossReferenceItem><mstns:CrossReferenceItem CrossType="Tracks"><mstns:CrossName>Build</mstns:CrossName><mstns:CrossLink>
                    </mstns:CrossLink><mstns:CrossDescription>
                    </mstns:CrossDescription></mstns:CrossReferenceItem><mstns:CrossReferenceItem CrossType="Cycles"><mstns:CrossName>Iteration</mstns:CrossName><mstns:CrossLink>
                    </mstns:CrossLink><mstns:CrossDescription>
                    </mstns:CrossDescription></mstns:CrossReferenceItem><mstns:CrossReferenceItem CrossType="Qualities of Service"><mstns:CrossName>Security</mstns:CrossName><mstns:CrossLink>
                    </mstns:CrossLink><mstns:CrossDescription>
                    </mstns:CrossDescription></mstns:CrossReferenceItem></mstns:CrossReference><mstns:When>
            </mstns:When><mstns:Dependencies><mstns:DependencyItem><mstns:DependencyName>
                    </mstns:DependencyName><mstns:DependencyDescription></mstns:DependencyDescription></mstns:DependencyItem></mstns:Dependencies><mstns:Criteria><mstns:CriteriaItem CriteriaType="Exit"><mstns:CriteriaName>Security requirements have been placed in the quality of service requirement list.</mstns:CriteriaName><mstns:CriteriaDescription>Security requirements have been placed in the quality of service requirement list.</mstns:CriteriaDescription></mstns:CriteriaItem></mstns:Criteria></mstns:ContentItem></mstns:Content><mstns:NavStructure><mstns:Menu><mstns:MenuName>
            </mstns:MenuName><mstns:MenuItem><mstns:MenuItemName>
                </mstns:MenuItemName><mstns:MenuItemTransform>
                </mstns:MenuItemTransform><mstns:MenuItemDescription>
                </mstns:MenuItemDescription></mstns:MenuItem></mstns:Menu><mstns:ImageMenu></mstns:ImageMenu><mstns:BulletMenu><mstns:MenuName>
            </mstns:MenuName><mstns:MenuItem><mstns:MenuItemName>
                </mstns:MenuItemName><mstns:MenuItemTransform>
                </mstns:MenuItemTransform><mstns:MenuBulletImage>
                </mstns:MenuBulletImage><mstns:MenuItemDescription>
                </mstns:MenuItemDescription></mstns:MenuItem></mstns:BulletMenu></mstns:NavStructure><mstns:Glossary><mstns:GlossaryName>Glossary</mstns:GlossaryName><mstns:GlossaryItem><mstns:Term>
            </mstns:Term><mstns:Definition>
            </mstns:Definition><mstns:Reference>
            </mstns:Reference></mstns:GlossaryItem></mstns:Glossary><mstns:HelpContextMap><mstns:MapItem><mstns:Keyword>
            </mstns:Keyword><mstns:Context>
            </mstns:Context><mstns:ContentName>
            </mstns:ContentName></mstns:MapItem></mstns:HelpContextMap><mstns:Index><mstns:IndexItem><mstns:Keyword>
            </mstns:Keyword><mstns:ContentName>
            </mstns:ContentName></mstns:IndexItem></mstns:Index></mstns:ProcessGuidance>