﻿<?xml version="1.0" encoding="UTF-8"?>
<?mso-infoPathSolution PIVersion="1.0.0.0" language="en-us" name="urn:schemas-microsoft-com:office:infopath:template2:http---tempuri-org-XMLSchema-xsd" solutionVersion="1.0.0.157" productVersion="11.0.6565" ?><?mso-application progid="InfoPath.Document"?><mstns:ProcessGuidance xmlns:mstns="http://tempuri.org/XMLSchema.xsd" xmlns:xsi="http://www.w3.org/2001/XMLSchema-instance" xmlns:xhtml="http://www.w3.org/1999/xhtml" xmlns:my="http://schemas.microsoft.com/office/infopath/2003/myXSD/2004-10-13T22:49:49" xmlns:xd="http://schemas.microsoft.com/office/infopath/2003"><mstns:Content><mstns:ContentItem ContentType="Workstream"><mstns:ContentOrder>2</mstns:ContentOrder><mstns:ContentName>Create a Scenario</mstns:ContentName><mstns:ContentDescription>Scenarios capture the functional goals of the system. To find these goals, examine the unique needs for each persona of the system. These goals can be initially listed and later written as scenarios. For each of these goals, also consider the scenarios that may result from unsuccessful or non-optimal attempts to reach the goal. Scenarios are created through brainstorming, lifestyle snapshots, or exploratory testing and added to the scenario list. Scenarios are prioritized and written when they are scheduled for an upcoming iteration. Scenario creation is complete when all of the scenarios scheduled for delivery in an iteration or architectural prototype are written. </mstns:ContentDescription><mstns:ContentLink>
            </mstns:ContentLink><mstns:Parts><mstns:Part PartType="Step"><mstns:PartName>Brainstorm Scenarios</mstns:PartName><mstns:Sequence>1</mstns:Sequence><mstns:isRequired>true</mstns:isRequired><mstns:PartDescription>Determine the system goals.</mstns:PartDescription><mstns:PartDescription>Identify unique scenarios.</mstns:PartDescription></mstns:Part><mstns:Part PartType="Step"><mstns:PartName>Develop Lifestyle Snapshot</mstns:PartName><mstns:Sequence>2</mstns:Sequence><mstns:isRequired>false</mstns:isRequired><mstns:PartDescription>Identify a typical system use.</mstns:PartDescription><mstns:PartDescription>Identify technical opportunities. </mstns:PartDescription></mstns:Part><mstns:Part PartType="Step"><mstns:PartName>Prioritize Scenario List</mstns:PartName><mstns:Sequence>3</mstns:Sequence><mstns:isRequired>true</mstns:isRequired><mstns:PartDescription>Determine scenario priority.</mstns:PartDescription><mstns:PartDescription>Gather implementation estimates.</mstns:PartDescription><mstns:PartDescription>Reprioritize the scenarios.</mstns:PartDescription></mstns:Part><mstns:Part PartType="Step"><mstns:PartName>Write Scenario Description</mstns:PartName><mstns:Sequence>4</mstns:Sequence><mstns:isRequired>true</mstns:isRequired><mstns:PartDescription>Choose the appropriate persona.</mstns:PartDescription><mstns:PartDescription>Write the scenario description.</mstns:PartDescription><mstns:PartDescription>Split the scenario.</mstns:PartDescription></mstns:Part><mstns:Part PartType="Step"><mstns:PartName>Storyboard a Scenario</mstns:PartName><mstns:Sequence>5</mstns:Sequence><mstns:isRequired>false</mstns:isRequired><mstns:PartDescription>Determine storyboarding tools.</mstns:PartDescription><mstns:PartDescription>Generate screenshots.</mstns:PartDescription><mstns:PartDescription>Create a screen-flow diagram.</mstns:PartDescription></mstns:Part></mstns:Parts><mstns:RACI><mstns:RACIItem RACIType="Responsible"><mstns:RoleName>Business Analyst</mstns:RoleName><mstns:RACIDescription>Business Analyst</mstns:RACIDescription></mstns:RACIItem></mstns:RACI><mstns:Verification></mstns:Verification><mstns:CrossReference><mstns:CrossReferenceItem CrossType="WorkItem"><mstns:CrossName>Scenario</mstns:CrossName><mstns:CrossLink>
                    </mstns:CrossLink><mstns:CrossDescription>
                    </mstns:CrossDescription></mstns:CrossReferenceItem><mstns:CrossReferenceItem CrossType="WorkProduct-Word"><mstns:CrossName>Vision Statement</mstns:CrossName><mstns:CrossLink>
                    </mstns:CrossLink><mstns:CrossDescription>
                    </mstns:CrossDescription></mstns:CrossReferenceItem><mstns:CrossReferenceItem CrossType="WorkProduct-Excel"><mstns:CrossName>Scenario List</mstns:CrossName><mstns:CrossLink>
                    </mstns:CrossLink><mstns:CrossDescription>
                    </mstns:CrossDescription></mstns:CrossReferenceItem><mstns:CrossReferenceItem CrossType="NextStep"><mstns:CrossName>Plan an Iteration</mstns:CrossName><mstns:CrossLink>
                    </mstns:CrossLink><mstns:CrossDescription>Plan an Iteration</mstns:CrossDescription></mstns:CrossReferenceItem><mstns:CrossReferenceItem CrossType="Cycles"><mstns:CrossName>Project</mstns:CrossName><mstns:CrossLink>
                    </mstns:CrossLink><mstns:CrossDescription>
                    </mstns:CrossDescription></mstns:CrossReferenceItem><mstns:CrossReferenceItem CrossType="Tracks"><mstns:CrossName>Envision</mstns:CrossName><mstns:CrossLink>
                    </mstns:CrossLink><mstns:CrossDescription>
                    </mstns:CrossDescription></mstns:CrossReferenceItem></mstns:CrossReference><mstns:When>
            </mstns:When><mstns:Dependencies><mstns:DependencyItem><mstns:DependencyName>
                    </mstns:DependencyName><mstns:DependencyDescription>The vision statement is published to the project portal.</mstns:DependencyDescription></mstns:DependencyItem><mstns:DependencyItem><mstns:DependencyName>
                    </mstns:DependencyName><mstns:DependencyDescription>The personas are published to the project portal.</mstns:DependencyDescription></mstns:DependencyItem></mstns:Dependencies><mstns:Criteria><mstns:CriteriaItem CriteriaType="Exit"><mstns:CriteriaName>A list of the known, significant, and differentiated scenarios.</mstns:CriteriaName><mstns:CriteriaDescription>The scenario list contains entries for the known, significant, and differentiated scenarios.</mstns:CriteriaDescription></mstns:CriteriaItem><mstns:CriteriaItem CriteriaType="Exit"><mstns:CriteriaName>Testable descriptions of all of the scenarios are scheduled to be developed or prototyped in the upcoming iteration.</mstns:CriteriaName><mstns:CriteriaDescription>Testable descriptions of all of the scenarios are scheduled to be developed or prototyped in the upcoming iteration are reviewed and published.</mstns:CriteriaDescription></mstns:CriteriaItem></mstns:Criteria></mstns:ContentItem><mstns:ContentItem ContentType="Activity"><mstns:ContentOrder>
            </mstns:ContentOrder><mstns:ContentName>Brainstorm Scenarios</mstns:ContentName><mstns:ContentDescription>A scenario list is a set of scenario entries. Scenario entries are used to identify the scope of the application. A scenario entry consists of the name of the scenario and details on why the scenario is unique. When the spreadsheet is synchronized, the entries become work items. To brainstorm and add scenarios to a scenario list, analyze the application’s goals and how it is used by each of the personas. An initial scenario list is created during the first iteration. Reevaluate and modify the scenario list as the business requirements change or as new scenarios are discovered.</mstns:ContentDescription><mstns:ContentLink>
            </mstns:ContentLink><mstns:Parts><mstns:Part PartType="Step"><mstns:PartName>Determine the System Goals</mstns:PartName><mstns:Sequence>1</mstns:Sequence><mstns:isRequired>true</mstns:isRequired><mstns:PartDescription>Open the scenario list in the requirements folder of Team Explorer. The scenario list is linked to the project. Import any scenarios that were created directly through Team Explorer.</mstns:PartDescription><mstns:PartDescription>Determine the goals of the system by selecting a single persona and explore the ways that the persona would use the system. Write the goal as a top level scenario entry on the scenario list.</mstns:PartDescription></mstns:Part><mstns:Part PartType="Step"><mstns:PartName>Identify Scenarios</mstns:PartName><mstns:Sequence>2</mstns:Sequence><mstns:isRequired>true</mstns:isRequired><mstns:PartDescription>
                        <span xmlns="http://www.w3.org/1999/xhtml">Select a goal and examine the various ways the persona can achieve or fail to achieve the goal. Pick a descriptive name for the way that the persona attempted to reach the goal. Add a scenario entry with that name to the scenario list. Make sure each scenario assists in meeting the vision identified in the <INTERNALLINK location="Vision Statement">vision statement</INTERNALLINK>. If the vision has changed, update the <INTERNALLINK location="Vision Statement">vision statement</INTERNALLINK>.</span>
                    </mstns:PartDescription><mstns:PartDescription>If the purpose of the scenario is not obvious from the name, rename it, or add a description in the description field of the scenario list. This description is often the differentiating factors that separate this scenario from the others. </mstns:PartDescription><mstns:PartDescription>Assign the scenarios to a business analyst. Publish the work items in the scenario list to the work item database.</mstns:PartDescription><mstns:PartDescription>Publish the scenario list to the project portal.</mstns:PartDescription></mstns:Part></mstns:Parts><mstns:RACI><mstns:RACIItem RACIType="Responsible"><mstns:RoleName>Business Analyst</mstns:RoleName><mstns:RACIDescription>Business Analyst</mstns:RACIDescription></mstns:RACIItem></mstns:RACI><mstns:CrossReference><mstns:CrossReferenceItem CrossType="WorkItem"><mstns:CrossName>Scenario</mstns:CrossName><mstns:CrossLink>
                    </mstns:CrossLink><mstns:CrossDescription>New</mstns:CrossDescription></mstns:CrossReferenceItem><mstns:CrossReferenceItem CrossType="Cycles"><mstns:CrossName>As Needed</mstns:CrossName><mstns:CrossLink>
                    </mstns:CrossLink><mstns:CrossDescription>
                    </mstns:CrossDescription></mstns:CrossReferenceItem><mstns:CrossReferenceItem CrossType="Tracks"><mstns:CrossName>Build</mstns:CrossName><mstns:CrossLink>
                    </mstns:CrossLink><mstns:CrossDescription>
                    </mstns:CrossDescription></mstns:CrossReferenceItem><mstns:CrossReferenceItem CrossType="WorkProduct-Word"><mstns:CrossName>Scenario Description</mstns:CrossName><mstns:CrossLink>
                    </mstns:CrossLink><mstns:CrossDescription>
                    </mstns:CrossDescription></mstns:CrossReferenceItem><mstns:CrossReferenceItem CrossType="SeeAlso"><mstns:CrossName>How to: Create a Scenario List</mstns:CrossName><mstns:CrossLink>
                    </mstns:CrossLink><mstns:CrossDescription>How To: Create a Scenario List</mstns:CrossDescription></mstns:CrossReferenceItem><mstns:CrossReferenceItem CrossType="SeeAlso"><mstns:CrossName>Brainstorm Quality of Service Requirements</mstns:CrossName><mstns:CrossLink>
                    </mstns:CrossLink><mstns:CrossDescription>Brainstorm Quality of Service Requirements</mstns:CrossDescription></mstns:CrossReferenceItem><mstns:CrossReferenceItem CrossType="NextStep"><mstns:CrossName>Prioritize Scenario List</mstns:CrossName><mstns:CrossLink>
                    </mstns:CrossLink><mstns:CrossDescription>Prioritize Scenario List</mstns:CrossDescription></mstns:CrossReferenceItem></mstns:CrossReference><mstns:When>
            </mstns:When><mstns:Dependencies><mstns:DependencyItem><mstns:DependencyName>
                    </mstns:DependencyName><mstns:DependencyDescription>The personas are published on the project portal.</mstns:DependencyDescription></mstns:DependencyItem></mstns:Dependencies><mstns:CMMI></mstns:CMMI><mstns:Criteria><mstns:CriteriaItem CriteriaType="Exit"><mstns:CriteriaName>The scenario list is updated with functionality needed to satisfy the project vision.</mstns:CriteriaName><mstns:CriteriaDescription>The scenario list is updated with functionality needed to satisfy the project vision.</mstns:CriteriaDescription></mstns:CriteriaItem></mstns:Criteria></mstns:ContentItem><mstns:ContentItem ContentType="Activity"><mstns:ContentOrder>
            </mstns:ContentOrder><mstns:ContentName>Prioritize Scenario List</mstns:ContentName><mstns:ContentDescription>
                <span xmlns="http://www.w3.org/1999/xhtml">A scenario list is prioritized based on the importance of the scenarios to users as well as the need to include the scenario for the viability of the application. Prioritization determines which scenarios are implemented first. The process of prioritizing the scenario list helps to identify the most important and valuable scenarios to implement in the iteration.</span>
            </mstns:ContentDescription><mstns:ContentLink>
            </mstns:ContentLink><mstns:Parts><mstns:Part PartType="Step"><mstns:PartName>Determine an Overall Priority</mstns:PartName><mstns:Sequence>1</mstns:Sequence><mstns:isRequired>true</mstns:isRequired><mstns:PartDescription>Assign an overall priority for each scenario in the list. Record the corresponding numeric value in the rank field in the scenario list.</mstns:PartDescription><mstns:PartDescription>Sort the scenarios list by rank. Place the highest priority scenarios first on the list. Rank the remaining requirements against one another.</mstns:PartDescription><mstns:PartDescription>
                        <div style="PADDING-RIGHT: 0in; MARGIN-TOP: 0in; PADDING-LEFT: 0in; MARGIN-BOTTOM: 0pt" xmlns="http://www.w3.org/1999/xhtml">Close the low priority scenarios that will be implemented in a future release using the deferred reason code.</div>
                    </mstns:PartDescription><mstns:PartDescription>Save and publish the list to the project portal.</mstns:PartDescription></mstns:Part><mstns:Part PartType="Step"><mstns:PartName>Outline High Priority Scenarios</mstns:PartName><mstns:Sequence>2</mstns:Sequence><mstns:isRequired>true</mstns:isRequired><mstns:PartDescription>Use the scenario description template to outline and provide a brief description of the highest priority scenarios. The outline should contain enough detail for developers to provide an estimate.</mstns:PartDescription><mstns:PartDescription>
                        <span xmlns="http://www.w3.org/1999/xhtml">Add notes in the description field outlining complexities surrounding of the quality of service requirements.</span>
                    </mstns:PartDescription><mstns:PartDescription>
                        <span xmlns="http://www.w3.org/1999/xhtml">Save and attach the outlined scenario description to the scenario work item.</span>
                    </mstns:PartDescription></mstns:Part><mstns:Part PartType="Step"><mstns:PartName>Communicate Need for Estimates</mstns:PartName><mstns:Sequence>3</mstns:Sequence><mstns:isRequired>true</mstns:isRequired><mstns:PartDescription>Send a notification to the project manager and developers requesting general estimates for the top scenarios.</mstns:PartDescription><mstns:PartDescription>Set expectations that the estimates are used to get an overall understanding of how difficult each scenario is to implement.</mstns:PartDescription><mstns:PartDescription>
                        <span xmlns="http://www.w3.org/1999/xhtml">Assign a due date for returning the estimates. Provide a description for the scenario if any additional details are needed.</span>
                    </mstns:PartDescription></mstns:Part><mstns:Part PartType="Step"><mstns:PartName>Split or Reprioritize Requirements</mstns:PartName><mstns:Sequence>4</mstns:Sequence><mstns:isRequired>false</mstns:isRequired><mstns:PartDescription>
                        <div style="PADDING-RIGHT: 0in; MARGIN-TOP: 0in; PADDING-LEFT: 0in; MARGIN-BOTTOM: 0pt" xmlns="http://www.w3.org/1999/xhtml">
                            <span>If the cost of the scenario exceeds the iteration budget, determine if the requirement can be split.</span>
                        </div>
                    </mstns:PartDescription><mstns:PartDescription>
                        <span xmlns="http://www.w3.org/1999/xhtml">Split the scenario into two or more smaller ones if splitting is deemed appropriate.</span>
                    </mstns:PartDescription><mstns:PartDescription>
                        <span xmlns="http://www.w3.org/1999/xhtml">Close out or defer any scenarios deemed too costly.</span>
                    </mstns:PartDescription><mstns:PartDescription>
                        <span xmlns="http://www.w3.org/1999/xhtml">Revisit the priorities based on development estimates and obtain further estimates to identify requirements for the upcoming iteration.</span>
                    </mstns:PartDescription></mstns:Part></mstns:Parts><mstns:RACI><mstns:RACIItem RACIType="Responsible"><mstns:RoleName>Business Analyst</mstns:RoleName><mstns:RACIDescription>Business Analyst</mstns:RACIDescription></mstns:RACIItem></mstns:RACI><mstns:CrossReference><mstns:CrossReferenceItem CrossType="WorkItem"><mstns:CrossName>Scenario</mstns:CrossName><mstns:CrossLink>
                    </mstns:CrossLink><mstns:CrossDescription>
                    </mstns:CrossDescription></mstns:CrossReferenceItem><mstns:CrossReferenceItem CrossType="Cycles"><mstns:CrossName>Iteration</mstns:CrossName><mstns:CrossLink>
                    </mstns:CrossLink><mstns:CrossDescription>
                    </mstns:CrossDescription></mstns:CrossReferenceItem><mstns:CrossReferenceItem CrossType="Tracks"><mstns:CrossName>Build</mstns:CrossName><mstns:CrossLink>
                    </mstns:CrossLink><mstns:CrossDescription>
                    </mstns:CrossDescription></mstns:CrossReferenceItem><mstns:CrossReferenceItem CrossType="WorkProduct-Word"><mstns:CrossName>Scenario Description</mstns:CrossName><mstns:CrossLink>
                    </mstns:CrossLink><mstns:CrossDescription>
                    </mstns:CrossDescription></mstns:CrossReferenceItem><mstns:CrossReferenceItem CrossType="WorkProduct-Excel"><mstns:CrossName>Scenario List</mstns:CrossName><mstns:CrossLink>
                    </mstns:CrossLink><mstns:CrossDescription>
                    </mstns:CrossDescription></mstns:CrossReferenceItem><mstns:CrossReferenceItem CrossType="NextStep"><mstns:CrossName>Estimate Scenario</mstns:CrossName><mstns:CrossLink>
                    </mstns:CrossLink><mstns:CrossDescription>Estimate Scenario</mstns:CrossDescription></mstns:CrossReferenceItem><mstns:CrossReferenceItem CrossType="NextStep"><mstns:CrossName>Write Scenario Description</mstns:CrossName><mstns:CrossLink>
                    </mstns:CrossLink><mstns:CrossDescription>Write Scenario</mstns:CrossDescription></mstns:CrossReferenceItem><mstns:CrossReferenceItem CrossType="NextStep"><mstns:CrossName>Review Objectives</mstns:CrossName><mstns:CrossLink>
                    </mstns:CrossLink><mstns:CrossDescription>Review Objectives</mstns:CrossDescription></mstns:CrossReferenceItem></mstns:CrossReference><mstns:When>
            </mstns:When><mstns:Dependencies><mstns:DependencyItem><mstns:DependencyName>
                    </mstns:DependencyName><mstns:DependencyDescription>The scenario list is published to the project portal.</mstns:DependencyDescription></mstns:DependencyItem></mstns:Dependencies><mstns:CMMI><mstns:CMMIItem><mstns:CMMILevel>
                    </mstns:CMMILevel><mstns:CMMIProcessArea>
                    </mstns:CMMIProcessArea><mstns:CMMIGoal>
                    </mstns:CMMIGoal><mstns:CMMIPractice>
                    </mstns:CMMIPractice></mstns:CMMIItem></mstns:CMMI><mstns:Criteria><mstns:CriteriaItem CriteriaType="Exit"><mstns:CriteriaName>A prioritized list of scenarios is published to the project portal. </mstns:CriteriaName><mstns:CriteriaDescription>A prioritized list of scenarios is published to the project portal. </mstns:CriteriaDescription></mstns:CriteriaItem><mstns:CriteriaItem CriteriaType="Exit"><mstns:CriteriaName>The highest priority scenarios in the list have completed estimates.</mstns:CriteriaName><mstns:CriteriaLink>
                    </mstns:CriteriaLink><mstns:CriteriaDescription>The highest priority scenarios in the list have completed estimates.</mstns:CriteriaDescription><mstns:WorkProductName>
                    </mstns:WorkProductName></mstns:CriteriaItem></mstns:Criteria></mstns:ContentItem><mstns:ContentItem ContentType="Activity"><mstns:ContentOrder>
            </mstns:ContentOrder><mstns:ContentName>Write Scenario Description</mstns:ContentName><mstns:ContentDescription>The description of a scenario from the scenario list is written when it is part of the initial iteration plan: i.e., deemed as a candidate for an upcoming iteration. A scenario description is written at a level that conveys the needs of the persona to the developers and at a level that can be used to create test cases. A larger scenario might also split to create smaller scenarios to allow it to be scheduled in an iteration. Once a scenario description is written, it is published to the project portal and the appropriate developers and testers are notified to review it.</mstns:ContentDescription><mstns:ContentLink>
            </mstns:ContentLink><mstns:Parts><mstns:Part PartType="Step"><mstns:PartName>Choose Appropriate Persona</mstns:PartName><mstns:Sequence>1</mstns:Sequence><mstns:isRequired>true</mstns:isRequired><mstns:PartDescription>Select a scenario from the list slated for the next iteration or choose a scenario that is architecturally significant. Open the scenario description template in Microsoft Word and save the document using the scenario name to distinguish it from the other scenarios written so far.</mstns:PartDescription><mstns:PartDescription>Determine the best persona who most personifies the scenario. If many personas will act the same within the scenario, choose one of them arbitrarily. This is the primary persona for the scenario. Check to see if the scenario is the same for each persona. For each persona that approaches the problem (from the system perspective) in the same way as the primary persona, write that persona's name in the alternate personas section in the scenario document. The primary persona will be used in the scenario description. </mstns:PartDescription><mstns:PartDescription>If a persona requires differing functionality, add a new scenario entry for that persona to the scenario list or write a scenario for each primary persona.</mstns:PartDescription></mstns:Part><mstns:Part PartType="Step"><mstns:PartName>Write Scenario Description</mstns:PartName><mstns:Sequence>2</mstns:Sequence><mstns:isRequired>true</mstns:isRequired><mstns:PartDescription>Write the scenario in the description section of the scenario document. Starting from the beginning, describe each step that the persona attempts as they move through the system on the way to their goal. Sketch out those steps that have been part of previous scenarios and are not part of the differentiating factors. Be specific on the area that differentiates this scenario from others.</mstns:PartDescription><mstns:PartDescription>To make the scenario easy to read, start a new paragraph at each decision point within the area that highlights the differentiating factors. A decision point is a point in which the persona makes a key decision in using the system. It is not necessary to use this guideline in areas that have been covered by previous scenarios.</mstns:PartDescription><mstns:PartDescription>Describe the path through the system as a single train of thought. Capture the actions of the primary persona and consider what that person would do when faced with the decisions that the system would ask them to make.</mstns:PartDescription><mstns:PartDescription>Describe system behavior at a high level. The storyboard can often be used capture the remaining system behavior. Describe persona behavior at a low level.</mstns:PartDescription><mstns:PartDescription>Record the goal (the best case scenario) and any sources that the scenario was derived from. Save the scenario and publish it to the project portal. Attach the document to the scenario work item (or scenario entry). Notify the project manager, architect, appropriate developers, and testers that the scenario has been written. The architect can factor in any changes to the system and application diagrams. The developers and testers can begin breaking the scenario into development and test tasks for the project manager.</mstns:PartDescription></mstns:Part><mstns:Part PartType="Step"><mstns:PartName>Split Scenario</mstns:PartName><mstns:Sequence>3</mstns:Sequence><mstns:isRequired>false</mstns:isRequired><mstns:PartDescription>If the detailed estimate (from the sum of the costs of the development tasks) is too large to be covered in a single iteration, it can be a candidate to be split. To be split, <span xmlns="http://www.w3.org/1999/xhtml">
							<font color="#333333">each new sub-scenario </font>
						</span>must maintain a complete path through the system. Determine the differentiating factors for each new scenario. Create two or more scenario documents from the scenario template.</mstns:PartDescription><mstns:PartDescription>Write each new, smaller scenario based upon these new differentiating factors. Save the new scenarios with a unique name or with the parent scenario name and additional information indicating the split. Publish the new scenarios to the project portal. Create new scenario entries in the scenario list. <span xmlns="http://www.w3.org/1999/xhtml">
							<font color="#333333">Synchronize to create two new scenario work items. </font>
						</span>Attach the parent entry in the attachment section. Attach the respective document to the new work items. </mstns:PartDescription></mstns:Part></mstns:Parts><mstns:RACI><mstns:RACIItem RACIType="Responsible"><mstns:RoleName>Business Analyst</mstns:RoleName><mstns:RACIDescription>Business Analyst</mstns:RACIDescription></mstns:RACIItem></mstns:RACI><mstns:CrossReference><mstns:CrossReferenceItem CrossType="WorkItem"><mstns:CrossName>Scenario</mstns:CrossName><mstns:CrossLink>
                    </mstns:CrossLink><mstns:CrossDescription>
                    </mstns:CrossDescription></mstns:CrossReferenceItem><mstns:CrossReferenceItem CrossType="Cycles"><mstns:CrossName>Iteration</mstns:CrossName><mstns:CrossLink>
                    </mstns:CrossLink><mstns:CrossDescription>
                    </mstns:CrossDescription></mstns:CrossReferenceItem><mstns:CrossReferenceItem CrossType="Tracks"><mstns:CrossName>Build</mstns:CrossName><mstns:CrossLink>
                    </mstns:CrossLink><mstns:CrossDescription>
                    </mstns:CrossDescription></mstns:CrossReferenceItem><mstns:CrossReferenceItem CrossType="WorkProduct-Word"><mstns:CrossName>Scenario Description</mstns:CrossName><mstns:CrossLink>
                    </mstns:CrossLink><mstns:CrossDescription>
                    </mstns:CrossDescription></mstns:CrossReferenceItem><mstns:CrossReferenceItem CrossType="SeeAlso"><mstns:CrossName>Identify Risk</mstns:CrossName><mstns:CrossLink>
                    </mstns:CrossLink><mstns:CrossDescription>Identify Risk</mstns:CrossDescription></mstns:CrossReferenceItem><mstns:CrossReferenceItem CrossType="SeeAlso"><mstns:CrossName>
                    </mstns:CrossName><mstns:CrossLink>ms-help://MS.VSCC.v80/dv_commoner/local/redirect.htm?keyword='230edc8b-d7b1-484b-b1d2-50b8b8b415ef'</mstns:CrossLink><mstns:CrossDescription>
                    </mstns:CrossDescription></mstns:CrossReferenceItem><mstns:CrossReferenceItem CrossType="NextStep"><mstns:CrossName>Storyboard a Scenario</mstns:CrossName><mstns:CrossLink>
                    </mstns:CrossLink><mstns:CrossDescription>Storyboard a Scenario</mstns:CrossDescription></mstns:CrossReferenceItem><mstns:CrossReferenceItem CrossType="NextStep"><mstns:CrossName>Divide Scenarios into Tasks</mstns:CrossName><mstns:CrossLink>
                    </mstns:CrossLink><mstns:CrossDescription>Divide Scenarios into Tasks</mstns:CrossDescription></mstns:CrossReferenceItem></mstns:CrossReference><mstns:When>
            </mstns:When><mstns:Dependencies><mstns:DependencyItem><mstns:DependencyName>
                    </mstns:DependencyName><mstns:DependencyDescription>The scenario is deemed a candidate for the next iteration, identified as impacting architecture, or needs to be split (rewritten as a smaller description).</mstns:DependencyDescription></mstns:DependencyItem></mstns:Dependencies><mstns:CMMI><mstns:CMMIItem><mstns:CMMILevel>
                    </mstns:CMMILevel><mstns:CMMIProcessArea>
                    </mstns:CMMIProcessArea><mstns:CMMIGoal>
                    </mstns:CMMIGoal><mstns:CMMIPractice>
                    </mstns:CMMIPractice></mstns:CMMIItem></mstns:CMMI><mstns:Criteria><mstns:CriteriaItem CriteriaType="Exit"><mstns:CriteriaName>A reviewed scenario that captures all of the external behavior of the system and the interactions with the personas in the area of the differentiating factors.</mstns:CriteriaName><mstns:CriteriaDescription>A reviewed scenario that captures all of the external behavior of the system and the interactions with the personas in the area of the differentiating factors.</mstns:CriteriaDescription></mstns:CriteriaItem></mstns:Criteria></mstns:ContentItem><mstns:ContentItem ContentType="Activity"><mstns:ContentOrder>
            </mstns:ContentOrder><mstns:ContentName>Storyboard a Scenario</mstns:ContentName><mstns:ContentDescription>Storyboarding augments scenarios and provides user interface details. It is only used when user interface detail plays an important role in satisfying the external users. Storyboarding can also align projects across organizations. The storyboard can include a variety of graphical elements including screenshots, application mockups, and screen flow diagrams. It might also include a short narrative describing the persona’s path through the system. A visual depiction of the scenario greatly improves comprehension among end users and developers. If storyboards are created for each individual scenario, it is possible to combine them into a high level application overview.</mstns:ContentDescription><mstns:ContentLink>
            </mstns:ContentLink><mstns:Parts><mstns:Part PartType="Step"><mstns:PartName>Consider Scenarios</mstns:PartName><mstns:Sequence>1</mstns:Sequence><mstns:isRequired>true</mstns:isRequired><mstns:PartDescription>
                        <span xmlns="http://www.w3.org/1999/xhtml">Identify the sections of the scenario that warrant a storyboard.</span>
                    </mstns:PartDescription><mstns:PartDescription>
                        <span xmlns="http://www.w3.org/1999/xhtml">Consider how these sections relate to other scenarios already written.</span>
                    </mstns:PartDescription><mstns:PartDescription>
                        <span xmlns="http://www.w3.org/1999/xhtml">Group sections into a single storyboard where applicable.</span>
                    </mstns:PartDescription></mstns:Part><mstns:Part PartType="Step"><mstns:PartName>Generate Screenshots</mstns:PartName><mstns:Sequence>2</mstns:Sequence><mstns:isRequired>true</mstns:isRequired><mstns:PartDescription>
                        <span xmlns="http://www.w3.org/1999/xhtml">Tools that work well for storyboards include Microsoft Visio and Microsoft PowerPoint. Capture the screens that are presented to the persona. Draw out a rough sketch of the user interface called for in the scenario. Collaborate with members of the development team to ensure the user interface is consistent with the user interface metaphor.</span>
                    </mstns:PartDescription><mstns:PartDescription>Organize screenshots into a coherent presentation.</mstns:PartDescription><mstns:PartDescription>
                        <div style="PADDING-RIGHT: 0in; MARGIN-TOP: 0in; PADDING-LEFT: 0in; MARGIN-BOTTOM: 0pt" xmlns="http://www.w3.org/1999/xhtml">Add short text or voice narrative that describes the user interactions.</div>
                    </mstns:PartDescription></mstns:Part><mstns:Part PartType="Step"><mstns:PartName>Create Screen Flow Diagram</mstns:PartName><mstns:Sequence>3</mstns:Sequence><mstns:isRequired>true</mstns:isRequired><mstns:PartDescription>
                        <span xmlns="http://www.w3.org/1999/xhtml">Use boxes to represent screens, and arrows to indicate linkage.</span>
                    </mstns:PartDescription><mstns:PartDescription>
                        <span xmlns="http://www.w3.org/1999/xhtml">Save the storyboard and attach the storyboard to the scenario. Save the storyboard to the project portal and link the storyboard to the scenario.</span>
                    </mstns:PartDescription></mstns:Part></mstns:Parts><mstns:RACI><mstns:RACIItem RACIType="Responsible"><mstns:RoleName>Business Analyst</mstns:RoleName><mstns:RACIDescription>Business Analyst</mstns:RACIDescription></mstns:RACIItem></mstns:RACI><mstns:CrossReference><mstns:CrossReferenceItem CrossType="WorkItem"><mstns:CrossName>Scenario</mstns:CrossName><mstns:CrossLink>
                    </mstns:CrossLink><mstns:CrossDescription>
                    </mstns:CrossDescription></mstns:CrossReferenceItem><mstns:CrossReferenceItem CrossType="WorkProduct-PPT">
									<mstns:CrossName>Storyboard</mstns:CrossName>
									<mstns:CrossLink></mstns:CrossLink>
									<mstns:CrossDescription></mstns:CrossDescription>
								</mstns:CrossReferenceItem><mstns:CrossReferenceItem CrossType="Cycles"><mstns:CrossName>Iteration</mstns:CrossName><mstns:CrossLink>
                    </mstns:CrossLink><mstns:CrossDescription>
                    </mstns:CrossDescription></mstns:CrossReferenceItem><mstns:CrossReferenceItem CrossType="Qualities of Service"><mstns:CrossName>User Experience</mstns:CrossName><mstns:CrossLink>
                    </mstns:CrossLink><mstns:CrossDescription>
                    </mstns:CrossDescription></mstns:CrossReferenceItem><mstns:CrossReferenceItem CrossType="Tracks"><mstns:CrossName>Build</mstns:CrossName><mstns:CrossLink>
                    </mstns:CrossLink><mstns:CrossDescription>
                    </mstns:CrossDescription></mstns:CrossReferenceItem><mstns:CrossReferenceItem CrossType="NextStep"><mstns:CrossName>Divide Scenarios into Tasks</mstns:CrossName><mstns:CrossLink>
                    </mstns:CrossLink><mstns:CrossDescription>Divide Scenarios into Tasks</mstns:CrossDescription></mstns:CrossReferenceItem></mstns:CrossReference><mstns:When>
            </mstns:When><mstns:Dependencies><mstns:DependencyItem><mstns:DependencyName></mstns:DependencyName><mstns:DependencyDescription>The scenario description is written and attached to the scenario work item. </mstns:DependencyDescription></mstns:DependencyItem></mstns:Dependencies><mstns:CMMI></mstns:CMMI><mstns:Criteria><mstns:CriteriaItem CriteriaType="Exit"><mstns:CriteriaName>Storyboard is sufficiently detailed to use as input to the design process.</mstns:CriteriaName><mstns:CriteriaDescription>Storyboard is sufficiently detailed to use as input to the design process.</mstns:CriteriaDescription></mstns:CriteriaItem></mstns:Criteria></mstns:ContentItem></mstns:Content><mstns:NavStructure><mstns:Menu><mstns:MenuName>
            </mstns:MenuName><mstns:MenuItem><mstns:MenuItemName>
                </mstns:MenuItemName><mstns:MenuItemTransform>
                </mstns:MenuItemTransform><mstns:MenuItemDescription>
                </mstns:MenuItemDescription></mstns:MenuItem></mstns:Menu><mstns:ImageMenu></mstns:ImageMenu><mstns:BulletMenu><mstns:MenuName>
            </mstns:MenuName><mstns:MenuItem><mstns:MenuItemName>
                </mstns:MenuItemName><mstns:MenuItemTransform>
                </mstns:MenuItemTransform><mstns:MenuBulletImage>
                </mstns:MenuBulletImage><mstns:MenuItemDescription>
                </mstns:MenuItemDescription></mstns:MenuItem></mstns:BulletMenu></mstns:NavStructure><mstns:Glossary><mstns:GlossaryName>Glossary</mstns:GlossaryName><mstns:GlossaryItem><mstns:Term>
            </mstns:Term><mstns:Definition>
            </mstns:Definition><mstns:Reference>
            </mstns:Reference></mstns:GlossaryItem></mstns:Glossary><mstns:HelpContextMap><mstns:MapItem><mstns:Keyword>
            </mstns:Keyword><mstns:Context>
            </mstns:Context><mstns:ContentName>
            </mstns:ContentName></mstns:MapItem></mstns:HelpContextMap><mstns:Index><mstns:IndexItem><mstns:Keyword>
            </mstns:Keyword><mstns:ContentName>
            </mstns:ContentName></mstns:IndexItem></mstns:Index></mstns:ProcessGuidance>