<?xml version="1.0" encoding="UTF-8"?><?mso-infoPathSolution PIVersion="1.0.0.0" language="en-us" name="urn:schemas-microsoft-com:office:infopath:template2:http---tempuri-org-XMLSchema-xsd" productVersion="11.0.8034" solutionVersion="1.0.0.157" ?><?mso-application progid="InfoPath.Document"?><mstns:ProcessGuidance xmlns:mstns="http://tempuri.org/XMLSchema.xsd" xmlns:xsi="http://www.w3.org/2001/XMLSchema-instance" xmlns:xhtml="http://www.w3.org/1999/xhtml" xmlns:my="http://schemas.microsoft.com/office/infopath/2003/myXSD/2004-10-13T22:49:49" xmlns:xd="http://schemas.microsoft.com/office/infopath/2003"><mstns:Content><mstns:ContentItem ContentType="Workstream"><mstns:ContentOrder>3</mstns:ContentOrder><mstns:ContentName>Deploy a Database Project</mstns:ContentName><mstns:ContentDescription>Every database project will eventually need to be deployed into a production environment. This workstream outlines how the database administrator should go about performing such a deployment through a managed, predictable process. This involves getting the appropriate version of the database project that will be deployed and verifying the database through build, deploy, and performing unit tests. The database administrator then needs to understand the changes that will be made and then modify the generated build script appropriately. Finally, the build script must be executed against the target server and the database verified.</mstns:ContentDescription><mstns:ContentLink>
            </mstns:ContentLink><mstns:Parts><mstns:Part PartType="Step"><mstns:PartName>Synchronize Database Project</mstns:PartName><mstns:Sequence>1</mstns:Sequence><mstns:isRequired>true</mstns:isRequired><mstns:PartDescription>Review assigned deployment task.</mstns:PartDescription><mstns:PartDescription>Synchronize database project to desired version.</mstns:PartDescription></mstns:Part><mstns:Part PartType="Step"><mstns:PartName>Verify Build</mstns:PartName><mstns:Sequence>2</mstns:Sequence><mstns:isRequired>true</mstns:isRequired><mstns:PartDescription>Build database project.</mstns:PartDescription><mstns:PartDescription>Deploy database project to sandbox server.</mstns:PartDescription></mstns:Part><mstns:Part PartType="Step">
									<mstns:PartName>Perform Database Unit Tests</mstns:PartName>
									<mstns:Sequence>3</mstns:Sequence>
									<mstns:isRequired>true</mstns:isRequired>
									<mstns:PartDescription>Perform database unit tests.</mstns:PartDescription>
								<mstns:PartDescription>Analyze test results.</mstns:PartDescription></mstns:Part><mstns:Part PartType="Step">
									<mstns:PartName>Analyze Changes</mstns:PartName>
									<mstns:Sequence>4</mstns:Sequence>
									<mstns:isRequired>true</mstns:isRequired>
									<mstns:PartDescription>Review source control change history since last deployment.</mstns:PartDescription>
								<mstns:PartDescription>Use schema compare to analyze differences between the project and the target server.</mstns:PartDescription><mstns:PartDescription>Review the refactoring log files.</mstns:PartDescription></mstns:Part><mstns:Part PartType="Step">
									<mstns:PartName>Create Build Script</mstns:PartName>
									<mstns:Sequence>5</mstns:Sequence>
									<mstns:isRequired>true</mstns:isRequired>
									<mstns:PartDescription>Set the appropriate build target connection and related build properties.</mstns:PartDescription>
								<mstns:PartDescription>Build database project.</mstns:PartDescription><mstns:PartDescription>Modify build script.</mstns:PartDescription></mstns:Part><mstns:Part PartType="Step">
									<mstns:PartName>Back Up Target Database</mstns:PartName>
									<mstns:Sequence>6</mstns:Sequence>
									<mstns:isRequired>true</mstns:isRequired>
									<mstns:PartDescription>Back up target database.</mstns:PartDescription>
								</mstns:Part><mstns:Part PartType="Step">
									<mstns:PartName>Deploy Database to Staging Server</mstns:PartName>
									<mstns:Sequence>7</mstns:Sequence>
									<mstns:isRequired>false</mstns:isRequired>
									<mstns:PartDescription>Execute build script against staging server.</mstns:PartDescription>
								<mstns:PartDescription>Use schema compare to verify deployment.</mstns:PartDescription></mstns:Part><mstns:Part PartType="Step">
									<mstns:PartName>Deploy Database</mstns:PartName>
									<mstns:Sequence>8</mstns:Sequence>
									<mstns:isRequired>true</mstns:isRequired>
									<mstns:PartDescription>Execute build script against target server.</mstns:PartDescription>
								<mstns:PartDescription>Use schema compare to verify deployment.</mstns:PartDescription><mstns:PartDescription>Resolve deployment work item</mstns:PartDescription></mstns:Part></mstns:Parts><mstns:RACI><mstns:RACIItem RACIType="Responsible"><mstns:RoleName>Database Administrator</mstns:RoleName><mstns:RACIDescription/></mstns:RACIItem></mstns:RACI><mstns:CrossReference><mstns:CrossReferenceItem CrossType="WorkItem">
									<mstns:CrossName>Task</mstns:CrossName>
									<mstns:CrossLink></mstns:CrossLink>
									<mstns:CrossDescription></mstns:CrossDescription>
								</mstns:CrossReferenceItem><mstns:CrossReferenceItem CrossType="SeeAlso">
									<mstns:CrossName>Deploying Your Database Project to Production</mstns:CrossName>
									<mstns:CrossLink>http://go.microsoft.com/fwlink/?LinkID=74436</mstns:CrossLink>
									<mstns:CrossDescription></mstns:CrossDescription>
								</mstns:CrossReferenceItem><mstns:CrossReferenceItem CrossType="SeeAlso">
									<mstns:CrossName>Handling Security Objects</mstns:CrossName>
									<mstns:CrossLink>http://go.microsoft.com/fwlink/?LinkID=74437</mstns:CrossLink>
									<mstns:CrossDescription></mstns:CrossDescription>
								</mstns:CrossReferenceItem></mstns:CrossReference><mstns:When>
            </mstns:When><mstns:Dependencies/><mstns:CMMI></mstns:CMMI><mstns:Criteria><mstns:CriteriaItem CriteriaType="Entry"><mstns:CriteriaName>Database Project Checked In</mstns:CriteriaName><mstns:CriteriaDescription>Database project changes are checked in to source control system, ready for deployment.</mstns:CriteriaDescription></mstns:CriteriaItem><mstns:CriteriaItem CriteriaType="Exit">
									<mstns:CriteriaName>Database Project Deployed</mstns:CriteriaName>
									<mstns:CriteriaLink></mstns:CriteriaLink>
									<mstns:CriteriaDescription>Database project changes are successfully deployed to the target server.</mstns:CriteriaDescription>
									<mstns:WorkProductName></mstns:WorkProductName>
								</mstns:CriteriaItem></mstns:Criteria></mstns:ContentItem><mstns:ContentItem ContentType="Activity"><mstns:ContentOrder>1</mstns:ContentOrder><mstns:ContentName>Synchronize Database Project</mstns:ContentName><mstns:ContentDescription>The database administrator needs to synchronize the desired version of the database project locally to prepare it for deployment.</mstns:ContentDescription><mstns:ContentLink>
            </mstns:ContentLink><mstns:Parts><mstns:Part PartType="Step">
									<mstns:PartName>Review Assigned Deploy Task</mstns:PartName>
									<mstns:Sequence>1</mstns:Sequence>
									<mstns:isRequired>true</mstns:isRequired>
									<mstns:PartDescription>Review work item currently assigned to you associated with this task.</mstns:PartDescription>
								<mstns:PartDescription>Understand the scope and requirements of the task.</mstns:PartDescription></mstns:Part><mstns:Part PartType="Step"><mstns:PartName>Synchronize Database Project to Desired Version</mstns:PartName><mstns:Sequence>2</mstns:Sequence><mstns:isRequired>true</mstns:isRequired><mstns:PartDescription>Identify the appropriate version of the database project to be synchronized.</mstns:PartDescription><mstns:PartDescription>Synchronize the database project to this desired version from the source control system.</mstns:PartDescription></mstns:Part></mstns:Parts><mstns:RACI><mstns:RACIItem RACIType="Responsible"><mstns:RoleName>Database Administrator</mstns:RoleName><mstns:RACIDescription>Developer</mstns:RACIDescription></mstns:RACIItem></mstns:RACI><mstns:CrossReference><mstns:CrossReferenceItem CrossType="NextStep"><mstns:CrossName>Verify Build</mstns:CrossName><mstns:CrossLink>
                    </mstns:CrossLink><mstns:CrossDescription/></mstns:CrossReferenceItem><mstns:CrossReferenceItem CrossType="Tracks">
									<mstns:CrossName>Deploy</mstns:CrossName>
									<mstns:CrossLink></mstns:CrossLink>
									<mstns:CrossDescription></mstns:CrossDescription>
								</mstns:CrossReferenceItem><mstns:CrossReferenceItem CrossType="WorkItem">
									<mstns:CrossName>Task</mstns:CrossName>
									<mstns:CrossLink></mstns:CrossLink>
									<mstns:CrossDescription></mstns:CrossDescription>
								</mstns:CrossReferenceItem></mstns:CrossReference><mstns:When>
            </mstns:When><mstns:Dependencies/><mstns:CMMI></mstns:CMMI><mstns:Criteria><mstns:CriteriaItem CriteriaType="Entry"><mstns:CriteriaName>Database Project Checked In</mstns:CriteriaName><mstns:CriteriaDescription>Database project changes are checked in to source control system, ready for deployment.</mstns:CriteriaDescription></mstns:CriteriaItem><mstns:CriteriaItem CriteriaType="Exit">
									<mstns:CriteriaName>Database Project Synchronized</mstns:CriteriaName>
									<mstns:CriteriaLink></mstns:CriteriaLink>
									<mstns:CriteriaDescription>The desired version of the database project is synchronized in preparation for deployment.</mstns:CriteriaDescription>
									<mstns:WorkProductName></mstns:WorkProductName>
								</mstns:CriteriaItem></mstns:Criteria></mstns:ContentItem><mstns:ContentItem ContentType="Activity"><mstns:ContentOrder>2</mstns:ContentOrder><mstns:ContentName>Verify Build</mstns:ContentName><mstns:ContentDescription>Prior to deployment to production, it is important to build and deploy the database project to your local sandbox server to verify the quality of the build.</mstns:ContentDescription><mstns:ContentLink>
            </mstns:ContentLink><mstns:Parts><mstns:Part PartType="Step"><mstns:PartName>Build Database Project</mstns:PartName><mstns:Sequence>1</mstns:Sequence><mstns:isRequired>true</mstns:isRequired><mstns:PartDescription>Build the database project.</mstns:PartDescription><mstns:PartDescription>Review and fix any build errors identified. The type of build errors mentioned here are environmental errors.</mstns:PartDescription></mstns:Part><mstns:Part PartType="Step">
									<mstns:PartName>Deploy Database Project to Sandbox Server</mstns:PartName>
									<mstns:Sequence>2</mstns:Sequence>
									<mstns:isRequired>true</mstns:isRequired>
									<mstns:PartDescription>Deploy database project to sandbox server.</mstns:PartDescription>
								<mstns:PartDescription>Check the output window for errors. Also, ensure deployment is successful by browsing to the deployed database.</mstns:PartDescription></mstns:Part></mstns:Parts><mstns:RACI><mstns:RACIItem RACIType="Responsible"><mstns:RoleName>Database Administrator</mstns:RoleName><mstns:RACIDescription>Developer</mstns:RACIDescription></mstns:RACIItem></mstns:RACI><mstns:Verification></mstns:Verification><mstns:CrossReference><mstns:CrossReferenceItem CrossType="NextStep"><mstns:CrossName>Perform Database Unit Tests</mstns:CrossName><mstns:CrossLink>
                    </mstns:CrossLink><mstns:CrossDescription>
                    </mstns:CrossDescription></mstns:CrossReferenceItem><mstns:CrossReferenceItem CrossType="Tracks">
									<mstns:CrossName>Deploy</mstns:CrossName>
									<mstns:CrossLink></mstns:CrossLink>
									<mstns:CrossDescription></mstns:CrossDescription>
								</mstns:CrossReferenceItem></mstns:CrossReference><mstns:When>
            </mstns:When><mstns:Dependencies/><mstns:CMMI/><mstns:Criteria><mstns:CriteriaItem CriteriaType="Entry">
									<mstns:CriteriaName>Database Project Synchronized</mstns:CriteriaName>
									<mstns:CriteriaLink></mstns:CriteriaLink>
									<mstns:CriteriaDescription>The desired version of the database project is synchronized in preparation for deployment.</mstns:CriteriaDescription>
									<mstns:WorkProductName></mstns:WorkProductName>
								</mstns:CriteriaItem><mstns:CriteriaItem CriteriaType="Exit">
									<mstns:CriteriaName>Database Build Verified</mstns:CriteriaName>
									<mstns:CriteriaLink></mstns:CriteriaLink>
									<mstns:CriteriaDescription>The database project is verified on a sandbox server.</mstns:CriteriaDescription>
									<mstns:WorkProductName></mstns:WorkProductName>
								</mstns:CriteriaItem></mstns:Criteria></mstns:ContentItem><mstns:ContentItem ContentType="Activity">
										<mstns:ContentOrder>3</mstns:ContentOrder>
										<mstns:ContentName>Perform Database Unit Tests</mstns:ContentName>
										<mstns:ContentDescription>The suite of database unit tests associated with the database project should be run prior to deployment to ensure no regressions have been introduced in the build that is going to be deployed.</mstns:ContentDescription>
										<mstns:ContentLink></mstns:ContentLink>
										<mstns:States>
											
										</mstns:States>
										<mstns:Parts>
											<mstns:Part PartType="Step">
												<mstns:PartName>Perform the Database Unit Tests</mstns:PartName>
												<mstns:Sequence>1</mstns:Sequence>
												<mstns:isRequired>true</mstns:isRequired>
												<mstns:PartDescription>Ensure the database unit test execution is configured appropriately.</mstns:PartDescription>
											<mstns:PartDescription>Execute the appropriate database unit tests.</mstns:PartDescription></mstns:Part>
										<mstns:Part PartType="Step">
									<mstns:PartName>Analyze Test Results</mstns:PartName>
									<mstns:Sequence>2</mstns:Sequence>
									<mstns:isRequired>true</mstns:isRequired>
									<mstns:PartDescription>If the test fails because the test was written incorrectly, create a bug and assign it to the unit test owner to investigate and fix.</mstns:PartDescription>
								<mstns:PartDescription>If the test fails because the code under test was written incorrectly, create a bug and assign it to the developer to investigate and fix.</mstns:PartDescription></mstns:Part></mstns:Parts>
										<mstns:RACI>
											<mstns:RACIItem RACIType="Responsible">
												<mstns:RoleName>Database Administrator</mstns:RoleName>
												<mstns:RACIDescription></mstns:RACIDescription>
											</mstns:RACIItem>
										</mstns:RACI>
										<mstns:Verification>
											
										</mstns:Verification>
										<mstns:CrossReference>
											<mstns:CrossReferenceItem CrossType="NextStep">
												<mstns:CrossName>Analyze Changes</mstns:CrossName>
												<mstns:CrossLink></mstns:CrossLink>
												<mstns:CrossDescription></mstns:CrossDescription>
											</mstns:CrossReferenceItem>
										<mstns:CrossReferenceItem CrossType="Tracks">
									<mstns:CrossName>Deploy</mstns:CrossName>
									<mstns:CrossLink></mstns:CrossLink>
									<mstns:CrossDescription></mstns:CrossDescription>
								</mstns:CrossReferenceItem></mstns:CrossReference>
										<mstns:When></mstns:When>
										<mstns:Dependencies>
											
										</mstns:Dependencies>
										<mstns:CMMI>
											
										</mstns:CMMI>
										<mstns:Criteria>
											
										<mstns:CriteriaItem CriteriaType="Entry">
									<mstns:CriteriaName>Database Build Verified</mstns:CriteriaName>
									<mstns:CriteriaLink></mstns:CriteriaLink>
									<mstns:CriteriaDescription>The database project is verified on a sandbox server.</mstns:CriteriaDescription>
									<mstns:WorkProductName></mstns:WorkProductName>
								</mstns:CriteriaItem><mstns:CriteriaItem CriteriaType="Exit">
									<mstns:CriteriaName>Database Unit Tests Complete</mstns:CriteriaName>
									<mstns:CriteriaLink></mstns:CriteriaLink>
									<mstns:CriteriaDescription>The database unit tests are complete and, if applicable, bugs are fixed.</mstns:CriteriaDescription>
									<mstns:WorkProductName></mstns:WorkProductName>
								</mstns:CriteriaItem></mstns:Criteria>
									</mstns:ContentItem><mstns:ContentItem ContentType="Activity">
										<mstns:ContentOrder>4</mstns:ContentOrder>
										<mstns:ContentName>Analyze Changes</mstns:ContentName>
										<mstns:ContentDescription>It is important for the database administrator to understand what exactly is the scope of changes that are about to be deployed to the database server. The database administrator can determine this by both looking at the source control change history since last deployment as well as doing a schema compare between the project and live database.</mstns:ContentDescription>
										<mstns:ContentLink></mstns:ContentLink>
										<mstns:States>
											
										</mstns:States>
										<mstns:Parts>
											<mstns:Part PartType="Step">
												<mstns:PartName>Review Source Control Change History Since Last Deployment</mstns:PartName>
												<mstns:Sequence>1</mstns:Sequence>
												<mstns:isRequired>true</mstns:isRequired>
												<mstns:PartDescription>Use the source control history to view all changes that have occurred in the database project since last deployment.</mstns:PartDescription>
											<mstns:PartDescription>Contact specific developers about changes that you were not aware of and want to understand further prior to deployment.</mstns:PartDescription></mstns:Part>
										<mstns:Part PartType="Step">
									<mstns:PartName>Use Schema Compare to Analyze Differences Between the Project and the Target Server</mstns:PartName>
									<mstns:Sequence>2</mstns:Sequence>
									<mstns:isRequired>true</mstns:isRequired>
									<mstns:PartDescription>Create a schema comparison session to compare the database project to the target server.</mstns:PartDescription>
								<mstns:PartDescription>Analyze all differences found to ensure they are what you expected.</mstns:PartDescription></mstns:Part><mstns:Part PartType="Step">
									<mstns:PartName>Review the Refactoring Log Files</mstns:PartName>
									<mstns:Sequence>3</mstns:Sequence>
									<mstns:isRequired>true</mstns:isRequired>
									<mstns:PartDescription>Review the refactoring log files associated with the database project to understand all the database refactorings that have occurred since the last database deployment.</mstns:PartDescription>
								</mstns:Part></mstns:Parts>
										<mstns:RACI>
											
										<mstns:RACIItem RACIType="Responsible">
												<mstns:RoleName>Database Administrator</mstns:RoleName>
												<mstns:RACIDescription></mstns:RACIDescription>
											</mstns:RACIItem></mstns:RACI>
										<mstns:Verification>
											
										</mstns:Verification>
										<mstns:CrossReference>
											<mstns:CrossReferenceItem CrossType="NextStep">
												<mstns:CrossName>Create Build Script</mstns:CrossName>
												<mstns:CrossLink></mstns:CrossLink>
												<mstns:CrossDescription></mstns:CrossDescription>
											</mstns:CrossReferenceItem>
										<mstns:CrossReferenceItem CrossType="Tracks">
									<mstns:CrossName>Deploy</mstns:CrossName>
									<mstns:CrossLink></mstns:CrossLink>
									<mstns:CrossDescription></mstns:CrossDescription>
								</mstns:CrossReferenceItem></mstns:CrossReference>
										<mstns:When></mstns:When>
										<mstns:Dependencies>
											
										</mstns:Dependencies>
										<mstns:CMMI>
											
										</mstns:CMMI>
										<mstns:Criteria>
											
										<mstns:CriteriaItem CriteriaType="Entry">
									<mstns:CriteriaName>Database Unit Tests Complete</mstns:CriteriaName>
									<mstns:CriteriaLink></mstns:CriteriaLink>
									<mstns:CriteriaDescription>The database unit tests are complete and, if applicable, bugs are fixed.</mstns:CriteriaDescription>
									<mstns:WorkProductName></mstns:WorkProductName>
								</mstns:CriteriaItem><mstns:CriteriaItem CriteriaType="Exit">
									<mstns:CriteriaName>Changes to the Database Analyzed</mstns:CriteriaName>
									<mstns:CriteriaLink></mstns:CriteriaLink>
									<mstns:CriteriaDescription>The scope of changes made to the database are analyzed and understood.</mstns:CriteriaDescription>
									<mstns:WorkProductName></mstns:WorkProductName>
								</mstns:CriteriaItem></mstns:Criteria>
									</mstns:ContentItem><mstns:ContentItem ContentType="Activity">
										<mstns:ContentOrder>5</mstns:ContentOrder>
										<mstns:ContentName>Create Build Script</mstns:ContentName>
										<mstns:ContentDescription>The build script must then be generated and modified appropriately. The project must be configured appropriately to target the production server. The base build script can then be generated. Modifications will need to be made to deal with the specifics of your environment. These modifications are to include things like data motion support.</mstns:ContentDescription>
										<mstns:ContentLink></mstns:ContentLink>
										<mstns:States>
											
										</mstns:States>
										<mstns:Parts>
											<mstns:Part PartType="Step">
												<mstns:PartName>Set the Appropriate Build Target Connection and Related Build Properties</mstns:PartName>
												<mstns:Sequence>1</mstns:Sequence>
												<mstns:isRequired>true</mstns:isRequired>
												<mstns:PartDescription>Configure the database project settings appropriately to specify the target connection and associated build properties.</mstns:PartDescription>
											</mstns:Part>
										<mstns:Part PartType="Step">
									<mstns:PartName>Build Database Project</mstns:PartName>
									<mstns:Sequence>2</mstns:Sequence>
									<mstns:isRequired>true</mstns:isRequired>
									<mstns:PartDescription>Build the database project.</mstns:PartDescription>
								<mstns:PartDescription>Review and fix any build errors identified. The type of build errors mentioned here are environmental errors.</mstns:PartDescription></mstns:Part><mstns:Part PartType="Step">
									<mstns:PartName>Modify Build Script</mstns:PartName>
									<mstns:Sequence>3</mstns:Sequence>
									<mstns:isRequired>true</mstns:isRequired>
									<mstns:PartDescription>Review the build script to ensure it performs the actions you expected in order to synchronize the source project with the target.</mstns:PartDescription>
								<mstns:PartDescription>If data motion must occur, modify the build script to appropriately incorporate data motion. While the default build script will not result in data loss, it will not appropriate migrate data when necessary.</mstns:PartDescription></mstns:Part></mstns:Parts>
										<mstns:RACI>
											
										<mstns:RACIItem RACIType="Responsible">
												<mstns:RoleName>Database Administrator</mstns:RoleName>
												<mstns:RACIDescription></mstns:RACIDescription>
											</mstns:RACIItem></mstns:RACI>
										<mstns:Verification>
											
										</mstns:Verification>
										<mstns:CrossReference>
											<mstns:CrossReferenceItem CrossType="NextStep">
												<mstns:CrossName>Back Up Target Database</mstns:CrossName>
												<mstns:CrossLink></mstns:CrossLink>
												<mstns:CrossDescription></mstns:CrossDescription>
											</mstns:CrossReferenceItem>
										<mstns:CrossReferenceItem CrossType="Tracks">
									<mstns:CrossName>Deploy</mstns:CrossName>
									<mstns:CrossLink></mstns:CrossLink>
									<mstns:CrossDescription></mstns:CrossDescription>
								</mstns:CrossReferenceItem></mstns:CrossReference>
										<mstns:When></mstns:When>
										<mstns:Dependencies>
											
										</mstns:Dependencies>
										<mstns:CMMI>
											
										</mstns:CMMI>
										<mstns:Criteria>
											
										<mstns:CriteriaItem CriteriaType="Entry">
									<mstns:CriteriaName>Changes to the Database Analyzed</mstns:CriteriaName>
									<mstns:CriteriaLink></mstns:CriteriaLink>
									<mstns:CriteriaDescription>The scope of changes made to the database are analyzed and understood.</mstns:CriteriaDescription>
									<mstns:WorkProductName></mstns:WorkProductName>
								</mstns:CriteriaItem><mstns:CriteriaItem CriteriaType="Exit">
									<mstns:CriteriaName>Build Script Created</mstns:CriteriaName>
									<mstns:CriteriaLink></mstns:CriteriaLink>
									<mstns:CriteriaDescription>The build script is created and appropriately modified for the target server and production environment.</mstns:CriteriaDescription>
									<mstns:WorkProductName></mstns:WorkProductName>
								</mstns:CriteriaItem></mstns:Criteria>
									</mstns:ContentItem><mstns:ContentItem ContentType="Activity">
										<mstns:ContentOrder>6</mstns:ContentOrder>
										<mstns:ContentName>Back Up Target Database</mstns:ContentName>
										<mstns:ContentDescription>Prior to deploying the database, the existing database needs to be backed up. This is very important for ensuring that if a failure occurs, the database can be taken back to a known good state.</mstns:ContentDescription>
										<mstns:ContentLink></mstns:ContentLink>
										<mstns:States>
											
										</mstns:States>
										<mstns:Parts>
											<mstns:Part PartType="Step">
												<mstns:PartName>Back Up Target Database</mstns:PartName>
												<mstns:Sequence>1</mstns:Sequence>
												<mstns:isRequired>true</mstns:isRequired>
												<mstns:PartDescription>Use the standard backup technology prescribed in your organization to ensure that a full backup of the target database is available prior to deployment.</mstns:PartDescription>
											</mstns:Part>
										</mstns:Parts>
										<mstns:RACI>
											
										<mstns:RACIItem RACIType="Responsible">
												<mstns:RoleName>Database Administrator</mstns:RoleName>
												<mstns:RACIDescription></mstns:RACIDescription>
											</mstns:RACIItem></mstns:RACI>
										<mstns:Verification>
											
										</mstns:Verification>
										<mstns:CrossReference>
											<mstns:CrossReferenceItem CrossType="NextStep">
												<mstns:CrossName>Deploy Database to Staging Server</mstns:CrossName>
												<mstns:CrossLink></mstns:CrossLink>
												<mstns:CrossDescription></mstns:CrossDescription>
											</mstns:CrossReferenceItem>
										<mstns:CrossReferenceItem CrossType="NextStep">
									<mstns:CrossName>Deploy Database</mstns:CrossName>
									<mstns:CrossLink></mstns:CrossLink>
									<mstns:CrossDescription></mstns:CrossDescription>
								</mstns:CrossReferenceItem><mstns:CrossReferenceItem CrossType="Tracks">
									<mstns:CrossName>Deploy</mstns:CrossName>
									<mstns:CrossLink></mstns:CrossLink>
									<mstns:CrossDescription></mstns:CrossDescription>
								</mstns:CrossReferenceItem></mstns:CrossReference>
										<mstns:When></mstns:When>
										<mstns:Dependencies>
											
										</mstns:Dependencies>
										<mstns:CMMI>
											
										</mstns:CMMI>
										<mstns:Criteria>
											
										<mstns:CriteriaItem CriteriaType="Entry">
									<mstns:CriteriaName>Target Database Identified</mstns:CriteriaName>
									<mstns:CriteriaLink></mstns:CriteriaLink>
									<mstns:CriteriaDescription>The target database is identified.</mstns:CriteriaDescription>
									<mstns:WorkProductName></mstns:WorkProductName>
								</mstns:CriteriaItem><mstns:CriteriaItem CriteriaType="Exit">
									<mstns:CriteriaName>Target Database Backed Up</mstns:CriteriaName>
									<mstns:CriteriaLink></mstns:CriteriaLink>
									<mstns:CriteriaDescription>The target database is backed up to allow a return to a known good state if a failure occurs.</mstns:CriteriaDescription>
									<mstns:WorkProductName></mstns:WorkProductName>
								</mstns:CriteriaItem></mstns:Criteria>
									</mstns:ContentItem><mstns:ContentItem ContentType="Activity">
										<mstns:ContentOrder>7</mstns:ContentOrder>
										<mstns:ContentName>Deploy Database to Staging Server</mstns:ContentName>
										<mstns:ContentDescription>Optionally you may wish to test the deployment on a staging server prior to deploying to the production server. Here you follow the same steps as if you were doing the actual deployment – execute the deploy script and verify the results.</mstns:ContentDescription>
										<mstns:ContentLink></mstns:ContentLink>
										<mstns:States>
											
										</mstns:States>
										<mstns:Parts>
											<mstns:Part PartType="Step">
												<mstns:PartName>Execute Build Script Against Staging Server</mstns:PartName>
												<mstns:Sequence>1</mstns:Sequence>
												<mstns:isRequired>false</mstns:isRequired>
												<mstns:PartDescription>Execute the build script against the staging server in the T-SQL editor to ensure that the deployment will succeed on this server prior to deployment to the target server.</mstns:PartDescription>
											<mstns:PartDescription>Analyze any failures that occur.</mstns:PartDescription></mstns:Part>
										<mstns:Part PartType="Step">
									<mstns:PartName>Use Schema Compare to Verify Deployment</mstns:PartName>
									<mstns:Sequence>2</mstns:Sequence>
									<mstns:isRequired>false</mstns:isRequired>
									<mstns:PartDescription>Create schema comparison sessions to view the differences between the project and the staging server.</mstns:PartDescription>
								<mstns:PartDescription>Ensure no unknown differences exist between the two databases. Known differences include objects that are defined in pre-deployment or post-deployment scripts, because these objects will not appear as part of the schema comparison. Rules and defaults are examples of such objects.</mstns:PartDescription></mstns:Part></mstns:Parts>
										<mstns:RACI>
											
										<mstns:RACIItem RACIType="Responsible">
												<mstns:RoleName>Database Administrator</mstns:RoleName>
												<mstns:RACIDescription></mstns:RACIDescription>
											</mstns:RACIItem></mstns:RACI>
										<mstns:Verification>
											
										</mstns:Verification>
										<mstns:CrossReference>
											<mstns:CrossReferenceItem CrossType="NextStep">
												<mstns:CrossName>Deploy Database</mstns:CrossName>
												<mstns:CrossLink></mstns:CrossLink>
												<mstns:CrossDescription></mstns:CrossDescription>
											</mstns:CrossReferenceItem>
										<mstns:CrossReferenceItem CrossType="Tracks">
									<mstns:CrossName>Deploy</mstns:CrossName>
									<mstns:CrossLink></mstns:CrossLink>
									<mstns:CrossDescription></mstns:CrossDescription>
								</mstns:CrossReferenceItem></mstns:CrossReference>
										<mstns:When></mstns:When>
										<mstns:Dependencies>
											
										</mstns:Dependencies>
										<mstns:CMMI>
											
										</mstns:CMMI>
										<mstns:Criteria>
											
										<mstns:CriteriaItem CriteriaType="Entry">
									<mstns:CriteriaName>Build Script Created</mstns:CriteriaName>
									<mstns:CriteriaLink></mstns:CriteriaLink>
									<mstns:CriteriaDescription>The build script is created and appropriately modified for the target server and production environment.</mstns:CriteriaDescription>
									<mstns:WorkProductName></mstns:WorkProductName>
								</mstns:CriteriaItem><mstns:CriteriaItem CriteriaType="Exit">
									<mstns:CriteriaName>Database Deployed to Staging Server</mstns:CriteriaName>
									<mstns:CriteriaLink></mstns:CriteriaLink>
									<mstns:CriteriaDescription>The database is deployed to a staging server and verified.</mstns:CriteriaDescription>
									<mstns:WorkProductName></mstns:WorkProductName>
								</mstns:CriteriaItem></mstns:Criteria>
									</mstns:ContentItem><mstns:ContentItem ContentType="Activity">
										<mstns:ContentOrder>8</mstns:ContentOrder>
										<mstns:ContentName>Deploy Database</mstns:ContentName>
										<mstns:ContentDescription>Now you are ready to do the deployment to target server. This can be done by executing the build scripts against the target server and then verifying the results.</mstns:ContentDescription>
										<mstns:ContentLink></mstns:ContentLink>
										<mstns:States>
											
										</mstns:States>
										<mstns:Parts>
											<mstns:Part PartType="Step">
												<mstns:PartName>Execute Build Script Against Target Server</mstns:PartName>
												<mstns:Sequence>1</mstns:Sequence>
												<mstns:isRequired>true</mstns:isRequired>
												<mstns:PartDescription>Execute the build script against the target server in the T-SQL editor.</mstns:PartDescription>
											<mstns:PartDescription>Analyze any failures that occur.</mstns:PartDescription></mstns:Part>
										<mstns:Part PartType="Step">
									<mstns:PartName>Use Schema Compare to Verify Deployment</mstns:PartName>
									<mstns:Sequence>2</mstns:Sequence>
									<mstns:isRequired>true</mstns:isRequired>
									<mstns:PartDescription>Create schema comparison sessions to view the differences between the project and the target server.</mstns:PartDescription>
								<mstns:PartDescription>Ensure no unknown differences exist between the two databases. Known differences include objects that are defined in pre-deployment or post-deployment scripts, because these objects will not appear as part of the schema comparison. Rules and defaults are examples of such objects.</mstns:PartDescription></mstns:Part><mstns:Part PartType="Step">
									<mstns:PartName>Resolve Deployment Work Item</mstns:PartName>
									<mstns:Sequence>3</mstns:Sequence>
									<mstns:isRequired>true</mstns:isRequired>
									<mstns:PartDescription>Resolve the deployment task.</mstns:PartDescription>
								</mstns:Part></mstns:Parts>
										<mstns:RACI>
											
										<mstns:RACIItem RACIType="Responsible">
												<mstns:RoleName>Database Administrator</mstns:RoleName>
												<mstns:RACIDescription></mstns:RACIDescription>
											</mstns:RACIItem></mstns:RACI>
										<mstns:Verification>
											
										</mstns:Verification>
										<mstns:CrossReference>
											
										<mstns:CrossReferenceItem CrossType="Tracks">
									<mstns:CrossName>Deploy</mstns:CrossName>
									<mstns:CrossLink></mstns:CrossLink>
									<mstns:CrossDescription></mstns:CrossDescription>
								</mstns:CrossReferenceItem><mstns:CrossReferenceItem CrossType="WorkItem">
									<mstns:CrossName>Task</mstns:CrossName>
									<mstns:CrossLink></mstns:CrossLink>
									<mstns:CrossDescription></mstns:CrossDescription>
								</mstns:CrossReferenceItem></mstns:CrossReference>
										<mstns:When></mstns:When>
										<mstns:Dependencies>
											
										</mstns:Dependencies>
										<mstns:CMMI>
											
										</mstns:CMMI>
										<mstns:Criteria>
											
										<mstns:CriteriaItem CriteriaType="Entry">
									<mstns:CriteriaName>Target Database Backed Up</mstns:CriteriaName>
									<mstns:CriteriaLink></mstns:CriteriaLink>
									<mstns:CriteriaDescription>The target database is backed up to allow a return to a known good state if a failure occurs.</mstns:CriteriaDescription>
									<mstns:WorkProductName></mstns:WorkProductName>
								</mstns:CriteriaItem><mstns:CriteriaItem CriteriaType="Entry">
									<mstns:CriteriaName>Build Script Created</mstns:CriteriaName>
									<mstns:CriteriaLink></mstns:CriteriaLink>
									<mstns:CriteriaDescription>The build script is created and appropriately modified for the target server and production environment.</mstns:CriteriaDescription>
									<mstns:WorkProductName></mstns:WorkProductName>
								</mstns:CriteriaItem><mstns:CriteriaItem CriteriaType="Exit">
									<mstns:CriteriaName>Database Project Deployed</mstns:CriteriaName>
									<mstns:CriteriaLink></mstns:CriteriaLink>
									<mstns:CriteriaDescription>Database project changes are successfully deployed to the target server.</mstns:CriteriaDescription>
									<mstns:WorkProductName></mstns:WorkProductName>
								</mstns:CriteriaItem></mstns:Criteria>
									</mstns:ContentItem></mstns:Content><mstns:NavStructure><mstns:Menu><mstns:MenuName>
            </mstns:MenuName><mstns:MenuItem><mstns:MenuItemName>
                </mstns:MenuItemName><mstns:MenuItemTransform>
                </mstns:MenuItemTransform><mstns:MenuItemDescription>
                </mstns:MenuItemDescription></mstns:MenuItem></mstns:Menu><mstns:ImageMenu></mstns:ImageMenu><mstns:BulletMenu><mstns:MenuName>
            </mstns:MenuName><mstns:MenuItem><mstns:MenuItemName>
                </mstns:MenuItemName><mstns:MenuItemTransform>
                </mstns:MenuItemTransform><mstns:MenuBulletImage>
                </mstns:MenuBulletImage><mstns:MenuItemDescription>
                </mstns:MenuItemDescription></mstns:MenuItem></mstns:BulletMenu></mstns:NavStructure><mstns:Glossary><mstns:GlossaryName>Glossary</mstns:GlossaryName><mstns:GlossaryItem><mstns:Term>
            </mstns:Term><mstns:Definition>
            </mstns:Definition><mstns:Reference>
            </mstns:Reference></mstns:GlossaryItem></mstns:Glossary><mstns:HelpContextMap><mstns:MapItem><mstns:Keyword>
            </mstns:Keyword><mstns:Context>
            </mstns:Context><mstns:ContentName>
            </mstns:ContentName></mstns:MapItem></mstns:HelpContextMap><mstns:Index><mstns:IndexItem><mstns:Keyword>
            </mstns:Keyword><mstns:ContentName>
            </mstns:ContentName></mstns:IndexItem></mstns:Index></mstns:ProcessGuidance>