<?xml version="1.0" encoding="UTF-8"?><?mso-infoPathSolution PIVersion="1.0.0.0" language="en-us" name="urn:schemas-microsoft-com:office:infopath:template2:http---tempuri-org-XMLSchema-xsd" solutionVersion="1.0.0.157" productVersion="11.0.6565" ?><?mso-application progid="InfoPath.Document"?><mstns:ProcessGuidance xmlns:mstns="http://tempuri.org/XMLSchema.xsd" xmlns:xsi="http://www.w3.org/2001/XMLSchema-instance" xmlns:xhtml="http://www.w3.org/1999/xhtml" xmlns:my="http://schemas.microsoft.com/office/infopath/2003/myXSD/2004-10-13T22:49:49" xmlns:xd="http://schemas.microsoft.com/office/infopath/2003"><mstns:Content><mstns:ContentItem ContentType="Workstream"><mstns:ContentOrder>2</mstns:ContentOrder><mstns:ContentName>Fix a Bug</mstns:ContentName><mstns:ContentDescription>A bug indicates a potential need for corrective work on already implemented code. Fixing a bug might result in no action beyond changing the state of the bug, or changing the code. To prevent bug fixes from disrupting working code, the bug fixing process must be systematic and controlled. After a bug fix has been completed, the changed code must be checked against the design and coding guidelines, unit tested, reviewed, integrated, and checked in. The bug owner follows all code requirements that pertain to the affected code, as well as the design concepts and guidelines that drove the implementation. Failing to do so can cause the "fix" to be worse than the original problem.</mstns:ContentDescription><mstns:ContentLink>
            </mstns:ContentLink><mstns:Parts><mstns:Part PartType="Step"><mstns:PartName>Reproduce the Bug</mstns:PartName><mstns:Sequence>1</mstns:Sequence><mstns:isRequired>true</mstns:isRequired><mstns:PartDescription>Follow bug description.</mstns:PartDescription><mstns:PartDescription>Obtain more information on the bug.</mstns:PartDescription><mstns:PartDescription>Abandon bug.</mstns:PartDescription></mstns:Part><mstns:Part PartType="Step"><mstns:PartName>Create or Update a Unit Test</mstns:PartName><mstns:Sequence>2</mstns:Sequence><mstns:isRequired>true</mstns:isRequired><mstns:PartDescription>Identify the scope of the unit test.</mstns:PartDescription><mstns:PartDescription>Write or update the unit test.</mstns:PartDescription><mstns:PartDescription>Validate the unit test.</mstns:PartDescription></mstns:Part><mstns:Part PartType="Step"><mstns:PartName>Locate the Cause of a Bug</mstns:PartName><mstns:Sequence>3</mstns:Sequence><mstns:isRequired>true</mstns:isRequired><mstns:PartDescription>Isolate the functional area.</mstns:PartDescription><mstns:PartDescription>Trace code areas.</mstns:PartDescription><mstns:PartDescription>Analyze the system.</mstns:PartDescription><mstns:PartDescription>Pinpoint the problem.</mstns:PartDescription><mstns:PartDescription>Perform code analysis.</mstns:PartDescription></mstns:Part><mstns:Part PartType="Step"><mstns:PartName>Reassign a Bug</mstns:PartName><mstns:Sequence>4</mstns:Sequence><mstns:isRequired>true</mstns:isRequired><mstns:PartDescription>Modify the bug description.</mstns:PartDescription><mstns:PartDescription>Update the bug ownership.</mstns:PartDescription></mstns:Part><mstns:Part PartType="Step"><mstns:PartName>Decide on a Bug Fix Strategy</mstns:PartName><mstns:Sequence>4</mstns:Sequence><mstns:isRequired>true</mstns:isRequired><mstns:PartDescription>Analyze located bug.</mstns:PartDescription><mstns:PartDescription>Decide on architectural fix.</mstns:PartDescription><mstns:PartDescription>Decide on resource fix.</mstns:PartDescription><mstns:PartDescription>Decide on performance fix.</mstns:PartDescription></mstns:Part><mstns:Part PartType="Step"><mstns:PartName>Code the Fix for a Bug</mstns:PartName><mstns:Sequence>5</mstns:Sequence><mstns:isRequired>true</mstns:isRequired><mstns:PartDescription>Retrieve code.</mstns:PartDescription><mstns:PartDescription>Write new code.</mstns:PartDescription><mstns:PartDescription>Fix code in existing files.</mstns:PartDescription></mstns:Part><mstns:Part PartType="Step"><mstns:PartName>Perform a Unit Test</mstns:PartName><mstns:Sequence>7</mstns:Sequence><mstns:isRequired>true</mstns:isRequired><mstns:PartDescription>Identify the unit test from the collection.</mstns:PartDescription><mstns:PartDescription>Perform a unit test.</mstns:PartDescription><mstns:PartDescription>Analyze the results of the test.</mstns:PartDescription><mstns:PartDescription>Debug the code.</mstns:PartDescription></mstns:Part><mstns:Part PartType="Step"><mstns:PartName>Refactor Code</mstns:PartName><mstns:Sequence>8</mstns:Sequence><mstns:isRequired>true</mstns:isRequired><mstns:PartDescription>Identify complexity.</mstns:PartDescription><mstns:PartDescription>Apply refactoring.</mstns:PartDescription><mstns:PartDescription>Perform unit tests.</mstns:PartDescription></mstns:Part><mstns:Part PartType="Step"><mstns:PartName>Review Code</mstns:PartName><mstns:Sequence>9</mstns:Sequence><mstns:isRequired>true</mstns:isRequired><mstns:PartDescription>Verify name correctness.</mstns:PartDescription><mstns:PartDescription>Verify code relevance.</mstns:PartDescription><mstns:PartDescription>Verify extensibility.</mstns:PartDescription><mstns:PartDescription>Verify minimum code complexity.</mstns:PartDescription><mstns:PartDescription>Verify algorithmic complexity.</mstns:PartDescription><mstns:PartDescription>Verify code security.</mstns:PartDescription><mstns:PartDescription>Fix review changes.</mstns:PartDescription></mstns:Part><mstns:Part PartType="Step"><mstns:PartName>Integrate Code Changes</mstns:PartName><mstns:Sequence>10</mstns:Sequence><mstns:isRequired>true</mstns:isRequired><mstns:PartDescription>Check dependencies.</mstns:PartDescription><mstns:PartDescription>Test and integrate with other development tasks.</mstns:PartDescription><mstns:PartDescription>Check in set of changes.</mstns:PartDescription></mstns:Part></mstns:Parts><mstns:RACI><mstns:RACIItem RACIType="Responsible"><mstns:RoleName>Developer</mstns:RoleName><mstns:RACIDescription>Developer</mstns:RACIDescription></mstns:RACIItem></mstns:RACI><mstns:CrossReference><mstns:CrossReferenceItem CrossType="WorkItem"><mstns:CrossName>Bug</mstns:CrossName><mstns:CrossLink>
                    </mstns:CrossLink><mstns:CrossDescription>
                    </mstns:CrossDescription></mstns:CrossReferenceItem><mstns:CrossReferenceItem CrossType="WorkProduct-VS"><mstns:CrossName>Team Build</mstns:CrossName><mstns:CrossLink>
                    </mstns:CrossLink><mstns:CrossDescription>
                    </mstns:CrossDescription></mstns:CrossReferenceItem><mstns:CrossReferenceItem CrossType="WorkProduct-VS"><mstns:CrossName>Unit Test</mstns:CrossName><mstns:CrossLink>
                    </mstns:CrossLink><mstns:CrossDescription>
                    </mstns:CrossDescription></mstns:CrossReferenceItem><mstns:CrossReferenceItem CrossType="Report"><mstns:CrossName>Bugs by Priority</mstns:CrossName><mstns:CrossLink>
                    </mstns:CrossLink><mstns:CrossDescription>
                    </mstns:CrossDescription></mstns:CrossReferenceItem><mstns:CrossReferenceItem CrossType="NextStep"><mstns:CrossName>Build a Product</mstns:CrossName><mstns:CrossLink>
                    </mstns:CrossLink><mstns:CrossDescription>Build a Product</mstns:CrossDescription></mstns:CrossReferenceItem></mstns:CrossReference><mstns:When>
            </mstns:When><mstns:Dependencies><mstns:DependencyItem><mstns:DependencyName>
                    </mstns:DependencyName><mstns:DependencyDescription>Triage determines the bug needs to be fixed.</mstns:DependencyDescription></mstns:DependencyItem><mstns:DependencyItem>
										<mstns:DependencyName></mstns:DependencyName>
										<mstns:DependencyDescription>The bug is assigned to you.</mstns:DependencyDescription>
									</mstns:DependencyItem></mstns:Dependencies><mstns:CMMI><mstns:CMMIItem><mstns:CMMILevel>
                    </mstns:CMMILevel><mstns:CMMIProcessArea>
                    </mstns:CMMIProcessArea><mstns:CMMIGoal>
                    </mstns:CMMIGoal><mstns:CMMIPractice>
                    </mstns:CMMIPractice></mstns:CMMIItem></mstns:CMMI><mstns:Criteria><mstns:CriteriaItem CriteriaType="Exit"><mstns:CriteriaName>The code coverage for the unit tests meets the test metric threshold or non-coverage is explained.</mstns:CriteriaName><mstns:CriteriaDescription>The code coverage for the unit tests meets the test metric threshold or non-coverage is explained.</mstns:CriteriaDescription></mstns:CriteriaItem><mstns:CriteriaItem CriteriaType="Exit"><mstns:CriteriaName>The bug is fixed and ready for verification. The state of the bug is resolved.</mstns:CriteriaName><mstns:CriteriaDescription>The bug is fixed and ready for verification. The state of the bug is resolved.</mstns:CriteriaDescription></mstns:CriteriaItem><mstns:CriteriaItem CriteriaType="Exit"><mstns:CriteriaName>The bug is abandoned as not reproducible. The bug is reassigned to the tester that created it.</mstns:CriteriaName><mstns:CriteriaDescription>The bug is abandoned as not reproducible. The bug is reassigned to the tester that created it.</mstns:CriteriaDescription></mstns:CriteriaItem></mstns:Criteria></mstns:ContentItem><mstns:ContentItem ContentType="Activity"><mstns:ContentOrder>
            </mstns:ContentOrder><mstns:ContentName>Reproduce the Bug</mstns:ContentName><mstns:ContentDescription>The first step to resolving a bug is to attempt to reproduce it. When a bug is reproduced, it might become clear that the description does not include sufficient or correct information, or the bug is intermittent. It is necessary to establish a dependable means of triggering the bug to help locate it and eventually implement a fix.</mstns:ContentDescription><mstns:ContentLink>
            </mstns:ContentLink><mstns:Parts><mstns:Part PartType="Step"><mstns:PartName>Follow the Bug Description</mstns:PartName><mstns:Sequence>1</mstns:Sequence><mstns:isRequired>true</mstns:isRequired><mstns:PartDescription>If the bug report includes steps for reproducing the bug, execute them.</mstns:PartDescription><mstns:PartDescription>If the bug report results from the execution of a test, follow the test procedure.</mstns:PartDescription></mstns:Part><mstns:Part PartType="Step"><mstns:PartName>Obtain More Information</mstns:PartName><mstns:Sequence>2</mstns:Sequence><mstns:isRequired>true</mstns:isRequired><mstns:PartDescription>If the bug cannot be reproduced, gather more information. Use test configurations and previous bug reports for the problem area. Also consult previous bug reports from other developers or testers.</mstns:PartDescription><mstns:PartDescription>Experiment with likely variations of the bug description for more insight.</mstns:PartDescription><mstns:PartDescription>Record observations of improvements or failures of the bug to the instructions on the bug tracking form.</mstns:PartDescription></mstns:Part><mstns:Part PartType="Step"><mstns:PartName>Abandon the Bug</mstns:PartName><mstns:Sequence>3</mstns:Sequence><mstns:isRequired>true</mstns:isRequired><mstns:PartDescription>If still unable to reproduce the bug, the decision can be made to set the bug to Fixed with a reason of Unable to reproduce.</mstns:PartDescription></mstns:Part></mstns:Parts><mstns:RACI><mstns:RACIItem RACIType="Responsible"><mstns:RoleName>Developer</mstns:RoleName><mstns:RACIDescription>Developer</mstns:RACIDescription></mstns:RACIItem></mstns:RACI><mstns:Verification></mstns:Verification><mstns:CrossReference><mstns:CrossReferenceItem CrossType="Cycles"><mstns:CrossName>Check In</mstns:CrossName><mstns:CrossLink>
                    </mstns:CrossLink><mstns:CrossDescription>
                    </mstns:CrossDescription></mstns:CrossReferenceItem><mstns:CrossReferenceItem CrossType="Tracks"><mstns:CrossName>Build</mstns:CrossName><mstns:CrossLink>
                    </mstns:CrossLink><mstns:CrossDescription>
                    </mstns:CrossDescription></mstns:CrossReferenceItem><mstns:CrossReferenceItem CrossType="WorkItem"><mstns:CrossName>Bug</mstns:CrossName><mstns:CrossLink>
                    </mstns:CrossLink><mstns:CrossDescription>Active</mstns:CrossDescription></mstns:CrossReferenceItem><mstns:CrossReferenceItem CrossType="WorkProduct-VS"><mstns:CrossName>Team Build</mstns:CrossName><mstns:CrossLink>
                    </mstns:CrossLink><mstns:CrossDescription>
                    </mstns:CrossDescription></mstns:CrossReferenceItem><mstns:CrossReferenceItem CrossType="NextStep"><mstns:CrossName>Locate the Cause of a Bug</mstns:CrossName><mstns:CrossLink>
                    </mstns:CrossLink><mstns:CrossDescription>Locate the Cause of a Bug</mstns:CrossDescription></mstns:CrossReferenceItem></mstns:CrossReference><mstns:When>
            </mstns:When><mstns:Dependencies><mstns:DependencyItem><mstns:DependencyName>
                    </mstns:DependencyName><mstns:DependencyDescription>There are instructions on how to reproduce the bug in the bug work item.</mstns:DependencyDescription></mstns:DependencyItem></mstns:Dependencies><mstns:CMMI></mstns:CMMI><mstns:Criteria><mstns:CriteriaItem CriteriaType="Exit"><mstns:CriteriaName>The steps that cause the bug to appear with reasonable certainty are known.</mstns:CriteriaName><mstns:CriteriaDescription>The steps that cause the bug to appear with reasonable certainty are known.</mstns:CriteriaDescription></mstns:CriteriaItem><mstns:CriteriaItem CriteriaType="Exit"><mstns:CriteriaName>The bug is abandoned as not reproducible.</mstns:CriteriaName><mstns:CriteriaDescription>The bug is abandoned as not reproducible.</mstns:CriteriaDescription></mstns:CriteriaItem></mstns:Criteria></mstns:ContentItem><mstns:ContentItem ContentType="Activity"><mstns:ContentOrder>
            </mstns:ContentOrder><mstns:ContentName>Locate the Cause of a Bug</mstns:ContentName><mstns:ContentDescription>
                <span xmlns="http://www.w3.org/1999/xhtml">When a bug is reported, it is up to the developer to find the cause of the bug. The developer can employ a number of tactics and tools to find the root cause of the bug. The strategy to fix the bug often becomes more apparent while locating the cause. Use development tools such as logs, a debugger, analysis of the code, or print statements to pinpoint the cause and record the location assessment.</span>
            </mstns:ContentDescription><mstns:ContentLink>
            </mstns:ContentLink><mstns:Parts><mstns:Part PartType="Step"><mstns:PartName>Isolate Functional Area</mstns:PartName><mstns:Sequence>1</mstns:Sequence><mstns:isRequired>true</mstns:isRequired><mstns:PartDescription>In searching for the offending area of code, eliminate areas in the code that do not involve the bug.</mstns:PartDescription></mstns:Part><mstns:Part PartType="Step"><mstns:PartName>Trace Involved Code Areas </mstns:PartName><mstns:Sequence>2</mstns:Sequence><mstns:isRequired>true</mstns:isRequired><mstns:PartDescription>
                        <span xmlns="http://www.w3.org/1999/xhtml">Using debugging tools, sparingly mark the identified code area with tags that provide output visually to a debugger or log file</span>.</mstns:PartDescription></mstns:Part><mstns:Part PartType="Step"><mstns:PartName>Analyze System with External Tools</mstns:PartName><mstns:Sequence>3</mstns:Sequence><mstns:isRequired>false</mstns:isRequired><mstns:PartDescription>In addition to tracing code, use other tools in the environment to gauge the effects on the system when running certain identified areas.</mstns:PartDescription></mstns:Part><mstns:Part PartType="Step"><mstns:PartName>Pinpoint the Problem</mstns:PartName><mstns:Sequence>4</mstns:Sequence><mstns:isRequired>true</mstns:isRequired><mstns:PartDescription>Run the defect scenario as many times as necessary to pinpoint the lines of code causing the problem.</mstns:PartDescription></mstns:Part><mstns:Part PartType="Step"><mstns:PartName>Perform Code Analysis</mstns:PartName><mstns:Sequence>5</mstns:Sequence><mstns:isRequired>true</mstns:isRequired><mstns:PartDescription>If debugging the code is not possible due to untraceable quantities such as performance or resource problem, analyze the code line-by-line to identify the problem.</mstns:PartDescription></mstns:Part></mstns:Parts><mstns:RACI><mstns:RACIItem RACIType="Responsible"><mstns:RoleName>Developer</mstns:RoleName><mstns:RACIDescription>Developer</mstns:RACIDescription></mstns:RACIItem></mstns:RACI><mstns:Verification></mstns:Verification><mstns:CrossReference><mstns:CrossReferenceItem CrossType="Cycles"><mstns:CrossName>Check In</mstns:CrossName><mstns:CrossLink>
                    </mstns:CrossLink><mstns:CrossDescription>
                    </mstns:CrossDescription></mstns:CrossReferenceItem><mstns:CrossReferenceItem CrossType="Tracks"><mstns:CrossName>Build</mstns:CrossName><mstns:CrossLink>
                    </mstns:CrossLink><mstns:CrossDescription>
                    </mstns:CrossDescription></mstns:CrossReferenceItem><mstns:CrossReferenceItem CrossType="WorkItem"><mstns:CrossName>Bug</mstns:CrossName><mstns:CrossLink>
                    </mstns:CrossLink><mstns:CrossDescription>Active</mstns:CrossDescription></mstns:CrossReferenceItem><mstns:CrossReferenceItem CrossType="SeeAlso"><mstns:CrossName>How To: Reassign a Bug</mstns:CrossName><mstns:CrossLink>
                    </mstns:CrossLink><mstns:CrossDescription>How To: Reassign a Bug</mstns:CrossDescription></mstns:CrossReferenceItem><mstns:CrossReferenceItem CrossType="SeeAlso">
									<mstns:CrossName>Gathering Performance Data</mstns:CrossName>
									<mstns:CrossLink>http://go.microsoft.com/fwlink/?LinkId=66428</mstns:CrossLink>
									<mstns:CrossDescription></mstns:CrossDescription>
								</mstns:CrossReferenceItem><mstns:CrossReferenceItem CrossType="NextStep"><mstns:CrossName>Decide on a Bug Fix Strategy</mstns:CrossName><mstns:CrossLink>
                    </mstns:CrossLink><mstns:CrossDescription>Decide on a Bug Fix Strategy</mstns:CrossDescription></mstns:CrossReferenceItem><mstns:CrossReferenceItem CrossType="NextStep"><mstns:CrossName>Reassign a Bug</mstns:CrossName><mstns:CrossLink>
                    </mstns:CrossLink><mstns:CrossDescription>Reassign a Bug</mstns:CrossDescription></mstns:CrossReferenceItem></mstns:CrossReference><mstns:When>
            </mstns:When><mstns:Dependencies><mstns:DependencyItem><mstns:DependencyName>
                    </mstns:DependencyName><mstns:DependencyDescription>The test configuration is the same one used when the bug was found. </mstns:DependencyDescription></mstns:DependencyItem><mstns:DependencyItem><mstns:DependencyName>
                    </mstns:DependencyName><mstns:DependencyDescription>Up-to-date source code must be available.</mstns:DependencyDescription></mstns:DependencyItem></mstns:Dependencies><mstns:CMMI></mstns:CMMI><mstns:Criteria><mstns:CriteriaItem CriteriaType="Exit"><mstns:CriteriaName>There is enough information from the identified bug location to develop a fix.</mstns:CriteriaName><mstns:CriteriaDescription>There is enough information from the identified bug location to develop a fix.</mstns:CriteriaDescription></mstns:CriteriaItem></mstns:Criteria></mstns:ContentItem><mstns:ContentItem ContentType="Activity"><mstns:ContentOrder>
            </mstns:ContentOrder><mstns:ContentName>Reassign a Bug</mstns:ContentName><mstns:ContentDescription>Bugs need to be reassigned due to insufficient information, lack of knowledge by the developer in the area defined in the defect description, or because of workload leveling. When a bug is reassigned, add descriptions as to why this bug is being reassigned.</mstns:ContentDescription><mstns:ContentLink>
            </mstns:ContentLink><mstns:Parts><mstns:Part PartType="Step"><mstns:PartName>Modify Defect Description</mstns:PartName><mstns:Sequence>1</mstns:Sequence><mstns:isRequired>true</mstns:isRequired><mstns:PartDescription>Enter the reason for the reassignment in the conversation field on the bug tracking form.</mstns:PartDescription><mstns:PartDescription>
                        <span xmlns="http://www.w3.org/1999/xhtml">Provide information to help the next developer examine the bug.</span>
                    </mstns:PartDescription></mstns:Part><mstns:Part PartType="Step"><mstns:PartName>Update Owner</mstns:PartName><mstns:Sequence>2</mstns:Sequence><mstns:isRequired>true</mstns:isRequired><mstns:PartDescription>Update the owner information with the appropriate developer.</mstns:PartDescription></mstns:Part></mstns:Parts><mstns:RACI><mstns:RACIItem RACIType="Responsible"><mstns:RoleName>Developer</mstns:RoleName><mstns:RACIDescription>Developer</mstns:RACIDescription></mstns:RACIItem></mstns:RACI><mstns:Verification></mstns:Verification><mstns:CrossReference><mstns:CrossReferenceItem CrossType="Cycles"><mstns:CrossName>As Needed</mstns:CrossName><mstns:CrossLink>
                    </mstns:CrossLink><mstns:CrossDescription>
                    </mstns:CrossDescription></mstns:CrossReferenceItem><mstns:CrossReferenceItem CrossType="Tracks"><mstns:CrossName>Build</mstns:CrossName><mstns:CrossLink>
                    </mstns:CrossLink><mstns:CrossDescription>
                    </mstns:CrossDescription></mstns:CrossReferenceItem><mstns:CrossReferenceItem CrossType="Tracks"><mstns:CrossName>Build</mstns:CrossName><mstns:CrossLink>
                    </mstns:CrossLink><mstns:CrossDescription>
                    </mstns:CrossDescription></mstns:CrossReferenceItem><mstns:CrossReferenceItem CrossType="WorkItem"><mstns:CrossName>Bug</mstns:CrossName><mstns:CrossLink>
                    </mstns:CrossLink><mstns:CrossDescription>Active</mstns:CrossDescription></mstns:CrossReferenceItem><mstns:CrossReferenceItem CrossType="NextStep"><mstns:CrossName>Reproduce the Bug</mstns:CrossName><mstns:CrossLink>
                    </mstns:CrossLink><mstns:CrossDescription>Reproduce the Bug</mstns:CrossDescription></mstns:CrossReferenceItem></mstns:CrossReference><mstns:When>
            </mstns:When><mstns:Dependencies><mstns:DependencyItem><mstns:DependencyName>
                    </mstns:DependencyName><mstns:DependencyDescription>The bug is assigned to you.</mstns:DependencyDescription></mstns:DependencyItem></mstns:Dependencies><mstns:CMMI></mstns:CMMI><mstns:Criteria><mstns:CriteriaItem CriteriaType="Exit"><mstns:CriteriaName>The bug is reassigned with an updated owner.</mstns:CriteriaName><mstns:CriteriaDescription>The bug is reassigned with an updated owner.</mstns:CriteriaDescription></mstns:CriteriaItem></mstns:Criteria></mstns:ContentItem><mstns:ContentItem ContentType="Activity"><mstns:ContentOrder>
            </mstns:ContentOrder><mstns:ContentName>Decide on a Bug Fix Strategy</mstns:ContentName><mstns:ContentDescription>To modify code for a bug fix, the developer must decide on the best method to correct the problem and prevent the introduction of bugs. Bug fix decisions should involve architectural, resource, and performance considerations. When deciding on a bug fix, the solution should focus on eliminating the problem. However, it might be necessary to compromise some system functionality to meet requirements and user experience criteria.</mstns:ContentDescription><mstns:ContentLink>
            </mstns:ContentLink><mstns:Parts><mstns:Part PartType="Step"><mstns:PartName>Analyze Located Bug</mstns:PartName><mstns:Sequence>1</mstns:Sequence><mstns:isRequired>true</mstns:isRequired><mstns:PartDescription>Determine the type of bug problem; architectural, resource, or performance.</mstns:PartDescription></mstns:Part><mstns:Part PartType="Step"><mstns:PartName>Decide on an Architectural Fix</mstns:PartName><mstns:Sequence>2</mstns:Sequence><mstns:isRequired>false</mstns:isRequired><mstns:PartDescription>Identify the areas in the architecture affected by the bug fix.</mstns:PartDescription><mstns:PartDescription>Outline a fix with a change in the design structure.</mstns:PartDescription><mstns:PartDescription>Discuss the proposed bug fix with an architect. If the fix impacts areas beyond your code, work with architects and other developers to coordinate the fix.</mstns:PartDescription></mstns:Part><mstns:Part PartType="Step"><mstns:PartName>Decide on a Resource Fix</mstns:PartName><mstns:Sequence>3</mstns:Sequence><mstns:isRequired>false</mstns:isRequired><mstns:PartDescription>Identify the affected areas of code.</mstns:PartDescription><mstns:PartDescription>Determine whether removing or adding code is best.</mstns:PartDescription><mstns:PartDescription>Review the proposed fix with another developer familiar in the area of change.</mstns:PartDescription></mstns:Part><mstns:Part PartType="Step"><mstns:PartName>Decide on a Performance Fix</mstns:PartName><mstns:Sequence>4</mstns:Sequence><mstns:isRequired>false</mstns:isRequired><mstns:PartDescription>Identify the areas in the code that are affected by the bug fix.</mstns:PartDescription><mstns:PartDescription>Determine whether code optimization fixes, such as refactoring or moving code segments, can positively affect the system.</mstns:PartDescription><mstns:PartDescription>If there is any doubt, review the proposed bug fix with another developer familiar in the area of change.</mstns:PartDescription></mstns:Part></mstns:Parts><mstns:RACI><mstns:RACIItem RACIType="Responsible"><mstns:RoleName>Developer</mstns:RoleName><mstns:RACIDescription>Developer</mstns:RACIDescription></mstns:RACIItem></mstns:RACI><mstns:CrossReference><mstns:CrossReferenceItem CrossType="Tracks"><mstns:CrossName>Build</mstns:CrossName><mstns:CrossLink>
                    </mstns:CrossLink><mstns:CrossDescription>
                    </mstns:CrossDescription></mstns:CrossReferenceItem><mstns:CrossReferenceItem CrossType="Cycles"><mstns:CrossName>Check In</mstns:CrossName><mstns:CrossLink>
                    </mstns:CrossLink><mstns:CrossDescription>
                    </mstns:CrossDescription></mstns:CrossReferenceItem><mstns:CrossReferenceItem CrossType="WorkProduct-VS"><mstns:CrossName>Code</mstns:CrossName><mstns:CrossLink>
                    </mstns:CrossLink><mstns:CrossDescription>
                    </mstns:CrossDescription></mstns:CrossReferenceItem><mstns:CrossReferenceItem CrossType="NextStep"><mstns:CrossName>Create or Update a Unit Test</mstns:CrossName><mstns:CrossLink>
                    </mstns:CrossLink><mstns:CrossDescription>
                    </mstns:CrossDescription></mstns:CrossReferenceItem><mstns:CrossReferenceItem CrossType="NextStep"><mstns:CrossName>Code the Fix for a Bug</mstns:CrossName><mstns:CrossLink>
                    </mstns:CrossLink><mstns:CrossDescription>
                    </mstns:CrossDescription></mstns:CrossReferenceItem></mstns:CrossReference><mstns:When>The bug is located in the code base. </mstns:When><mstns:Dependencies><mstns:DependencyItem><mstns:DependencyName>
                    </mstns:DependencyName><mstns:DependencyDescription>The scenarios associated with the fix area are available. </mstns:DependencyDescription></mstns:DependencyItem></mstns:Dependencies><mstns:CMMI></mstns:CMMI><mstns:Criteria><mstns:CriteriaItem CriteriaType="Exit"><mstns:CriteriaName>The design strategy is identified allowing the bug area to be changed with a predetermined goal.</mstns:CriteriaName><mstns:CriteriaDescription>The design strategy is identified allowing the bug area to be changed with a predetermined goal.</mstns:CriteriaDescription></mstns:CriteriaItem></mstns:Criteria></mstns:ContentItem><mstns:ContentItem ContentType="Activity"><mstns:ContentOrder>
            </mstns:ContentOrder><mstns:ContentName>Code the Fix for a Bug</mstns:ContentName><mstns:ContentDescription>When a developer determines the appropriate approach to fix the bug, the code must be changed to fix it. The developer must correct the problem in the bug description while not introducing any new bugs or breaking the build.</mstns:ContentDescription><mstns:ContentLink>
            </mstns:ContentLink><mstns:Parts><mstns:Part PartType="Step"><mstns:PartName>Retrieve Code</mstns:PartName><mstns:Sequence>1</mstns:Sequence><mstns:isRequired>true</mstns:isRequired><mstns:PartDescription>Retrieve all files that must be changed to fix the bug.</mstns:PartDescription></mstns:Part><mstns:Part PartType="Step"><mstns:PartName>Write New Code</mstns:PartName><mstns:Sequence>2</mstns:Sequence><mstns:isRequired>true</mstns:isRequired><mstns:PartDescription>Write code in new files to correct the problem.</mstns:PartDescription></mstns:Part><mstns:Part PartType="Step"><mstns:PartName>Write Code in Existing Code Files</mstns:PartName><mstns:Sequence>3</mstns:Sequence><mstns:isRequired>true</mstns:isRequired><mstns:PartDescription>Add or remove code in existing files to fix the problem.</mstns:PartDescription></mstns:Part></mstns:Parts><mstns:RACI><mstns:RACIItem RACIType="Responsible"><mstns:RoleName>Developer</mstns:RoleName><mstns:RACIDescription>Developer</mstns:RACIDescription></mstns:RACIItem></mstns:RACI><mstns:CrossReference><mstns:CrossReferenceItem CrossType="Tracks"><mstns:CrossName>Build</mstns:CrossName><mstns:CrossLink>
                    </mstns:CrossLink><mstns:CrossDescription>
                    </mstns:CrossDescription></mstns:CrossReferenceItem><mstns:CrossReferenceItem CrossType="Cycles"><mstns:CrossName>Check In</mstns:CrossName><mstns:CrossLink>
                    </mstns:CrossLink><mstns:CrossDescription>
                    </mstns:CrossDescription></mstns:CrossReferenceItem><mstns:CrossReferenceItem CrossType="WorkProduct-VS"><mstns:CrossName>Code</mstns:CrossName><mstns:CrossLink>
                    </mstns:CrossLink><mstns:CrossDescription>
                    </mstns:CrossDescription></mstns:CrossReferenceItem><mstns:CrossReferenceItem CrossType="NextStep"><mstns:CrossName>Create or Update a Unit Test</mstns:CrossName><mstns:CrossLink>
                    </mstns:CrossLink><mstns:CrossDescription>Create or Update a Unit Test</mstns:CrossDescription></mstns:CrossReferenceItem><mstns:CrossReferenceItem CrossType="NextStep"><mstns:CrossName>Perform a Unit Test</mstns:CrossName><mstns:CrossLink>
                    </mstns:CrossLink><mstns:CrossDescription>Perform a Unit Test</mstns:CrossDescription></mstns:CrossReferenceItem></mstns:CrossReference><mstns:When>The location of the bug is identified</mstns:When><mstns:Dependencies><mstns:DependencyItem><mstns:DependencyName>
                    </mstns:DependencyName><mstns:DependencyDescription>
                    </mstns:DependencyDescription></mstns:DependencyItem></mstns:Dependencies><mstns:CMMI></mstns:CMMI><mstns:Criteria><mstns:CriteriaItem CriteriaType="Exit"><mstns:CriteriaName>All code required to fix the problem is integrated in the local copy of the source code.</mstns:CriteriaName><mstns:CriteriaDescription>All code required to fix the problem is integrated in the local copy of the source code.</mstns:CriteriaDescription></mstns:CriteriaItem><mstns:CriteriaItem CriteriaType="Exit"><mstns:CriteriaName>Changes in the local code to fix the bug are complete.</mstns:CriteriaName><mstns:CriteriaDescription>
                        <font xmlns="http://www.w3.org/1999/xhtml">
                            <div>
                                <span>Changes in the local code to fix the bug are complete.</span>
                            </div>
                        </font>
                    </mstns:CriteriaDescription></mstns:CriteriaItem></mstns:Criteria></mstns:ContentItem><mstns:ContentItem ContentType="Activity"><mstns:ContentOrder>
            </mstns:ContentOrder><mstns:ContentName>Create or Update a Unit Test</mstns:ContentName><mstns:ContentDescription>
                <span xmlns="http://www.w3.org/1999/xhtml">Unit tests verify the proper implementation of a unit of code. Performing unit tests during development reduces the number of bugs discovered during testing and helps avoid regression bugs when fixing other bugs or adding new features. Unit tests are not functional tests or integration tests and they only test the operation of the code in isolation. Developers must make sure existing unit tests still pass after writing new code. Running test cases occurs throughout the software development process, starting with the earliest functionality and architectural elements and finishing with regressions at the end of the project. There are different types of test cases, such as verifying scenarios and quality of service requirements. Each of these test types have the same process for running and potentially identifying bugs.</span>
            </mstns:ContentDescription><mstns:ContentLink>
            </mstns:ContentLink><mstns:Parts><mstns:Part PartType="Step"><mstns:PartName>Identify the Unit Test Scope</mstns:PartName><mstns:Sequence>1</mstns:Sequence><mstns:isRequired>true</mstns:isRequired><mstns:PartDescription>Identify the types of unit tests to be written. Positive unit tests exercise the code as intended and check for the right result. Negative unit tests intentionally misuse the code and check for robustness and appropriate error handling. Fault injection unit tests expose error-handling anomalies.</mstns:PartDescription></mstns:Part><mstns:Part PartType="Step"><mstns:PartName>Write or Update the Unit Test</mstns:PartName><mstns:Sequence>2</mstns:Sequence><mstns:isRequired>true</mstns:isRequired><mstns:PartDescription>Identify unit tests for the development task covering as much of the functionality as possible. Perform write unit test, validate that the unit test fails, write or refactor code, and perform unit test until all of the identified tests for the task are completed.</mstns:PartDescription><mstns:PartDescription>Write or update a single unit test at a time.</mstns:PartDescription><mstns:PartDescription>Use scaffolding and mock objects to maximize the code surface area tested.</mstns:PartDescription><mstns:PartDescription>If the code has already been written, generate unit tests from the working code.</mstns:PartDescription></mstns:Part><mstns:Part PartType="Step"><mstns:PartName>Validate the Unit Test</mstns:PartName><mstns:Sequence>3</mstns:Sequence><mstns:isRequired>true</mstns:isRequired><mstns:PartDescription>
                        <span xmlns="http://www.w3.org/1999/xhtml">Run the test, making sure the test fails for any element not completed and passes if the element is working as expected</span>.</mstns:PartDescription><mstns:PartDescription>Correct portions of the unit test that yield incorrect or ambiguous results.</mstns:PartDescription></mstns:Part></mstns:Parts><mstns:RACI><mstns:RACIItem RACIType="Responsible"><mstns:RoleName>Developer</mstns:RoleName><mstns:RACIDescription>Developer</mstns:RACIDescription></mstns:RACIItem></mstns:RACI><mstns:Verification></mstns:Verification><mstns:CrossReference><mstns:CrossReferenceItem CrossType="SeeAlso">
									<mstns:CrossName>Test Driven Development</mstns:CrossName>
									<mstns:CrossLink>http://msdn.microsoft.com/library/default.asp?url=/library/en-us/dnvs05/html/GuidelinesforTDD.asp</mstns:CrossLink>
									<mstns:CrossDescription></mstns:CrossDescription>
								</mstns:CrossReferenceItem><mstns:CrossReferenceItem CrossType="Cycles"><mstns:CrossName>Check In</mstns:CrossName><mstns:CrossLink>
                    </mstns:CrossLink><mstns:CrossDescription>
                    </mstns:CrossDescription></mstns:CrossReferenceItem><mstns:CrossReferenceItem CrossType="Tracks"><mstns:CrossName>Build</mstns:CrossName><mstns:CrossLink>
                    </mstns:CrossLink><mstns:CrossDescription>
                    </mstns:CrossDescription></mstns:CrossReferenceItem><mstns:CrossReferenceItem CrossType="WorkProduct-VS"><mstns:CrossName>Unit Test</mstns:CrossName><mstns:CrossLink>
                    </mstns:CrossLink><mstns:CrossDescription>
                    </mstns:CrossDescription></mstns:CrossReferenceItem><mstns:CrossReferenceItem CrossType="NextStep"><mstns:CrossName>Write Code for a Development Task</mstns:CrossName><mstns:CrossLink>
                    </mstns:CrossLink><mstns:CrossDescription>Write Code for a Development Task</mstns:CrossDescription></mstns:CrossReferenceItem><mstns:CrossReferenceItem CrossType="NextStep"><mstns:CrossName>Perform a Unit Test</mstns:CrossName><mstns:CrossLink>
                    </mstns:CrossLink><mstns:CrossDescription>Perform a Unit Test</mstns:CrossDescription></mstns:CrossReferenceItem><mstns:CrossReferenceItem CrossType="Qualities of Service"><mstns:CrossName>Performance</mstns:CrossName><mstns:CrossLink>
                    </mstns:CrossLink><mstns:CrossDescription>
                    </mstns:CrossDescription></mstns:CrossReferenceItem></mstns:CrossReference><mstns:When>
            </mstns:When><mstns:Dependencies><mstns:DependencyItem><mstns:DependencyName>
                    </mstns:DependencyName><mstns:DependencyDescription>The bug or development task associated with the unit test is clearly defined. </mstns:DependencyDescription></mstns:DependencyItem></mstns:Dependencies><mstns:CMMI></mstns:CMMI><mstns:Criteria><mstns:CriteriaItem CriteriaType="Exit"><mstns:CriteriaName>The unit test is written and fails if the code is not written for the test.</mstns:CriteriaName><mstns:CriteriaDescription>The unit test is written and fails if the code is not written for the test.</mstns:CriteriaDescription></mstns:CriteriaItem></mstns:Criteria></mstns:ContentItem><mstns:ContentItem ContentType="Activity"><mstns:ContentOrder>
            </mstns:ContentOrder><mstns:ContentName>Perform a Unit Test</mstns:ContentName><mstns:ContentDescription>
                <span xmlns="http://www.w3.org/1999/xhtml">A unit test covers a particular area of code, and a combination of unit tests can help developers and testers identify the quality of a particular section of written code. Complete unit tests when the code base changes. A completed unit test gives a definitive answer as to whether the code covered by the unit test is working as expected.</span>
            </mstns:ContentDescription><mstns:ContentLink>
            </mstns:ContentLink><mstns:Parts><mstns:Part PartType="Step"><mstns:PartName>Identify Appropriate Unit Test </mstns:PartName><mstns:Sequence>1</mstns:Sequence><mstns:isRequired>true</mstns:isRequired><mstns:PartDescription>Find the most relevant unit test(s) that correspond to the element under test.</mstns:PartDescription></mstns:Part><mstns:Part PartType="Step"><mstns:PartName>Perform a Unit Test</mstns:PartName><mstns:Sequence>2</mstns:Sequence><mstns:isRequired>true</mstns:isRequired><mstns:PartDescription>Run the unit test on the area under test.</mstns:PartDescription></mstns:Part><mstns:Part PartType="Step"><mstns:PartName>Analyze Test Results</mstns:PartName><mstns:Sequence>3</mstns:Sequence><mstns:isRequired>true</mstns:isRequired><mstns:PartDescription>
                        <span xmlns="http://www.w3.org/1999/xhtml">As each step is completed, mark each one appropriately using either Pass, Fail, Skip, Warning, or Blocked and add comments when needed.</span>
                    </mstns:PartDescription><mstns:PartDescription>If the test fails because the test was written incorrectly, fix the unit test and run the test on the element under test.</mstns:PartDescription><mstns:PartDescription>
                        <span xmlns="http://www.w3.org/1999/xhtml">If the test fails because the code under test was written incorrectly, fix the code and rerun the test. Do not open a new bug.</span>
                    </mstns:PartDescription></mstns:Part><mstns:Part PartType="Step"><mstns:PartName>Debug Code</mstns:PartName><mstns:Sequence>4</mstns:Sequence><mstns:isRequired>true</mstns:isRequired><mstns:PartDescription>Correct problems introduced when writing code for the task.</mstns:PartDescription></mstns:Part></mstns:Parts><mstns:RACI><mstns:RACIItem RACIType="Responsible"><mstns:RoleName>Developer</mstns:RoleName><mstns:RACIDescription>Developer</mstns:RACIDescription></mstns:RACIItem></mstns:RACI><mstns:CrossReference><mstns:CrossReferenceItem CrossType="Cycles"><mstns:CrossName>Check In</mstns:CrossName><mstns:CrossLink>
                    </mstns:CrossLink><mstns:CrossDescription>
                    </mstns:CrossDescription></mstns:CrossReferenceItem><mstns:CrossReferenceItem CrossType="Tracks"><mstns:CrossName>Build</mstns:CrossName><mstns:CrossLink>
                    </mstns:CrossLink><mstns:CrossDescription>
                    </mstns:CrossDescription></mstns:CrossReferenceItem><mstns:CrossReferenceItem CrossType="WorkProduct-VS"><mstns:CrossName>Code</mstns:CrossName><mstns:CrossLink>
                    </mstns:CrossLink><mstns:CrossDescription>
                    </mstns:CrossDescription></mstns:CrossReferenceItem><mstns:CrossReferenceItem CrossType="WorkProduct-VS"><mstns:CrossName>Unit Test</mstns:CrossName><mstns:CrossLink>
                    </mstns:CrossLink><mstns:CrossDescription>
                    </mstns:CrossDescription></mstns:CrossReferenceItem><mstns:CrossReferenceItem CrossType="SeeAlso"><mstns:CrossName>Create or Update a Unit Test</mstns:CrossName><mstns:CrossLink>
                    </mstns:CrossLink><mstns:CrossDescription>Create or Update a Unit Test</mstns:CrossDescription></mstns:CrossReferenceItem><mstns:CrossReferenceItem CrossType="NextStep"><mstns:CrossName>Perform Code Analysis</mstns:CrossName><mstns:CrossLink>
                    </mstns:CrossLink><mstns:CrossDescription>Perform Code Analysis</mstns:CrossDescription></mstns:CrossReferenceItem><mstns:CrossReferenceItem CrossType="NextStep"><mstns:CrossName>Refactor Code</mstns:CrossName><mstns:CrossLink>
                    </mstns:CrossLink><mstns:CrossDescription>Refactor Code</mstns:CrossDescription></mstns:CrossReferenceItem><mstns:CrossReferenceItem CrossType="NextStep"><mstns:CrossName>Review Code</mstns:CrossName><mstns:CrossLink>
                    </mstns:CrossLink><mstns:CrossDescription>Review Code</mstns:CrossDescription></mstns:CrossReferenceItem><mstns:CrossReferenceItem CrossType="SeeAlso"><mstns:CrossName>
                    </mstns:CrossName><mstns:CrossLink>ms-help://MS.VSCC.v80/dv_commoner/local/redirect.htm?keyword='2b018b18-b412-4e0e-b0ee-b580a2f3ba9c'</mstns:CrossLink><mstns:CrossDescription>
                    </mstns:CrossDescription></mstns:CrossReferenceItem></mstns:CrossReference><mstns:When>
            </mstns:When><mstns:Dependencies><mstns:DependencyItem><mstns:DependencyName>
                    </mstns:DependencyName><mstns:DependencyDescription>The unit test is written and verified to represent the item under test. </mstns:DependencyDescription></mstns:DependencyItem></mstns:Dependencies><mstns:CMMI></mstns:CMMI><mstns:Criteria><mstns:CriteriaItem CriteriaType="Exit"><mstns:CriteriaName>The unit test achieves code coverage test target or the reason why it does not is documented in the check-in notes.</mstns:CriteriaName><mstns:CriteriaDescription>
                        <span xmlns="http://www.w3.org/1999/xhtml">The unit test achieves code coverage test target or the reason why it does not is documented in the check-in notes.</span>
                    </mstns:CriteriaDescription></mstns:CriteriaItem><mstns:CriteriaItem CriteriaType="Exit"><mstns:CriteriaName>All unit tests pass.</mstns:CriteriaName><mstns:CriteriaDescription>All unit tests pass.</mstns:CriteriaDescription></mstns:CriteriaItem></mstns:Criteria></mstns:ContentItem><mstns:ContentItem ContentType="Activity"><mstns:ContentOrder>
            </mstns:ContentOrder><mstns:ContentName>Refactor Code</mstns:ContentName><mstns:ContentDescription>To refactor code, complete one change at a time and perform unit tests afterward. This approach minimizes potential code breakage. Use automated refactoring whenever possible as the automated processes are less likely to cause functionality to break. Refactoring is a continuous activity that keeps the code base open to change.</mstns:ContentDescription><mstns:ContentLink>
            </mstns:ContentLink><mstns:Parts><mstns:Part PartType="Step"><mstns:PartName>Identify Complexity</mstns:PartName><mstns:Sequence>1</mstns:Sequence><mstns:isRequired>true</mstns:isRequired><mstns:PartDescription>When functionality is added, look for areas of code that increase architectural complexity.</mstns:PartDescription><mstns:PartDescription>Identify the appropriate refactoring to reduce the complexity while keeping the semantics of the code the same.</mstns:PartDescription><mstns:PartDescription>Identify and run the unit tests for the area to be refactored.</mstns:PartDescription></mstns:Part><mstns:Part PartType="Step"><mstns:PartName>Apply Refactoring</mstns:PartName><mstns:Sequence>2</mstns:Sequence><mstns:isRequired>true</mstns:isRequired><mstns:PartDescription>
                        <span xmlns="http://www.w3.org/1999/xhtml">Apply the refactoring, one at a time. Change the code and all the references to the changed area as necessary.</span>
                    </mstns:PartDescription><mstns:PartDescription>If a class does not map to an abstraction of a real world or programmatic element, rename the class to a name that maps appropriately. Change all of the references to the code.</mstns:PartDescription><mstns:PartDescription>If methods are too complex, it may be necessary to break a method up into a set of new methods. Use "extract method" to pull out functionality that belongs in its own method. Be sure the new method is consistent with the abstraction (class name) in which it is added.</mstns:PartDescription></mstns:Part><mstns:Part PartType="Step"><mstns:PartName>Perform Unit Tests</mstns:PartName><mstns:Sequence>3</mstns:Sequence><mstns:isRequired>true</mstns:isRequired><mstns:PartDescription>Perform unit tests so the area remains semantically equivalent after the refactoring. Fix any nonworking unit tests.</mstns:PartDescription><mstns:PartDescription>Perform code analysis and fix any warnings.</mstns:PartDescription><mstns:PartDescription>Perform unit tests again if code changes are made as a result of code analysis.</mstns:PartDescription></mstns:Part></mstns:Parts><mstns:RACI><mstns:RACIItem RACIType="Responsible"><mstns:RoleName>Developer</mstns:RoleName><mstns:RACIDescription>Developer</mstns:RACIDescription></mstns:RACIItem></mstns:RACI><mstns:Verification></mstns:Verification><mstns:CrossReference><mstns:CrossReferenceItem CrossType="Cycles"><mstns:CrossName>Check In</mstns:CrossName><mstns:CrossLink>
                    </mstns:CrossLink><mstns:CrossDescription>
                    </mstns:CrossDescription></mstns:CrossReferenceItem><mstns:CrossReferenceItem CrossType="Tracks"><mstns:CrossName>Build</mstns:CrossName><mstns:CrossLink>
                    </mstns:CrossLink><mstns:CrossDescription>
                    </mstns:CrossDescription></mstns:CrossReferenceItem><mstns:CrossReferenceItem CrossType="WorkProduct-VS"><mstns:CrossName>Code</mstns:CrossName><mstns:CrossLink>
                    </mstns:CrossLink><mstns:CrossDescription>
                    </mstns:CrossDescription></mstns:CrossReferenceItem><mstns:CrossReferenceItem CrossType="SeeAlso"><mstns:CrossName>Refactoring C#</mstns:CrossName><mstns:CrossLink>http://go.microsoft.com/fwlink/?LinkId=41434</mstns:CrossLink><mstns:CrossDescription>
                    </mstns:CrossDescription></mstns:CrossReferenceItem><mstns:CrossReferenceItem CrossType="NextStep"><mstns:CrossName>Perform a Unit Test</mstns:CrossName><mstns:CrossLink>
                    </mstns:CrossLink><mstns:CrossDescription>Perform a Unit Test</mstns:CrossDescription></mstns:CrossReferenceItem><mstns:CrossReferenceItem CrossType="NextStep"><mstns:CrossName>Perform Code Analysis</mstns:CrossName><mstns:CrossLink>
                    </mstns:CrossLink><mstns:CrossDescription>Perform Code Analysis</mstns:CrossDescription></mstns:CrossReferenceItem></mstns:CrossReference><mstns:When>
            </mstns:When><mstns:Dependencies><mstns:DependencyItem><mstns:DependencyName>
                    </mstns:DependencyName><mstns:DependencyDescription>Unit tests for the area are up-to-date and run successfully. </mstns:DependencyDescription></mstns:DependencyItem></mstns:Dependencies><mstns:CMMI></mstns:CMMI><mstns:Criteria><mstns:CriteriaItem CriteriaType="Exit"><mstns:CriteriaName>The code or architectural complexity is removed and unit tests run successfully.</mstns:CriteriaName><mstns:CriteriaDescription>The code or architectural complexity is removed and unit tests run successfully.</mstns:CriteriaDescription><mstns:WorkProductName>
                    </mstns:WorkProductName></mstns:CriteriaItem></mstns:Criteria></mstns:ContentItem><mstns:ContentItem ContentType="Activity"><mstns:ContentOrder>
            </mstns:ContentOrder><mstns:ContentName>Review Code</mstns:ContentName><mstns:ContentDescription>
                <div style="PADDING-RIGHT: 0in; MARGIN-TOP: 0in; PADDING-LEFT: 0in; MARGIN-BOTTOM: 0pt" xmlns="http://www.w3.org/1999/xhtml">A code review is used to identify areas that might cause problems for future development and testing. Code reviews also provide additional insight from other developers on how code should be written. With reviewed code, others working in the same area can follow the precedents set by previous developers. Buddy reviews require a single, knowledgeable peer to go through the changes with the developer before checking in the code. Unit tests must be completed and code analysis must be performed. Reviews should concentrate on areas that cannot be checked via the compiler or code analysis such as performance, readability, or security.</div>
            </mstns:ContentDescription><mstns:ContentLink>
            </mstns:ContentLink><mstns:Parts><mstns:Part PartType="Step"><mstns:PartName>Verify Name Correctness</mstns:PartName><mstns:Sequence>1</mstns:Sequence><mstns:isRequired>true</mstns:isRequired><mstns:PartDescription>
                        <span xmlns="http://www.w3.org/1999/xhtml">Make sure the names of the classes and the methods are properly defined to represent the functionality of the code segment</span>.</mstns:PartDescription></mstns:Part><mstns:Part PartType="Step"><mstns:PartName>Verify Code Relevance</mstns:PartName><mstns:Sequence>2</mstns:Sequence><mstns:isRequired>true</mstns:isRequired><mstns:PartDescription>
                        <div style="PADDING-RIGHT: 0in; MARGIN-TOP: 0in; PADDING-LEFT: 0in; MARGIN-BOTTOM: 0pt" xmlns="http://www.w3.org/1999/xhtml">The code being reviewed is relevant to the task for which the code is written. There should be no code changes allowed that do not address the functionality to be implemented or corrected.</div>
                    </mstns:PartDescription></mstns:Part><mstns:Part PartType="Step"><mstns:PartName>Verify Extensibility</mstns:PartName><mstns:Sequence>3</mstns:Sequence><mstns:isRequired>true</mstns:isRequired><mstns:PartDescription>
                        <span xmlns="http://www.w3.org/1999/xhtml">The code is written so it can be extended if it is the intention to do so, or reused in other areas of the system.</span>
                    </mstns:PartDescription><mstns:PartDescription>Strings constants used in the code are properly placed in resources that can be internationalized.</mstns:PartDescription></mstns:Part><mstns:Part PartType="Step"><mstns:PartName>Verify Minimal Code Complexity</mstns:PartName><mstns:Sequence>4</mstns:Sequence><mstns:isRequired>true</mstns:isRequired><mstns:PartDescription>Repeated code can be simplified into common functions.</mstns:PartDescription><mstns:PartDescription>Loops are used where appropriate.</mstns:PartDescription><mstns:PartDescription>Similar functionality is place in a common procedure or function.</mstns:PartDescription></mstns:Part><mstns:Part PartType="Step"><mstns:PartName>Verify Algorithmic Complexity</mstns:PartName><mstns:Sequence>5</mstns:Sequence><mstns:isRequired>true</mstns:isRequired><mstns:PartDescription>The number of execution paths in the code being reviewed is kept to a minimum. Only recognized paths are allowed to exist.</mstns:PartDescription></mstns:Part><mstns:Part PartType="Step"><mstns:PartName>Verify Code Security</mstns:PartName><mstns:Sequence>6</mstns:Sequence><mstns:isRequired>true</mstns:isRequired><mstns:PartDescription>Check the code for the protection of assets, privilege levels, and the use of data at entry points. Verify the code against the checklists found in the Patterns and Practices security code review index (see link to the left). </mstns:PartDescription></mstns:Part><mstns:Part PartType="Step"><mstns:PartName>Fix Review Changes</mstns:PartName><mstns:Sequence>7</mstns:Sequence><mstns:isRequired>true</mstns:isRequired><mstns:PartDescription>Fix review changes, compile, perform unit tests, and perform code analysis. Debug and fix the code if any unit tests are broken.</mstns:PartDescription></mstns:Part></mstns:Parts><mstns:RACI><mstns:RACIItem RACIType="Responsible"><mstns:RoleName>Developer</mstns:RoleName><mstns:RACIDescription>Developer</mstns:RACIDescription></mstns:RACIItem></mstns:RACI><mstns:Verification></mstns:Verification><mstns:CrossReference><mstns:CrossReferenceItem CrossType="Cycles"><mstns:CrossName>Check In</mstns:CrossName><mstns:CrossLink>
                    </mstns:CrossLink><mstns:CrossDescription>
                    </mstns:CrossDescription></mstns:CrossReferenceItem><mstns:CrossReferenceItem CrossType="Tracks"><mstns:CrossName>Build</mstns:CrossName><mstns:CrossLink>
                    </mstns:CrossLink><mstns:CrossDescription>
                    </mstns:CrossDescription></mstns:CrossReferenceItem><mstns:CrossReferenceItem CrossType="WorkProduct-VS"><mstns:CrossName>Code</mstns:CrossName><mstns:CrossLink>
                    </mstns:CrossLink><mstns:CrossDescription>
                    </mstns:CrossDescription></mstns:CrossReferenceItem><mstns:CrossReferenceItem CrossType="SeeAlso"><mstns:CrossName>Perform Code Analysis</mstns:CrossName><mstns:CrossLink>
                    </mstns:CrossLink><mstns:CrossDescription>Perform Code Analysis</mstns:CrossDescription></mstns:CrossReferenceItem><mstns:CrossReferenceItem CrossType="NextStep"><mstns:CrossName>Perform a Unit Test</mstns:CrossName><mstns:CrossLink>
                    </mstns:CrossLink><mstns:CrossDescription>Perform a Unit Test</mstns:CrossDescription></mstns:CrossReferenceItem><mstns:CrossReferenceItem CrossType="NextStep"><mstns:CrossName>Integrate Code Changes</mstns:CrossName><mstns:CrossLink>
                    </mstns:CrossLink><mstns:CrossDescription>Integrate Code Changes</mstns:CrossDescription></mstns:CrossReferenceItem><mstns:CrossReferenceItem CrossType="PatternPractices"><mstns:CrossName>Performance Code Review Index</mstns:CrossName><mstns:CrossLink>http://go.microsoft.com/fwlink/?LinkId=40650</mstns:CrossLink><mstns:CrossDescription>
                    </mstns:CrossDescription></mstns:CrossReferenceItem><mstns:CrossReferenceItem CrossType="PatternPractices"><mstns:CrossName>Security Code Review Index</mstns:CrossName><mstns:CrossLink>http://go.microsoft.com/fwlink/?LinkId=40651</mstns:CrossLink><mstns:CrossDescription>
                    </mstns:CrossDescription></mstns:CrossReferenceItem><mstns:CrossReferenceItem CrossType="Qualities of Service"><mstns:CrossName>Security</mstns:CrossName><mstns:CrossLink>
                    </mstns:CrossLink><mstns:CrossDescription>
                    </mstns:CrossDescription></mstns:CrossReferenceItem><mstns:CrossReferenceItem CrossType="Qualities of Service"><mstns:CrossName>Performance</mstns:CrossName><mstns:CrossLink>
                    </mstns:CrossLink><mstns:CrossDescription>
                    </mstns:CrossDescription></mstns:CrossReferenceItem></mstns:CrossReference><mstns:When>
            </mstns:When><mstns:Dependencies><mstns:DependencyItem><mstns:DependencyName>
                    </mstns:DependencyName><mstns:DependencyDescription>A reviewer familiar with the code area is available. </mstns:DependencyDescription></mstns:DependencyItem></mstns:Dependencies><mstns:CMMI></mstns:CMMI><mstns:Criteria><mstns:CriteriaItem CriteriaType="Exit"><mstns:CriteriaName>The reviewer agrees on all changes to the code base for the development task.</mstns:CriteriaName><mstns:CriteriaDescription>The reviewer agrees on all changes to the code base for the development task.</mstns:CriteriaDescription></mstns:CriteriaItem></mstns:Criteria></mstns:ContentItem><mstns:ContentItem ContentType="Activity"><mstns:ContentOrder>
            </mstns:ContentOrder><mstns:ContentName>Integrate Code Changes</mstns:ContentName><mstns:ContentDescription>To provide a stable and coherent application, code integration should be organized. Code that is integrated in small sets of changes, each representing a development task or bug, maintains a level of verifiable stability. This makes it easier to ascertain and isolate a potential problem. When the final development task is integrated, the developer who owns the scenario or quality of service requirement tests functionality from end-to-end. The status of the scenario or quality of service requirement is set to Resolved and the work item is assigned to a tester.</mstns:ContentDescription><mstns:ContentLink>
            </mstns:ContentLink><mstns:Parts><mstns:Part PartType="Step"><mstns:PartName>Check Dependencies</mstns:PartName><mstns:Sequence>1</mstns:Sequence><mstns:isRequired>true</mstns:isRequired><mstns:PartDescription>If the task depends on any other tasks that have not been checked in, wait until those development tasks have been integrated.</mstns:PartDescription><mstns:PartDescription>If the development task is mutually dependent on another, shelve one of them and retrieve it on the same machine as the other. Handle the two as a single development task but check the work in against both tasks.</mstns:PartDescription><mstns:PartDescription>
                        <span xmlns="http://www.w3.org/1999/xhtml">Synchronize with the latest versions of the code for the area in which the code changed.</span>
                    </mstns:PartDescription></mstns:Part><mstns:Part PartType="Step"><mstns:PartName>Test and Integrate Other Development Tasks</mstns:PartName><mstns:Sequence>2</mstns:Sequence><mstns:isRequired>true</mstns:isRequired><mstns:PartDescription>Test to be sure the fix for the bug or the part of the scenario or quality of service requirement works with related changes already integrated. </mstns:PartDescription><mstns:PartDescription>Run the unit tests to be sure that the set of changes is compatible with those already integrated.</mstns:PartDescription><mstns:PartDescription>Debug the integration if necessary, run unit tests, and perform code analysis.</mstns:PartDescription></mstns:Part><mstns:Part PartType="Step"><mstns:PartName>Check In the Set of Changes</mstns:PartName><mstns:Sequence>3</mstns:Sequence><mstns:isRequired>true</mstns:isRequired><mstns:PartDescription>Set the next build number in 'resolved in build field' for a bug or the 'integration build' field for a development task. </mstns:PartDescription><mstns:PartDescription>Check in the code changes and the unit tests with the bug or development task. Associate the shelveset with the work item if it is only partially fixed or completed. Otherwise, choose resolve for bugs and close for development tasks. This should close the development task or resolve the bug and create a new changeset linked to the work item.</mstns:PartDescription></mstns:Part><mstns:Part PartType="Step"><mstns:PartName>Resolve Work Item</mstns:PartName><mstns:Sequence>4</mstns:Sequence><mstns:isRequired>true</mstns:isRequired><mstns:PartDescription>If the work item associated with the changes is a scenario or quality of service requirement and you are not the owner, notify the owner that the changes are complete.</mstns:PartDescription><mstns:PartDescription><div style="PADDING-RIGHT: 0in; MARGIN-TOP: 0in; PADDING-LEFT: 0in; MARGIN-BOTTOM: 0pt" xmlns="http://www.w3.org/1999/xhtml">If you are the owner of the scenario or quality of service requirement, test the entire integration and attach the test case that runs through the scenario to the scenario or quality of service requirement work item. Attach the test results to the scenario. Set the 'integration build' field to the next build.</div></mstns:PartDescription><mstns:PartDescription>
                        <div style="PADDING-RIGHT: 0in; MARGIN-TOP: 0in; PADDING-LEFT: 0in; MARGIN-BOTTOM: 0pt" xmlns="http://www.w3.org/1999/xhtml">Set the associated work item to Resolved and assign the scenario to one of the testers who created the test cases for the work item. Reassign the tester as the new work item owner.</div>
                    </mstns:PartDescription></mstns:Part></mstns:Parts><mstns:RACI><mstns:RACIItem RACIType="Responsible"><mstns:RoleName>Developer</mstns:RoleName><mstns:RACIDescription>Developer</mstns:RACIDescription></mstns:RACIItem></mstns:RACI><mstns:Verification></mstns:Verification><mstns:CrossReference><mstns:CrossReferenceItem CrossType="Cycles"><mstns:CrossName>Check In</mstns:CrossName><mstns:CrossLink>
                    </mstns:CrossLink><mstns:CrossDescription>
                    </mstns:CrossDescription></mstns:CrossReferenceItem><mstns:CrossReferenceItem CrossType="Tracks"><mstns:CrossName>Build</mstns:CrossName><mstns:CrossLink>
                    </mstns:CrossLink><mstns:CrossDescription>
                    </mstns:CrossDescription></mstns:CrossReferenceItem><mstns:CrossReferenceItem CrossType="SeeAlso"><mstns:CrossName>Enterprise-Class Source Control</mstns:CrossName><mstns:CrossLink>http://go.microsoft.com/fwlink/?LinkId=41960</mstns:CrossLink><mstns:CrossDescription>
                    </mstns:CrossDescription></mstns:CrossReferenceItem><mstns:CrossReferenceItem CrossType="WorkItem"><mstns:CrossName>Task</mstns:CrossName><mstns:CrossLink>
                    </mstns:CrossLink><mstns:CrossDescription>Active</mstns:CrossDescription></mstns:CrossReferenceItem><mstns:CrossReferenceItem CrossType="WorkItem"><mstns:CrossName>Bug</mstns:CrossName><mstns:CrossLink>
                    </mstns:CrossLink><mstns:CrossDescription>Active</mstns:CrossDescription></mstns:CrossReferenceItem><mstns:CrossReferenceItem CrossType="WorkItem"><mstns:CrossName>Scenario</mstns:CrossName><mstns:CrossLink>
                    </mstns:CrossLink><mstns:CrossDescription>Active</mstns:CrossDescription></mstns:CrossReferenceItem><mstns:CrossReferenceItem CrossType="WorkItem"><mstns:CrossName>Quality of Service Requirement</mstns:CrossName><mstns:CrossLink>
                    </mstns:CrossLink><mstns:CrossDescription>Active</mstns:CrossDescription></mstns:CrossReferenceItem><mstns:CrossReferenceItem CrossType="WorkProduct-VS"><mstns:CrossName>Code</mstns:CrossName><mstns:CrossLink>
                    </mstns:CrossLink><mstns:CrossDescription>
                    </mstns:CrossDescription></mstns:CrossReferenceItem><mstns:CrossReferenceItem CrossType="WorkProduct-VS"><mstns:CrossName>Changeset</mstns:CrossName><mstns:CrossLink>
                    </mstns:CrossLink><mstns:CrossDescription>
                    </mstns:CrossDescription></mstns:CrossReferenceItem><mstns:CrossReferenceItem CrossType="NextStep"><mstns:CrossName>Build a Product</mstns:CrossName><mstns:CrossLink>
                    </mstns:CrossLink><mstns:CrossDescription>Build a Product</mstns:CrossDescription></mstns:CrossReferenceItem></mstns:CrossReference><mstns:When>
            </mstns:When><mstns:Dependencies><mstns:DependencyItem><mstns:DependencyName>
                    </mstns:DependencyName><mstns:DependencyDescription>The set of changes for a development task has been unit tested, reviewed, and undergone code analysis.</mstns:DependencyDescription></mstns:DependencyItem><mstns:DependencyItem><mstns:DependencyName>
                    </mstns:DependencyName><mstns:DependencyDescription>All of the system unit tests run successfully.</mstns:DependencyDescription></mstns:DependencyItem></mstns:Dependencies><mstns:CMMI></mstns:CMMI><mstns:Criteria><mstns:CriteriaItem CriteriaType="Exit"><mstns:CriteriaName>New Changeset Created</mstns:CriteriaName><mstns:CriteriaDescription>
                        <div xmlns="http://www.w3.org/1999/xhtml">
                            <span>A new changeset is created and ready for integration into the build.</span>
                        </div>
                    </mstns:CriteriaDescription></mstns:CriteriaItem><mstns:CriteriaItem CriteriaType="Exit"><mstns:CriteriaName>Work Items Resolved</mstns:CriteriaName><mstns:CriteriaLink>
                    </mstns:CriteriaLink><mstns:CriteriaDescription>
                        <span xmlns="http://www.w3.org/1999/xhtml">If this is the last set of changes needed to implement the scenario or quality of service requirement or to fix a bug, the built system now exhibits the behavior called for in the work item. A test is checked in which tests this behavior. The scenario, quality of service requirement, or bug associated with this work is resolved. Any development tasks are closed.</span>
                    </mstns:CriteriaDescription><mstns:WorkProductName>
                    </mstns:WorkProductName></mstns:CriteriaItem></mstns:Criteria></mstns:ContentItem></mstns:Content><mstns:NavStructure><mstns:Menu><mstns:MenuName>
            </mstns:MenuName><mstns:MenuItem><mstns:MenuItemName>
                </mstns:MenuItemName><mstns:MenuItemTransform>
                </mstns:MenuItemTransform><mstns:MenuItemDescription>
                </mstns:MenuItemDescription></mstns:MenuItem></mstns:Menu><mstns:ImageMenu></mstns:ImageMenu><mstns:BulletMenu><mstns:MenuName>
            </mstns:MenuName><mstns:MenuItem><mstns:MenuItemName>
                </mstns:MenuItemName><mstns:MenuItemTransform>
                </mstns:MenuItemTransform><mstns:MenuBulletImage>
                </mstns:MenuBulletImage><mstns:MenuItemDescription>
                </mstns:MenuItemDescription></mstns:MenuItem></mstns:BulletMenu></mstns:NavStructure><mstns:Glossary><mstns:GlossaryName>Glossary</mstns:GlossaryName><mstns:GlossaryItem><mstns:Term>
            </mstns:Term><mstns:Definition>
            </mstns:Definition><mstns:Reference>
            </mstns:Reference></mstns:GlossaryItem></mstns:Glossary><mstns:HelpContextMap><mstns:MapItem><mstns:Keyword>
            </mstns:Keyword><mstns:Context>
            </mstns:Context><mstns:ContentName>
            </mstns:ContentName></mstns:MapItem></mstns:HelpContextMap><mstns:Index><mstns:IndexItem><mstns:Keyword>
            </mstns:Keyword><mstns:ContentName>
            </mstns:ContentName></mstns:IndexItem></mstns:Index></mstns:ProcessGuidance>