<?xml version="1.0" encoding="UTF-8"?><?mso-infoPathSolution PIVersion="1.0.0.0" language="en-us" name="urn:schemas-microsoft-com:office:infopath:template2:http---tempuri-org-XMLSchema-xsd" solutionVersion="1.0.0.162" productVersion="11.0.8034" ?><?mso-application progid="InfoPath.Document"?><mstns:ProcessGuidance xmlns:mstns="http://tempuri.org/XMLSchema.xsd" xmlns:xsi="http://www.w3.org/2001/XMLSchema-instance" xmlns:xhtml="http://www.w3.org/1999/xhtml" xmlns:my="http://schemas.microsoft.com/office/infopath/2003/myXSD/2004-10-13T22:49:49" xmlns:xd="http://schemas.microsoft.com/office/infopath/2003"><mstns:Content><mstns:ContentItem ContentType="Workstream"><mstns:ContentOrder>3</mstns:ContentOrder><mstns:ContentName>Guide Iteration</mstns:ContentName><mstns:ContentDescription>
                <div xmlns="http://www.w3.org/1999/xhtml">Once an iteration begins, it is important to stay on top of issues. When an issue arises, the speed with which it is dealt with can have an impact on the velocity. The 'issue' flag on a work item allows work items that are blocked to be registered in the issues query. The issues query should be run each morning at a minimum. When an iteration is completed, retrospectives should be conducted to determine ways to improve the process and environment. A retrospective meeting should be held to bring closure on the iteration, the same way that an iteration planning meeting starts one.</div>
            </mstns:ContentDescription><mstns:ContentLink>
            </mstns:ContentLink><mstns:States></mstns:States><mstns:Parts><mstns:Part PartType="Step"><mstns:PartName>Monitor Iteration</mstns:PartName><mstns:Sequence>1</mstns:Sequence><mstns:isRequired>true</mstns:isRequired><mstns:PartDescription>Review work item priorities.</mstns:PartDescription><mstns:PartDescription>Resolve issues.</mstns:PartDescription></mstns:Part><mstns:Part PartType="Step"><mstns:PartName>Mitigate a Risk</mstns:PartName><mstns:Sequence>2</mstns:Sequence><mstns:isRequired>true</mstns:isRequired><mstns:PartDescription>Reduce the probability of the risk.</mstns:PartDescription><mstns:PartDescription>Reduce the impact of the risk.</mstns:PartDescription><mstns:PartDescription>Make contingency plans.</mstns:PartDescription><mstns:PartDescription>Apply decisions.</mstns:PartDescription></mstns:Part><mstns:Part PartType="Step"><mstns:PartName>Conduct Retrospective</mstns:PartName><mstns:Sequence>3</mstns:Sequence><mstns:isRequired>true</mstns:isRequired><mstns:PartDescription>Set up the retrospective.</mstns:PartDescription><mstns:PartDescription>
                        <div class="p1a" xmlns="http://www.w3.org/1999/xhtml">Hold iteration retrospective meeting.</div>
                    </mstns:PartDescription><mstns:PartDescription>
                        <div class="p1a" xmlns="http://www.w3.org/1999/xhtml">Incorporate feedback into the next iteration.</div>
                    </mstns:PartDescription></mstns:Part></mstns:Parts><mstns:RACI><mstns:RACIItem RACIType="Responsible"><mstns:RoleName>Project Manager</mstns:RoleName><mstns:RACIDescription>Project Manager</mstns:RACIDescription></mstns:RACIItem></mstns:RACI><mstns:Verification></mstns:Verification><mstns:CrossReference><mstns:CrossReferenceItem CrossType="SeeAlso"><mstns:CrossName>Plan an Iteration</mstns:CrossName><mstns:CrossLink>
                    </mstns:CrossLink><mstns:CrossDescription>
                    </mstns:CrossDescription></mstns:CrossReferenceItem></mstns:CrossReference><mstns:When>At the start of each iteration</mstns:When><mstns:Dependencies><mstns:DependencyItem><mstns:DependencyName>
                    </mstns:DependencyName><mstns:DependencyDescription>
                    </mstns:DependencyDescription></mstns:DependencyItem></mstns:Dependencies><mstns:CMMI></mstns:CMMI><mstns:Criteria><mstns:CriteriaItem CriteriaType="Exit"><mstns:CriteriaName>The iteration has completed.</mstns:CriteriaName><mstns:CriteriaLink>
                    </mstns:CriteriaLink><mstns:CriteriaDescription>The iteration is completed and retrospective feedback, when necessary, has been incorporated.</mstns:CriteriaDescription><mstns:WorkProductName>
                    </mstns:WorkProductName></mstns:CriteriaItem></mstns:Criteria></mstns:ContentItem><mstns:ContentItem ContentType="Activity"><mstns:ContentOrder>
            </mstns:ContentOrder><mstns:ContentName>Monitor Iteration</mstns:ContentName><mstns:ContentDescription><span xmlns="http://www.w3.org/1999/xhtml">Understanding an iteration’s progress is critical to its success. One of the most important elements in measuring progress is the resolution of high priority scenarios, quality of service requirements, and bugs for the iteration. Synchronize the iteration plan to show which tasks are still open for each of these work item types. Identify tasks to be finished, and communicate priorities so the most important parts of the iteration are completed first. The goal of the project manager is to identify potential blocking issues or bottlenecks and move the project forward.</span> </mstns:ContentDescription><mstns:ContentLink>
            </mstns:ContentLink><mstns:Parts><mstns:Part PartType="Step"><mstns:PartName>Review Work Item Priorities</mstns:PartName><mstns:Sequence>1</mstns:Sequence><mstns:isRequired>true</mstns:isRequired><mstns:PartDescription>If the priorities of the scenarios or quality of service requirements change within an iteration, it is the responsibility of the project manager to bring the business analyst, architects, developers, and testers together for a short meeting to discuss the changes. Priorities may change for many reasons including technical reasons, changing customer priorities, or dependencies.</mstns:PartDescription></mstns:Part><mstns:Part PartType="Step"><mstns:PartName>Resolve Issues</mstns:PartName><mstns:Sequence>2</mstns:Sequence><mstns:isRequired>true</mstns:isRequired><mstns:PartDescription>Run the issues query every day to make sure none of the development or test tasks are blocked. Work with the team member to determine what can be done to unblock them.</mstns:PartDescription><mstns:PartDescription>Review project risks periodically to make sure none are going to become showstoppers.</mstns:PartDescription></mstns:Part></mstns:Parts><mstns:RACI><mstns:RACIItem RACIType="Responsible"><mstns:RoleName>Project Manager</mstns:RoleName><mstns:RACIDescription>Project Manager</mstns:RACIDescription></mstns:RACIItem></mstns:RACI><mstns:Verification></mstns:Verification><mstns:CrossReference><mstns:CrossReferenceItem CrossType="Tracks"><mstns:CrossName>Build</mstns:CrossName><mstns:CrossLink>
                    </mstns:CrossLink><mstns:CrossDescription>
                    </mstns:CrossDescription></mstns:CrossReferenceItem><mstns:CrossReferenceItem CrossType="Disciplines"><mstns:CrossName>Project Management</mstns:CrossName><mstns:CrossLink>
                    </mstns:CrossLink><mstns:CrossDescription>
                    </mstns:CrossDescription></mstns:CrossReferenceItem><mstns:CrossReferenceItem CrossType="Cycles"><mstns:CrossName>Daily Build</mstns:CrossName><mstns:CrossLink>
                    </mstns:CrossLink><mstns:CrossDescription>
                    </mstns:CrossDescription></mstns:CrossReferenceItem><mstns:CrossReferenceItem CrossType="SeeAlso"><mstns:CrossName>Assess Progress</mstns:CrossName><mstns:CrossLink></mstns:CrossLink><mstns:CrossDescription>Assess Progress</mstns:CrossDescription></mstns:CrossReferenceItem><mstns:CrossReferenceItem CrossType="WorkItem">
									<mstns:CrossName>Bug</mstns:CrossName>
									<mstns:CrossLink></mstns:CrossLink>
									<mstns:CrossDescription></mstns:CrossDescription>
								</mstns:CrossReferenceItem><mstns:CrossReferenceItem CrossType="WorkItem">
									<mstns:CrossName>Scenario</mstns:CrossName>
									<mstns:CrossLink></mstns:CrossLink>
									<mstns:CrossDescription></mstns:CrossDescription>
								</mstns:CrossReferenceItem><mstns:CrossReferenceItem CrossType="WorkItem">
									<mstns:CrossName>Quality of Service Requirement</mstns:CrossName>
									<mstns:CrossLink></mstns:CrossLink>
									<mstns:CrossDescription></mstns:CrossDescription>
								</mstns:CrossReferenceItem><mstns:CrossReferenceItem CrossType="WorkItem">
									<mstns:CrossName>Task</mstns:CrossName>
									<mstns:CrossLink></mstns:CrossLink>
									<mstns:CrossDescription></mstns:CrossDescription>
								</mstns:CrossReferenceItem><mstns:CrossReferenceItem CrossType="Report">
									<mstns:CrossName>Bugs by Priority</mstns:CrossName>
									<mstns:CrossLink></mstns:CrossLink>
									<mstns:CrossDescription>Bugs by Priority</mstns:CrossDescription>
								</mstns:CrossReferenceItem></mstns:CrossReference><mstns:When>
            </mstns:When><mstns:Dependencies><mstns:DependencyItem><mstns:DependencyName>
                    </mstns:DependencyName><mstns:DependencyDescription>The final iteration plan is complete and the iteration has begun.</mstns:DependencyDescription></mstns:DependencyItem></mstns:Dependencies><mstns:CMMI></mstns:CMMI><mstns:Criteria><mstns:CriteriaItem CriteriaType="Exit"><mstns:CriteriaName>Priority changes have been communicated.</mstns:CriteriaName><mstns:CriteriaDescription>Priority changes have been communicated.</mstns:CriteriaDescription><mstns:WorkProductName>
                    </mstns:WorkProductName></mstns:CriteriaItem></mstns:Criteria></mstns:ContentItem><mstns:ContentItem ContentType="Activity"><mstns:ContentOrder>
            </mstns:ContentOrder><mstns:ContentName>Mitigate a Risk</mstns:ContentName><mstns:ContentDescription>To mitigate a risk, take steps to reduce the probability or impact of the risk. Proactive risk management is more effective than reactive risk management.  To make proactive risk management cost-effective, the highest risk issues are addressed first, up to the point where the cost of addressing the risk is deemed to outweigh the possible impact.</mstns:ContentDescription><mstns:ContentLink>
            </mstns:ContentLink><mstns:Parts><mstns:Part PartType="Step"><mstns:PartName>Reduce Probability</mstns:PartName><mstns:Sequence>1</mstns:Sequence><mstns:isRequired>true</mstns:isRequired><mstns:PartDescription>Propose feasible means to reduce the probability of the adverse event.</mstns:PartDescription><mstns:PartDescription>Assess the cost of development and ownership of each proposal against the risk exposure. Estimate the probability and potential impact.</mstns:PartDescription><mstns:PartDescription>
                        <span xmlns="http://www.w3.org/1999/xhtml">Decide if there is a cost-effective method or combination of means available to reduce the probability.</span>
                    </mstns:PartDescription></mstns:Part><mstns:Part PartType="Step"><mstns:PartName>Reduce Impact</mstns:PartName><mstns:Sequence>2</mstns:Sequence><mstns:isRequired>true</mstns:isRequired><mstns:PartDescription>
                        <span xmlns="http://www.w3.org/1999/xhtml">If the risk exposure is still too high to accept, propose feasible approaches to reduce the impact of the adverse event.</span>
                    </mstns:PartDescription><mstns:PartDescription>
                        <span xmlns="http://www.w3.org/1999/xhtml">Assess the cost of development and cost of ownership of each proposal against the remaining risk exposure.</span>
                    </mstns:PartDescription><mstns:PartDescription>
                        <span xmlns="http://www.w3.org/1999/xhtml">Decide if there is a cost-effective method or combination of means available to reduce the probability</span>.</mstns:PartDescription></mstns:Part><mstns:Part PartType="Step"><mstns:PartName>Make Contingency Plans</mstns:PartName><mstns:Sequence>3</mstns:Sequence><mstns:isRequired>true</mstns:isRequired><mstns:PartDescription>If the remaining risk exposure is still too high to accept, examine, all assumptions and quality of service requirements, especially those that involve deployment environment, availability, and accessibility.</mstns:PartDescription><mstns:PartDescription>
                        <span xmlns="http://www.w3.org/1999/xhtml">If no changes can be made to the original context, develop action plans for users and support staff to handle adverse events in the best and most cost effective way.</span>
                    </mstns:PartDescription></mstns:Part><mstns:Part PartType="Step"><mstns:PartName>Apply Decisions</mstns:PartName><mstns:Sequence>4</mstns:Sequence><mstns:isRequired>true</mstns:isRequired><mstns:PartDescription>
                        <span xmlns="http://www.w3.org/1999/xhtml">Implement the selected approach to reduce the probability of occurrence and impact.</span>
                    </mstns:PartDescription><mstns:PartDescription>
                        <span xmlns="http://www.w3.org/1999/xhtml">Close the risk work item.</span> </mstns:PartDescription></mstns:Part></mstns:Parts><mstns:RACI><mstns:RACIItem RACIType="Responsible"><mstns:RoleName>Project Manager</mstns:RoleName><mstns:RACIDescription></mstns:RACIDescription></mstns:RACIItem></mstns:RACI><mstns:CrossReference><mstns:CrossReferenceItem CrossType="Cycles"><mstns:CrossName>As Needed</mstns:CrossName><mstns:CrossLink>
                    </mstns:CrossLink><mstns:CrossDescription>
                    </mstns:CrossDescription></mstns:CrossReferenceItem><mstns:CrossReferenceItem CrossType="WorkItem">
									<mstns:CrossName>Risk</mstns:CrossName>
									<mstns:CrossLink></mstns:CrossLink>
									<mstns:CrossDescription></mstns:CrossDescription>
								</mstns:CrossReferenceItem><mstns:CrossReferenceItem CrossType="Tracks">
									<mstns:CrossName>Build</mstns:CrossName>
									<mstns:CrossLink></mstns:CrossLink>
									<mstns:CrossDescription></mstns:CrossDescription>
								</mstns:CrossReferenceItem></mstns:CrossReference><mstns:When>
            </mstns:When><mstns:Dependencies><mstns:DependencyItem><mstns:DependencyName>
                    </mstns:DependencyName><mstns:DependencyDescription>A risk poses an immediate threat or results in adverse consequences to the project.</mstns:DependencyDescription></mstns:DependencyItem></mstns:Dependencies><mstns:Criteria><mstns:CriteriaItem CriteriaType="Exit"><mstns:CriteriaName>The risks that pose the greatest threat to the success of the project have been mitigated.</mstns:CriteriaName><mstns:CriteriaDescription>The risks that pose the greatest threat to the success of the project have been mitigated.</mstns:CriteriaDescription></mstns:CriteriaItem></mstns:Criteria></mstns:ContentItem><mstns:ContentItem ContentType="Activity"><mstns:ContentOrder>
            </mstns:ContentOrder><mstns:ContentName>Conduct Retrospective</mstns:ContentName><mstns:ContentDescription>Feedback is an important part of any agile software development process. Since every development team and the problem that they face is unique, creating an environment that meets their needs is a key to maximizing productivity. When an iteration has ended, the retrospective allows the development team to discuss what was favorable and unfavorable about the way that they worked. A key to this process is to look for constructive ways to improve the process and adapt accordingly. A retrospective meeting is typically two hours long to solicit maximum input. However, if the team feels that everything is going smoothly, it may be shorter. The final iteration is completed with a project retrospective.</mstns:ContentDescription><mstns:ContentLink>
            </mstns:ContentLink><mstns:States></mstns:States><mstns:Parts><mstns:Part PartType="Step"><mstns:PartName>Setup Retrospective Meeting</mstns:PartName><mstns:Sequence>1</mstns:Sequence><mstns:isRequired>true</mstns:isRequired><mstns:PartDescription>Invite the team to the retrospective. The meeting should follow the end of the iteration and include the entire team. Retrospectives during the project should be relatively short but long enough to obtain meaningful feedback (two hours is usually allocated). The final retrospective (at the end of the project) can take longer and even last days for long projects. You may wish to schedule this last retrospective offsite to prevent interference of daily activities.</mstns:PartDescription><mstns:PartDescription>Choose a facilitator for the retrospective. This should be an external person that everyone trusts to guard the personal safety of all the members of the team. The facilitator should create a retrospective plan or set of high level retrospective goals. These goals should reflect an understanding of the dynamics of the iteration that is to be looked back upon. The facilitator does not need to share this plan and can be flexible in changing it as the retrospective unfolds.</mstns:PartDescription></mstns:Part><mstns:Part PartType="Step"><mstns:PartName>Hold Iteration Retrospective Meeting</mstns:PartName><mstns:Sequence>2</mstns:Sequence><mstns:isRequired>true</mstns:isRequired><mstns:PartDescription>Set the ground rules regarding interruptions and personal engagement. Create a two column list of "+"s and "-"s from the iteration.</mstns:PartDescription><mstns:PartDescription>The key question to ask in an iteration retrospective is "if you could do it again, what kinds of improvements would you make?" Use the activities scheduled in the retrospective plan to draw out feedback. These activities may include a combination of evaluation and team building exercises. Capture each new idea. Be sure to maintain the environment of personal safety.</mstns:PartDescription><mstns:PartDescription>From the ideas, work with the team to create solutions. Summarize the solutions in the retrospective feedback template. Save the template with the iteration name. Publish the document on the project portal.</mstns:PartDescription></mstns:Part><mstns:Part PartType="Step"><mstns:PartName>Incorporate Feedback into Next Iteration</mstns:PartName><mstns:Sequence>3</mstns:Sequence><mstns:isRequired>true</mstns:isRequired><mstns:PartDescription>Use the feedback to adjust plans for the following iterations where appropriate. </mstns:PartDescription></mstns:Part></mstns:Parts><mstns:RACI><mstns:RACIItem RACIType="Responsible"><mstns:RoleName>Project Manager</mstns:RoleName><mstns:RACIDescription>Project Manager</mstns:RACIDescription></mstns:RACIItem><mstns:RACIItem RACIType="Consulted"><mstns:RoleName>Developer</mstns:RoleName><mstns:RACIDescription>Developer</mstns:RACIDescription></mstns:RACIItem><mstns:RACIItem RACIType="Consulted"><mstns:RoleName>Tester</mstns:RoleName><mstns:RACIDescription>Tester</mstns:RACIDescription></mstns:RACIItem><mstns:RACIItem RACIType="Consulted"><mstns:RoleName>Business Analyst</mstns:RoleName><mstns:RACIDescription>Business Analyst</mstns:RACIDescription></mstns:RACIItem></mstns:RACI><mstns:Verification></mstns:Verification><mstns:CrossReference><mstns:CrossReferenceItem CrossType="SeeAlso"><mstns:CrossName>Guide Project</mstns:CrossName><mstns:CrossLink>
                    </mstns:CrossLink><mstns:CrossDescription>
                    </mstns:CrossDescription></mstns:CrossReferenceItem><mstns:CrossReferenceItem CrossType="Disciplines"><mstns:CrossName>Project Management</mstns:CrossName><mstns:CrossLink>
                    </mstns:CrossLink><mstns:CrossDescription>
                    </mstns:CrossDescription></mstns:CrossReferenceItem><mstns:CrossReferenceItem CrossType="Cycles"><mstns:CrossName>Iteration</mstns:CrossName><mstns:CrossLink>
                    </mstns:CrossLink><mstns:CrossDescription>
                    </mstns:CrossDescription></mstns:CrossReferenceItem><mstns:CrossReferenceItem CrossType="Tracks"><mstns:CrossName>Build</mstns:CrossName><mstns:CrossLink>
                    </mstns:CrossLink><mstns:CrossDescription>
                    </mstns:CrossDescription></mstns:CrossReferenceItem></mstns:CrossReference><mstns:When>At the end of each iteration.</mstns:When><mstns:Dependencies><mstns:DependencyItem><mstns:DependencyName>
                    </mstns:DependencyName><mstns:DependencyDescription>
                    </mstns:DependencyDescription></mstns:DependencyItem></mstns:Dependencies><mstns:CMMI></mstns:CMMI><mstns:Criteria><mstns:CriteriaItem CriteriaType="Exit"><mstns:CriteriaName>All feedback has been considered</mstns:CriteriaName><mstns:CriteriaLink>
                    </mstns:CriteriaLink><mstns:CriteriaDescription>All opinions on how to improve the process have been heard and acknowledged.</mstns:CriteriaDescription><mstns:WorkProductName>
                    </mstns:WorkProductName></mstns:CriteriaItem><mstns:CriteriaItem CriteriaType="Exit"><mstns:CriteriaName>The feedback has been incorporated.</mstns:CriteriaName><mstns:CriteriaLink>
                    </mstns:CriteriaLink><mstns:CriteriaDescription>All agreed upon changes have been incorporated into the process for the next iteration.</mstns:CriteriaDescription><mstns:WorkProductName>
                    </mstns:WorkProductName></mstns:CriteriaItem></mstns:Criteria></mstns:ContentItem></mstns:Content><mstns:NavStructure><mstns:Menu><mstns:MenuName>
            </mstns:MenuName><mstns:MenuItem><mstns:MenuItemName>
                </mstns:MenuItemName><mstns:MenuItemTransform>
                </mstns:MenuItemTransform><mstns:MenuItemDescription>
                </mstns:MenuItemDescription></mstns:MenuItem></mstns:Menu><mstns:ImageMenu></mstns:ImageMenu><mstns:BulletMenu><mstns:MenuName>
            </mstns:MenuName><mstns:MenuItem><mstns:MenuItemName>
                </mstns:MenuItemName><mstns:MenuItemTransform>
                </mstns:MenuItemTransform><mstns:MenuBulletImage>
                </mstns:MenuBulletImage><mstns:MenuItemDescription>
                </mstns:MenuItemDescription></mstns:MenuItem></mstns:BulletMenu></mstns:NavStructure><mstns:Glossary><mstns:GlossaryName>Glossary</mstns:GlossaryName><mstns:GlossaryItem><mstns:Term>
            </mstns:Term><mstns:Definition>
            </mstns:Definition><mstns:Reference>
            </mstns:Reference></mstns:GlossaryItem></mstns:Glossary><mstns:HelpContextMap><mstns:MapItem><mstns:Keyword>
            </mstns:Keyword><mstns:Context>
            </mstns:Context><mstns:ContentName>
            </mstns:ContentName></mstns:MapItem></mstns:HelpContextMap><mstns:Index><mstns:IndexItem><mstns:Keyword>
            </mstns:Keyword><mstns:ContentName>
            </mstns:ContentName></mstns:IndexItem></mstns:Index></mstns:ProcessGuidance>