<?xml version="1.0" encoding="UTF-8"?><?mso-infoPathSolution PIVersion="1.0.0.0" language="en-us" name="urn:schemas-microsoft-com:office:infopath:template2:http---tempuri-org-XMLSchema-xsd" solutionVersion="1.0.0.157" productVersion="11.0.6565" ?><?mso-application progid="InfoPath.Document"?><mstns:ProcessGuidance xmlns:mstns="http://tempuri.org/XMLSchema.xsd" xmlns:xsi="http://www.w3.org/2001/XMLSchema-instance" xmlns:xhtml="http://www.w3.org/1999/xhtml" xmlns:my="http://schemas.microsoft.com/office/infopath/2003/myXSD/2004-10-13T22:49:49" xmlns:xd="http://schemas.microsoft.com/office/infopath/2003"><mstns:Content><mstns:ContentItem ContentType="Activity"><mstns:ContentOrder>
            </mstns:ContentOrder><mstns:ContentName>Assess Progress</mstns:ContentName><mstns:ContentDescription>It is critical to a project’s success to understand and track its progress. Proper project planning and management depend on the ability to assess the current state of the project. Additionally, organizational, technical, and project risks may need to be tracked. Projects can be driven by date or functionality. When a project is date driven, project deadlines are often determined by markets, events, competitors, regulations, financial implications, or other business reasons. Even projects driven by functionality may have a desired release date. If a project is not date-driven, understanding the estimated date of release helps put the sales, deployment, marketing, training, and operations elements in place.</mstns:ContentDescription><mstns:ContentLink>
            </mstns:ContentLink><mstns:Parts><mstns:Part PartType="Step"><mstns:PartName>Evaluate the Backlog</mstns:PartName><mstns:Sequence>1</mstns:Sequence><mstns:isRequired>true</mstns:isRequired><mstns:PartDescription>If the project has a proposed release date, use the initial iteration length to determine the number of iterations remaining.  Use the velocity report to obtain the number of ideal person days completed per iteration. Multiply the two to determine how many ideal person days are remaining.</mstns:PartDescription><mstns:PartDescription>If the schedule does not allow enough time to implement all functionality needed to achieve minimum acceptance level, look at options for scaling back functionality, increasing resources, or maximizing productivity. Understanding schedule shortfalls early in the project increases mitigation options. Assign risk work items if necessary.</mstns:PartDescription><mstns:PartDescription>If productivity measures are taken to increase the velocity, consider whether productivity is really increased or if quality is suffering. Use the Actual Quality versus Planned Velocity report to see if quality degrades with the increase in workload.</mstns:PartDescription></mstns:Part><mstns:Part PartType="Step"><mstns:PartName>Check Dependencies</mstns:PartName><mstns:Sequence>2</mstns:Sequence><mstns:isRequired>true</mstns:isRequired><mstns:PartDescription>Check for project schedule dependencies and make sure they are tracking as planned.</mstns:PartDescription><mstns:PartDescription>Create a new risk work item for dependencies that might be coming in late.</mstns:PartDescription><mstns:PartDescription>Assign the risk depending on how a slip might be mitigated.</mstns:PartDescription></mstns:Part><mstns:Part PartType="Step"><mstns:PartName>Create Feasibility Analysis</mstns:PartName><mstns:Sequence>3</mstns:Sequence><mstns:isRequired>false</mstns:isRequired><mstns:PartDescription>
                        <span xmlns="http://www.w3.org/1999/xhtml">If necessary, estimate the number of remaining iterations required to complete the desire functionality to determine whether the project is on track to meet the objectives set out by the <a href="http://internallink:vision statement">vision statement</a>.</span>
                    </mstns:PartDescription></mstns:Part></mstns:Parts><mstns:RACI><mstns:RACIItem RACIType="Responsible"><mstns:RoleName>Project Manager</mstns:RoleName><mstns:RACIDescription>Project Manager</mstns:RACIDescription></mstns:RACIItem></mstns:RACI><mstns:Verification></mstns:Verification><mstns:CrossReference><mstns:CrossReferenceItem CrossType="Report"><mstns:CrossName>Velocity</mstns:CrossName><mstns:CrossLink>
                    </mstns:CrossLink><mstns:CrossDescription>Work Streams</mstns:CrossDescription></mstns:CrossReferenceItem><mstns:CrossReferenceItem CrossType="Cycles"><mstns:CrossName>As Needed</mstns:CrossName><mstns:CrossLink>
                    </mstns:CrossLink></mstns:CrossReferenceItem><mstns:CrossReferenceItem CrossType="Disciplines"><mstns:CrossName>Project Management</mstns:CrossName><mstns:CrossLink>
                    </mstns:CrossLink></mstns:CrossReferenceItem><mstns:CrossReferenceItem CrossType="Tracks"><mstns:CrossName>Plan</mstns:CrossName><mstns:CrossLink>
                    </mstns:CrossLink></mstns:CrossReferenceItem><mstns:CrossReferenceItem CrossType="Report"><mstns:CrossName>Remaining Work</mstns:CrossName><mstns:CrossLink>
                    </mstns:CrossLink><mstns:CrossDescription>Work Streams</mstns:CrossDescription></mstns:CrossReferenceItem><mstns:CrossReferenceItem CrossType="Report"><mstns:CrossName>Actual Quality versus Planned Velocity</mstns:CrossName><mstns:CrossLink>
                    </mstns:CrossLink><mstns:CrossDescription>
                    </mstns:CrossDescription></mstns:CrossReferenceItem><mstns:CrossReferenceItem CrossType="Report"><mstns:CrossName>Reactivations</mstns:CrossName><mstns:CrossLink>
                    </mstns:CrossLink><mstns:CrossDescription>
                    </mstns:CrossDescription></mstns:CrossReferenceItem><mstns:CrossReferenceItem CrossType="SeeAlso"><mstns:CrossName>Plan an Iteration</mstns:CrossName><mstns:CrossLink>
                    </mstns:CrossLink><mstns:CrossDescription>Plan an Iteration</mstns:CrossDescription></mstns:CrossReferenceItem><mstns:CrossReferenceItem CrossType="NextStep"><mstns:CrossName>Identify Risk</mstns:CrossName><mstns:CrossLink>
                    </mstns:CrossLink><mstns:CrossDescription>Identify Risk</mstns:CrossDescription></mstns:CrossReferenceItem></mstns:CrossReference><mstns:When>
            </mstns:When><mstns:Dependencies><mstns:DependencyItem><mstns:DependencyName>
                    </mstns:DependencyName><mstns:DependencyDescription>At least one iteration is complete.</mstns:DependencyDescription></mstns:DependencyItem></mstns:Dependencies><mstns:CMMI></mstns:CMMI><mstns:Criteria><mstns:CriteriaItem CriteriaType="Exit"><mstns:CriteriaName>All schedule issues are captured as risks.</mstns:CriteriaName><mstns:CriteriaDescription>All schedule issues are captured as risks.</mstns:CriteriaDescription></mstns:CriteriaItem></mstns:Criteria></mstns:ContentItem><mstns:ContentItem ContentType="Activity"><mstns:ContentOrder>
            </mstns:ContentOrder><mstns:ContentName>Evaluate Test Metric Thresholds</mstns:ContentName><mstns:ContentDescription>The initial test approach sets forth thresholds for test metrics. It is important to periodically evaluate how the project is progressing according to the metrics and adjust if necessary. The test effectiveness, bug rate, code coverage detail, and test result detail reports can provide the understanding of project progress. Course corrections can then be made to bring the project back into line if necessary.</mstns:ContentDescription><mstns:ContentLink>
            </mstns:ContentLink><mstns:Parts><mstns:Part PartType="Step"><mstns:PartName>Review Test Reports</mstns:PartName><mstns:Sequence>1</mstns:Sequence><mstns:isRequired>true</mstns:isRequired><mstns:PartDescription>Review the test reports to understand where the project is relative to the test metric thresholds.</mstns:PartDescription><mstns:PartDescription>Refine the test approach worksheet to update the test metric thresholds.</mstns:PartDescription><mstns:PartDescription>Plan future iterations to bring the numbers into line with the thresholds.</mstns:PartDescription></mstns:Part><mstns:Part PartType="Step"><mstns:PartName>Create Test Tasks and Risks</mstns:PartName><mstns:Sequence>2</mstns:Sequence><mstns:isRequired>true</mstns:isRequired><mstns:PartDescription>With the testers to create and assign test tasks necessary to bring testing the project on track.</mstns:PartDescription><mstns:PartDescription>Work with the business analyst and testers to create an understanding of any issues around functionality or bugs.</mstns:PartDescription><mstns:PartDescription>Create risk work items for any areas that might be at risk due to not meeting threshold targets.</mstns:PartDescription></mstns:Part></mstns:Parts><mstns:RACI><mstns:RACIItem RACIType="Responsible"><mstns:RoleName>Project Manager</mstns:RoleName><mstns:RACIDescription>
                    </mstns:RACIDescription></mstns:RACIItem><mstns:RACIItem RACIType="Consulted"><mstns:RoleName>Tester</mstns:RoleName><mstns:RACIDescription>Tester</mstns:RACIDescription></mstns:RACIItem></mstns:RACI><mstns:Verification></mstns:Verification><mstns:CrossReference><mstns:CrossReferenceItem CrossType="WorkItem"><mstns:CrossName>Task</mstns:CrossName><mstns:CrossLink>
                    </mstns:CrossLink><mstns:CrossDescription>
                    </mstns:CrossDescription></mstns:CrossReferenceItem><mstns:CrossReferenceItem CrossType="Cycles"><mstns:CrossName>Iteration</mstns:CrossName><mstns:CrossLink>
                    </mstns:CrossLink><mstns:CrossDescription>
                    </mstns:CrossDescription></mstns:CrossReferenceItem><mstns:CrossReferenceItem CrossType="Tracks"><mstns:CrossName>Continuous</mstns:CrossName><mstns:CrossLink>
                    </mstns:CrossLink><mstns:CrossDescription>
                    </mstns:CrossDescription></mstns:CrossReferenceItem><mstns:CrossReferenceItem CrossType="WorkProduct-VS"><mstns:CrossName>Test Approach</mstns:CrossName><mstns:CrossLink>
                    </mstns:CrossLink><mstns:CrossDescription>
                    </mstns:CrossDescription></mstns:CrossReferenceItem><mstns:CrossReferenceItem CrossType="Report"><mstns:CrossName>Bugs by Priority</mstns:CrossName><mstns:CrossLink>
                    </mstns:CrossLink><mstns:CrossDescription>
                    </mstns:CrossDescription></mstns:CrossReferenceItem><mstns:CrossReferenceItem CrossType="SeeAlso"><mstns:CrossName>Define Test Approach</mstns:CrossName><mstns:CrossLink>
                    </mstns:CrossLink><mstns:CrossDescription>Define Test Approach</mstns:CrossDescription></mstns:CrossReferenceItem></mstns:CrossReference><mstns:When>
            </mstns:When><mstns:Dependencies><mstns:DependencyItem><mstns:DependencyName>
                    </mstns:DependencyName><mstns:DependencyDescription>The test approach worksheet is completed and published.</mstns:DependencyDescription></mstns:DependencyItem></mstns:Dependencies><mstns:CMMI></mstns:CMMI><mstns:Criteria><mstns:CriteriaItem CriteriaType="Exit"><mstns:CriteriaName>The test approach worksheet is updated if necessary and republished.</mstns:CriteriaName><mstns:CriteriaDescription>The test approach worksheet is updated if necessary and republished.</mstns:CriteriaDescription><mstns:WorkProductName>
                    </mstns:WorkProductName></mstns:CriteriaItem><mstns:CriteriaItem CriteriaType="Exit"><mstns:CriteriaName>New test tasks or risks are created as needed.</mstns:CriteriaName><mstns:CriteriaDescription>New test tasks or risks are created as needed.</mstns:CriteriaDescription><mstns:WorkProductName>
                    </mstns:WorkProductName></mstns:CriteriaItem></mstns:Criteria></mstns:ContentItem><mstns:ContentItem ContentType="Activity"><mstns:ContentOrder>
            </mstns:ContentOrder><mstns:ContentName>Identify Risk</mstns:ContentName><mstns:ContentDescription>
                <span xmlns="http://www.w3.org/1999/xhtml">High risk issues can negatively impact project success if not identified and addressed early. Risks occur in different project areas. For example, one project may have risks in usability since it is vital to customer acceptance, while another project may have performance risks. It is important to accurately identify and address high risk issues early in project iterations. As scenarios and requirements become better defined in each iteration, take the time to look for new high risk issues.</span>
            </mstns:ContentDescription><mstns:ContentLink>
            </mstns:ContentLink><mstns:Parts><mstns:Part PartType="Step"><mstns:PartName>Identify High Risk Quality of Service Requirements</mstns:PartName><mstns:Sequence>1</mstns:Sequence><mstns:isRequired>true</mstns:isRequired><mstns:PartDescription>
                        <span xmlns="http://www.w3.org/1999/xhtml">Examine usability requirements. Determine if the user interface is key to customer acceptance of the application.</span>
                    </mstns:PartDescription><mstns:PartDescription>
                        <span xmlns="http://www.w3.org/1999/xhtml">Examine reliability requirements. Determine if the application is mission critical or has life threatening consequences if it fails.</span>
                    </mstns:PartDescription><mstns:PartDescription>
                        <span xmlns="http://www.w3.org/1999/xhtml">Examine performance requirements. Determine if functionality like high throughput and low response times are important in the application.</span>
                    </mstns:PartDescription></mstns:Part><mstns:Part PartType="Step"><mstns:PartName>Examine Scenarios</mstns:PartName><mstns:Sequence>2</mstns:Sequence><mstns:isRequired>true</mstns:isRequired><mstns:PartDescription>
                        <span xmlns="http://www.w3.org/1999/xhtml">Examine scenarios and identify potential areas of risk.</span>
                    </mstns:PartDescription><mstns:PartDescription>
                        <span xmlns="http://www.w3.org/1999/xhtml">Identify complex user interactions or complex business rules or algorithms.</span>
                    </mstns:PartDescription><mstns:PartDescription>
                        <span xmlns="http://www.w3.org/1999/xhtml">Identify dependencies on supporting systems that are out of the user’s control, such as 3rd party Web services</span>.</mstns:PartDescription><mstns:PartDescription>Identify ambiguous user requirements.</mstns:PartDescription></mstns:Part><mstns:Part PartType="Step"><mstns:PartName>Explore Integration Issues</mstns:PartName><mstns:Sequence>3</mstns:Sequence><mstns:isRequired>true</mstns:isRequired><mstns:PartDescription>
                        <span xmlns="http://www.w3.org/1999/xhtml">Look at 3rd party libraries the application may use. Determine if the library is unproven. If so, determine unknown aspects of the library that need to be explored.</span>
                    </mstns:PartDescription><mstns:PartDescription>
                        <span xmlns="http://www.w3.org/1999/xhtml">Look for interfaces between systems that may carry risk, such as inter-process communication between new hardware and legacy systems.</span>
                    </mstns:PartDescription></mstns:Part><mstns:Part PartType="Step"><mstns:PartName>Create and Prioritize Risks</mstns:PartName><mstns:Sequence>4</mstns:Sequence><mstns:isRequired>true</mstns:isRequired><mstns:PartDescription>Create a new risk work item if any of these areas present a risk that could prove detrimental to the project. Understand the potential downside from a risk that has materialized and describe it in the work item.</mstns:PartDescription><mstns:PartDescription>	If the risk is technical and can be addressed through prototyping, assign high probability, high cost items to an architect to mitigate in the next iteration.</mstns:PartDescription><mstns:PartDescription>If the risk is organizational, assign the risk to the project manager or other team member who owns the task of mitigating the risk.</mstns:PartDescription></mstns:Part></mstns:Parts><mstns:RACI><mstns:RACIItem RACIType="Responsible"><mstns:RoleName>Project Manager</mstns:RoleName><mstns:RACIDescription>Project Manager</mstns:RACIDescription></mstns:RACIItem></mstns:RACI><mstns:Verification></mstns:Verification><mstns:CrossReference><mstns:CrossReferenceItem CrossType="Cycles"><mstns:CrossName>As Needed</mstns:CrossName><mstns:CrossLink>
                    </mstns:CrossLink><mstns:CrossDescription>
                    </mstns:CrossDescription></mstns:CrossReferenceItem><mstns:CrossReferenceItem CrossType="Tracks"><mstns:CrossName>Continuous</mstns:CrossName><mstns:CrossLink>
                    </mstns:CrossLink></mstns:CrossReferenceItem><mstns:CrossReferenceItem CrossType="Disciplines"><mstns:CrossName>Risk Management</mstns:CrossName><mstns:CrossLink>
                    </mstns:CrossLink></mstns:CrossReferenceItem><mstns:CrossReferenceItem CrossType="WorkItem"><mstns:CrossName>Risk</mstns:CrossName><mstns:CrossLink>
                    </mstns:CrossLink><mstns:CrossDescription>New</mstns:CrossDescription></mstns:CrossReferenceItem><mstns:CrossReferenceItem CrossType="NextStep"><mstns:CrossName>Create Architectural Prototype</mstns:CrossName><mstns:CrossLink>
                    </mstns:CrossLink><mstns:CrossDescription>Create Architectural Prototype</mstns:CrossDescription></mstns:CrossReferenceItem></mstns:CrossReference><mstns:When>
            </mstns:When><mstns:Dependencies><mstns:DependencyItem><mstns:DependencyName>
                    </mstns:DependencyName><mstns:DependencyDescription>
                    </mstns:DependencyDescription></mstns:DependencyItem></mstns:Dependencies><mstns:CMMI></mstns:CMMI><mstns:Criteria><mstns:CriteriaItem CriteriaType="Exit"><mstns:CriteriaName>All known risks have been documented and assigned.</mstns:CriteriaName><mstns:CriteriaDescription>
                        <span xmlns="http://www.w3.org/1999/xhtml">All of the known risks have been documented and assigned.</span>
                    </mstns:CriteriaDescription></mstns:CriteriaItem></mstns:Criteria></mstns:ContentItem><mstns:ContentItem ContentType="Activity"><mstns:ContentOrder>
            </mstns:ContentOrder><mstns:ContentName>Review Objectives</mstns:ContentName><mstns:ContentDescription>
                <div style="PADDING-RIGHT: 0in; MARGIN-TOP: 0in; PADDING-LEFT: 0in; MARGIN-BOTTOM: 0pt" xmlns="http://www.w3.org/1999/xhtml">After every iteration, except iteration 0, the product should be stable and worthy of being shipped. Set the minimum acceptance level bar and then measure the scenarios and quality of service requirements delivered against the minimum acceptance level. This level must constantly be evaluated against changing needs, market conditions, or expectations. The minimum acceptance level is updated after each iteration.</div>
            </mstns:ContentDescription><mstns:ContentLink>
            </mstns:ContentLink><mstns:Parts><mstns:Part PartType="Step"><mstns:PartName>Set Minimum Acceptance Level</mstns:PartName><mstns:Sequence>1</mstns:Sequence><mstns:isRequired>true</mstns:isRequired><mstns:PartDescription>
                        <span xmlns="http://www.w3.org/1999/xhtml">Evaluate the market or user expectations for the product. Consider competitors in the market, previous systems, or business needs.</span>
                    </mstns:PartDescription><mstns:PartDescription>
                        <span xmlns="http://www.w3.org/1999/xhtml">Review scenarios and quality of service requirements against the market or user expectations to create a minimal acceptance level.</span>
                    </mstns:PartDescription><mstns:PartDescription>
                        <div style="PADDING-RIGHT: 0in; MARGIN-TOP: 0in; PADDING-LEFT: 0in; MARGIN-BOTTOM: 0pt" xmlns="http://www.w3.org/1999/xhtml">Mark each scenario or quality of service requirement in the lists against this minimal acceptance level.</div>
                    </mstns:PartDescription></mstns:Part><mstns:Part PartType="Step"><mstns:PartName>Report Current Level</mstns:PartName><mstns:Sequence>2</mstns:Sequence><mstns:isRequired>true</mstns:isRequired><mstns:PartDescription>Run the current remaining work report to determine the progress of the development effort.</mstns:PartDescription></mstns:Part></mstns:Parts><mstns:RACI><mstns:RACIItem RACIType="Consulted"><mstns:RoleName>Business Analyst</mstns:RoleName><mstns:RACIDescription>Business Analyst</mstns:RACIDescription></mstns:RACIItem><mstns:RACIItem RACIType="Responsible"><mstns:RoleName>Project Manager</mstns:RoleName><mstns:RACIDescription>
                    </mstns:RACIDescription></mstns:RACIItem></mstns:RACI><mstns:CrossReference><mstns:CrossReferenceItem CrossType="WorkProduct-Excel"><mstns:CrossName>Scenario List</mstns:CrossName><mstns:CrossLink></mstns:CrossLink><mstns:CrossDescription>
                    </mstns:CrossDescription></mstns:CrossReferenceItem><mstns:CrossReferenceItem CrossType="WorkProduct-Excel"><mstns:CrossName>Quality of Service Requirement List</mstns:CrossName><mstns:CrossLink>
                    </mstns:CrossLink><mstns:CrossDescription>
                    </mstns:CrossDescription></mstns:CrossReferenceItem><mstns:CrossReferenceItem CrossType="Tracks"><mstns:CrossName>Continuous</mstns:CrossName><mstns:CrossLink>
                    </mstns:CrossLink><mstns:CrossDescription>
                    </mstns:CrossDescription></mstns:CrossReferenceItem><mstns:CrossReferenceItem CrossType="Cycles"><mstns:CrossName>As Needed</mstns:CrossName><mstns:CrossLink>
                    </mstns:CrossLink><mstns:CrossDescription>
                    </mstns:CrossDescription></mstns:CrossReferenceItem><mstns:CrossReferenceItem CrossType="Disciplines"><mstns:CrossName>Project Management</mstns:CrossName><mstns:CrossLink>
                    </mstns:CrossLink><mstns:CrossDescription>
                    </mstns:CrossDescription></mstns:CrossReferenceItem><mstns:CrossReferenceItem CrossType="Tracks"><mstns:CrossName>Plan</mstns:CrossName><mstns:CrossLink>
                    </mstns:CrossLink><mstns:CrossDescription>
                    </mstns:CrossDescription></mstns:CrossReferenceItem><mstns:CrossReferenceItem CrossType="Report"><mstns:CrossName>Remaining Work</mstns:CrossName><mstns:CrossLink>?Page=Roles</mstns:CrossLink><mstns:CrossDescription>Roles</mstns:CrossDescription></mstns:CrossReferenceItem><mstns:CrossReferenceItem CrossType="SeeAlso"><mstns:CrossName>Prioritize Quality of Service Requirements List</mstns:CrossName><mstns:CrossLink>
                    </mstns:CrossLink><mstns:CrossDescription>Prioritize Quality of Service Requirements List</mstns:CrossDescription></mstns:CrossReferenceItem></mstns:CrossReference><mstns:When>
            </mstns:When><mstns:Dependencies><mstns:DependencyItem><mstns:DependencyName>
                    </mstns:DependencyName><mstns:DependencyDescription>The scenario list is up-to-date and prioritized. </mstns:DependencyDescription></mstns:DependencyItem><mstns:DependencyItem><mstns:DependencyName>
                    </mstns:DependencyName><mstns:DependencyDescription>The quality of service requirement list is up-to-date and prioritized.</mstns:DependencyDescription></mstns:DependencyItem></mstns:Dependencies><mstns:CMMI></mstns:CMMI><mstns:Criteria><mstns:CriteriaItem CriteriaType="Exit"><mstns:CriteriaName>The minimum acceptance level is defined.</mstns:CriteriaName><mstns:CriteriaDescription>
                        <span xmlns="http://www.w3.org/1999/xhtml">The minimum acceptance level is defined.</span>
                    </mstns:CriteriaDescription></mstns:CriteriaItem><mstns:CriteriaItem CriteriaType="Exit"><mstns:CriteriaName>Progress toward the minimum acceptance level is reported.</mstns:CriteriaName><mstns:CriteriaDescription>
                        <span xmlns="http://www.w3.org/1999/xhtml">Progress toward the minimum acceptance level is reported.</span>
                    </mstns:CriteriaDescription></mstns:CriteriaItem></mstns:Criteria></mstns:ContentItem><mstns:ContentItem ContentType="Activity"><mstns:ContentOrder>
            </mstns:ContentOrder><mstns:ContentName>Triage Bugs</mstns:ContentName><mstns:ContentDescription>
                <span xmlns="http://www.w3.org/1999/xhtml">Triage is the process used to review newly reported or reopened bugs and assign a priority and iteration to them. Triage is driven by the project manager with input from the other members of the development team.</span>
            </mstns:ContentDescription><mstns:ContentLink>
            </mstns:ContentLink><mstns:Parts><mstns:Part PartType="Step"><mstns:PartName>Generate Bug List</mstns:PartName><mstns:Sequence>1</mstns:Sequence><mstns:isRequired>true</mstns:isRequired><mstns:PartDescription>Query the bug tracking system for newly reported and reopened bugs.</mstns:PartDescription></mstns:Part><mstns:Part PartType="Step"><mstns:PartName>Review Bugs</mstns:PartName><mstns:Sequence>2</mstns:Sequence><mstns:isRequired>true</mstns:isRequired><mstns:PartDescription>Review each bug found and, with input from development, testing, and product management, determine the importance of fixing each one to the goals of the project and the current iteration.</mstns:PartDescription></mstns:Part><mstns:Part PartType="Step"><mstns:PartName>Assign Priority to Fix and Iteration</mstns:PartName><mstns:Sequence>3</mstns:Sequence><mstns:isRequired>true</mstns:isRequired><mstns:PartDescription>Assign a priority to fix and iteration to each bug to allow the development team to schedule and address the bug in a timely fashion.</mstns:PartDescription></mstns:Part><mstns:Part PartType="Step"><mstns:PartName>Reproduce Dubious Bugs</mstns:PartName><mstns:Sequence>4</mstns:Sequence><mstns:isRequired>false</mstns:isRequired><mstns:PartDescription>If a bug report is unclear or the true impact of the bug is uncertain, the program management team should attempt to reproduce the bug so that they have a good understanding of its real impact and reproducibility.</mstns:PartDescription></mstns:Part></mstns:Parts><mstns:RACI><mstns:RACIItem RACIType="Responsible"><mstns:RoleName>Project Manager</mstns:RoleName><mstns:RACIDescription>Project Manager</mstns:RACIDescription></mstns:RACIItem></mstns:RACI><mstns:CrossReference><mstns:CrossReferenceItem CrossType="HowTo"><mstns:CrossName>How To: Create a Bug List</mstns:CrossName><mstns:CrossLink>
                    </mstns:CrossLink><mstns:CrossDescription>
                    </mstns:CrossDescription></mstns:CrossReferenceItem><mstns:CrossReferenceItem CrossType="SeeAlso"><mstns:CrossName>How To: Create a Bug List</mstns:CrossName><mstns:CrossLink>
                    </mstns:CrossLink><mstns:CrossDescription>Create a Bug List</mstns:CrossDescription></mstns:CrossReferenceItem><mstns:CrossReferenceItem CrossType="WorkItem"><mstns:CrossName>Bug</mstns:CrossName><mstns:CrossLink>
                    </mstns:CrossLink><mstns:CrossDescription>Active</mstns:CrossDescription></mstns:CrossReferenceItem><mstns:CrossReferenceItem CrossType="NextStep"><mstns:CrossName>Close a Bug</mstns:CrossName><mstns:CrossLink>
                    </mstns:CrossLink><mstns:CrossDescription>Close a Bug</mstns:CrossDescription></mstns:CrossReferenceItem><mstns:CrossReferenceItem CrossType="Tracks"><mstns:CrossName>Continuous</mstns:CrossName><mstns:CrossLink>
                    </mstns:CrossLink><mstns:CrossDescription>
                    </mstns:CrossDescription></mstns:CrossReferenceItem><mstns:CrossReferenceItem CrossType="Cycles"><mstns:CrossName>As Needed</mstns:CrossName><mstns:CrossLink>
                    </mstns:CrossLink><mstns:CrossDescription>
                    </mstns:CrossDescription></mstns:CrossReferenceItem></mstns:CrossReference><mstns:When>
            </mstns:When><mstns:Dependencies><mstns:DependencyItem><mstns:DependencyName>
                    </mstns:DependencyName><mstns:DependencyDescription>At least one bug is newly reported or reopened.</mstns:DependencyDescription></mstns:DependencyItem></mstns:Dependencies><mstns:CMMI></mstns:CMMI><mstns:Criteria><mstns:CriteriaItem CriteriaType="Exit"><mstns:CriteriaName>All newly reported and reopened bugs are reviewed and assigned a priority and iteration.</mstns:CriteriaName><mstns:CriteriaDescription>All newly reported and reopened bugs are reviewed and assigned a priority and iteration.</mstns:CriteriaDescription></mstns:CriteriaItem></mstns:Criteria></mstns:ContentItem><mstns:ContentItem ContentType="Workstream"><mstns:ContentOrder>2</mstns:ContentOrder><mstns:ContentName>Guide Project</mstns:ContentName><mstns:ContentDescription>
                <span xmlns="http://www.w3.org/1999/xhtml">To guide a project, progress must be constantly monitored and reported. Changes should be made as necessary to keep the project on track. The progress being made within an individual iteration as well as the overall project progress should be tracked. Bugs and risks need to be identified and assigned a priority.</span>
            </mstns:ContentDescription><mstns:ContentLink>
            </mstns:ContentLink><mstns:Parts><mstns:Part PartType="Step"><mstns:PartName>Review Objectives</mstns:PartName><mstns:Sequence>1</mstns:Sequence><mstns:isRequired>true</mstns:isRequired><mstns:PartDescription>
                        <div class="p1a" xmlns="http://www.w3.org/1999/xhtml">Set Minimum Acceptance Level.</div>
                    </mstns:PartDescription><mstns:PartDescription>
                        <div class="p1a" xmlns="http://www.w3.org/1999/xhtml">Report Current Level.</div>
                    </mstns:PartDescription></mstns:Part><mstns:Part PartType="Step"><mstns:PartName>Assess Progress</mstns:PartName><mstns:Sequence>2</mstns:Sequence><mstns:isRequired>true</mstns:isRequired><mstns:PartDescription>Keep the schedule up-to-date.</mstns:PartDescription><mstns:PartDescription>Create an estimated feasibility analysis if necessary.</mstns:PartDescription></mstns:Part><mstns:Part PartType="Step"><mstns:PartName>Evaluate Test Metric Thresholds</mstns:PartName><mstns:Sequence>3</mstns:Sequence><mstns:isRequired>true</mstns:isRequired><mstns:PartDescription>Review Test Reports.</mstns:PartDescription><mstns:PartDescription>
                        <div class="p1a" xmlns="http://www.w3.org/1999/xhtml">Create Test Tasks and Risks.</div>
                    </mstns:PartDescription></mstns:Part><mstns:Part PartType="Step"><mstns:PartName>Triage Bugs</mstns:PartName><mstns:Sequence>4</mstns:Sequence><mstns:isRequired>true</mstns:isRequired><mstns:PartDescription>Generate list of bugs to triage.</mstns:PartDescription><mstns:PartDescription>Review bugs.</mstns:PartDescription><mstns:PartDescription>Assign priority to bugs.</mstns:PartDescription><mstns:PartDescription>Reproduce ambiguous bugs.</mstns:PartDescription></mstns:Part><mstns:Part PartType="Step"><mstns:PartName>Identify Risk</mstns:PartName><mstns:Sequence>5</mstns:Sequence><mstns:isRequired>true</mstns:isRequired><mstns:PartDescription>Identify high risk quality of service requirements.</mstns:PartDescription><mstns:PartDescription>Examine scenarios.</mstns:PartDescription><mstns:PartDescription>Explore integration issues.</mstns:PartDescription><mstns:PartDescription>Prioritize risks.</mstns:PartDescription></mstns:Part></mstns:Parts><mstns:RACI><mstns:RACIItem RACIType="Responsible"><mstns:RoleName>Project Manager</mstns:RoleName><mstns:RACIDescription>Project Manager</mstns:RACIDescription></mstns:RACIItem></mstns:RACI><mstns:Verification></mstns:Verification><mstns:CrossReference><mstns:CrossReferenceItem CrossType="WorkProduct-PPT"><mstns:CrossName>Persona</mstns:CrossName><mstns:CrossLink>
                    </mstns:CrossLink><mstns:CrossDescription>
                    </mstns:CrossDescription></mstns:CrossReferenceItem><mstns:CrossReferenceItem CrossType="WorkProduct-Excel"><mstns:CrossName>Scenario List</mstns:CrossName><mstns:CrossLink>
                    </mstns:CrossLink><mstns:CrossDescription>
                    </mstns:CrossDescription></mstns:CrossReferenceItem><mstns:CrossReferenceItem CrossType="WorkProduct-Excel"><mstns:CrossName>Quality of Service Requirement List</mstns:CrossName><mstns:CrossLink>
                    </mstns:CrossLink><mstns:CrossDescription>
                    </mstns:CrossDescription></mstns:CrossReferenceItem><mstns:CrossReferenceItem CrossType="WorkProduct-VS"><mstns:CrossName>Team Build</mstns:CrossName><mstns:CrossLink>
                    </mstns:CrossLink><mstns:CrossDescription>
                    </mstns:CrossDescription></mstns:CrossReferenceItem><mstns:CrossReferenceItem CrossType="WorkProduct-VS"><mstns:CrossName>Logical Datacenter Diagram</mstns:CrossName><mstns:CrossLink>
                    </mstns:CrossLink><mstns:CrossDescription>
                    </mstns:CrossDescription></mstns:CrossReferenceItem><mstns:CrossReferenceItem CrossType="WorkProduct-VS"><mstns:CrossName>Test Approach</mstns:CrossName><mstns:CrossLink>
                    </mstns:CrossLink><mstns:CrossDescription>
                    </mstns:CrossDescription></mstns:CrossReferenceItem><mstns:CrossReferenceItem CrossType="WorkProduct-VS"><mstns:CrossName>System Diagram</mstns:CrossName><mstns:CrossLink>
                    </mstns:CrossLink><mstns:CrossDescription>
                    </mstns:CrossDescription></mstns:CrossReferenceItem><mstns:CrossReferenceItem CrossType="SeeAlso"><mstns:CrossName>Plan an Iteration</mstns:CrossName><mstns:CrossLink>
                    </mstns:CrossLink><mstns:CrossDescription>Plan an Iteration</mstns:CrossDescription></mstns:CrossReferenceItem><mstns:CrossReferenceItem CrossType="SeeAlso"><mstns:CrossName>Guide Iteration</mstns:CrossName><mstns:CrossLink>
                    </mstns:CrossLink><mstns:CrossDescription>Guide Iteration</mstns:CrossDescription></mstns:CrossReferenceItem></mstns:CrossReference><mstns:When>
            </mstns:When><mstns:Dependencies><mstns:DependencyItem><mstns:DependencyName>
                    </mstns:DependencyName><mstns:DependencyDescription>There are no entry criteria for this workstream.</mstns:DependencyDescription></mstns:DependencyItem></mstns:Dependencies><mstns:CMMI></mstns:CMMI><mstns:Criteria><mstns:CriteriaItem CriteriaType="Exit"><mstns:CriteriaName>The bugs have been triaged.</mstns:CriteriaName><mstns:CriteriaDescription>
                        <span xmlns="http://www.w3.org/1999/xhtml">All bug work items have undergone triage and have been closed if appropriate.</span>
                    </mstns:CriteriaDescription></mstns:CriteriaItem><mstns:CriteriaItem CriteriaType="Exit"><mstns:CriteriaName>The risks have been reviewed.</mstns:CriteriaName><mstns:CriteriaLink>
                    </mstns:CriteriaLink><mstns:CriteriaDescription>
                        <span xmlns="http://www.w3.org/1999/xhtml">All of the risks have been reviewed and closed if appropriate. Any new risk work items have been created and assigned.</span>
                    </mstns:CriteriaDescription><mstns:WorkProductName>
                    </mstns:WorkProductName></mstns:CriteriaItem><mstns:CriteriaItem CriteriaType="Exit"><mstns:CriteriaName>Issues are resolved.</mstns:CriteriaName><mstns:CriteriaLink>
                    </mstns:CriteriaLink><mstns:CriteriaDescription>
                        <span xmlns="http://www.w3.org/1999/xhtml">All of the issues are resolved and the issues flag reset on the work items.</span>
                    </mstns:CriteriaDescription><mstns:WorkProductName>
                    </mstns:WorkProductName></mstns:CriteriaItem></mstns:Criteria></mstns:ContentItem></mstns:Content><mstns:NavStructure><mstns:Menu><mstns:MenuName>
            </mstns:MenuName><mstns:MenuItem><mstns:MenuItemName>
                </mstns:MenuItemName><mstns:MenuItemTransform>
                </mstns:MenuItemTransform><mstns:MenuItemDescription>
                </mstns:MenuItemDescription></mstns:MenuItem></mstns:Menu><mstns:ImageMenu></mstns:ImageMenu><mstns:BulletMenu><mstns:MenuName>
            </mstns:MenuName><mstns:MenuItem><mstns:MenuItemName>
                </mstns:MenuItemName><mstns:MenuItemTransform>
                </mstns:MenuItemTransform><mstns:MenuBulletImage>
                </mstns:MenuBulletImage><mstns:MenuItemDescription>
                </mstns:MenuItemDescription></mstns:MenuItem></mstns:BulletMenu></mstns:NavStructure><mstns:Glossary><mstns:GlossaryName>Glossary</mstns:GlossaryName><mstns:GlossaryItem><mstns:Term>
            </mstns:Term><mstns:Definition>
            </mstns:Definition><mstns:Reference>
            </mstns:Reference></mstns:GlossaryItem></mstns:Glossary><mstns:HelpContextMap><mstns:MapItem><mstns:Keyword>
            </mstns:Keyword><mstns:Context>
            </mstns:Context><mstns:ContentName>
            </mstns:ContentName></mstns:MapItem></mstns:HelpContextMap><mstns:Index><mstns:IndexItem><mstns:Keyword>
            </mstns:Keyword><mstns:ContentName>
            </mstns:ContentName></mstns:IndexItem></mstns:Index></mstns:ProcessGuidance>