﻿<?xml version="1.0" encoding="UTF-8"?>
<?mso-infoPathSolution PIVersion="1.0.0.0" language="en-us" name="urn:schemas-microsoft-com:office:infopath:template2:http---tempuri-org-XMLSchema-xsd" solutionVersion="1.0.0.157" productVersion="11.0.6565" ?><?mso-application progid="InfoPath.Document"?><mstns:ProcessGuidance xmlns:mstns="http://tempuri.org/XMLSchema.xsd" xmlns:xsi="http://www.w3.org/2001/XMLSchema-instance" xmlns:xhtml="http://www.w3.org/1999/xhtml" xmlns:my="http://schemas.microsoft.com/office/infopath/2003/myXSD/2004-10-13T22:49:49" xmlns:xd="http://schemas.microsoft.com/office/infopath/2003"><mstns:Content><mstns:ContentItem ContentType="HowToProcedure"><mstns:ContentOrder>
            </mstns:ContentOrder><mstns:ContentName>To resolve a bug using Team Explorer</mstns:ContentName><mstns:ContentDescription>
            </mstns:ContentDescription><mstns:ContentLink>
            </mstns:ContentLink><mstns:Parts><mstns:Part PartType="Step"><mstns:PartName>
                    </mstns:PartName><mstns:Sequence>1</mstns:Sequence><mstns:isRequired>true</mstns:isRequired><mstns:PartDescription>
                        <span style="FONT-SIZE: 12pt" xmlns="http://www.w3.org/1999/xhtml">
                            <font face="Times New Roman">On the Visual Studio Team menu, click Team Explorer.</font>
                        </span>
                    </mstns:PartDescription></mstns:Part><mstns:Part PartType="Step"><mstns:PartName>
                    </mstns:PartName><mstns:Sequence>2</mstns:Sequence><mstns:isRequired>true</mstns:isRequired><mstns:PartDescription>
                        <span style="FONT-SIZE: 12pt" xmlns="http://www.w3.org/1999/xhtml">
                            <font face="Times New Roman">In Team Explorer, expand your team project folder, and then the Work Items, Project Queries folders.</font>
                        </span>
                    </mstns:PartDescription></mstns:Part><mstns:Part PartType="Step"><mstns:PartName>
                    </mstns:PartName><mstns:Sequence>3</mstns:Sequence><mstns:isRequired>true</mstns:isRequired><mstns:PartDescription>
                        <span style="FONT-SIZE: 12pt" xmlns="http://www.w3.org/1999/xhtml">
                            <font face="Times New Roman">Right-click the My Work Items query, and select View Results.</font>
                        </span>
                    </mstns:PartDescription></mstns:Part><mstns:Part PartType="Step"><mstns:PartName>
                    </mstns:PartName><mstns:Sequence>4</mstns:Sequence><mstns:isRequired>true</mstns:isRequired><mstns:PartDescription>Locate your bug in the My Work Items [Results] pane and select it.</mstns:PartDescription></mstns:Part><mstns:Part PartType="Step"><mstns:PartName>
                    </mstns:PartName><mstns:Sequence>5</mstns:Sequence><mstns:isRequired>true</mstns:isRequired><mstns:PartDescription>Set the State to Resolved.</mstns:PartDescription></mstns:Part><mstns:Part PartType="Step"><mstns:PartName>
                    </mstns:PartName><mstns:Sequence>6</mstns:Sequence><mstns:isRequired>true</mstns:isRequired><mstns:PartDescription>Set the Reason to an appropriate value (As Designed, Deferred, Duplicate, Fixed, Obsolete, or Unable to Reproduce).</mstns:PartDescription></mstns:Part><mstns:Part PartType="Step"><mstns:PartName>
                    </mstns:PartName><mstns:Sequence>7</mstns:Sequence><mstns:isRequired>true</mstns:isRequired><mstns:PartDescription>In the Detailed Description and History, provide additional information about the bug resolution and justify the reason given for the resolution.</mstns:PartDescription></mstns:Part><mstns:Part PartType="Step"><mstns:PartName>
                    </mstns:PartName><mstns:Sequence>8</mstns:Sequence><mstns:isRequired>true</mstns:isRequired><mstns:PartDescription>
                        <span style="FONT-SIZE: 12pt" xmlns="http://www.w3.org/1999/xhtml">
                            <font face="Times New Roman">In the Assigned To field, enter the name of the tester who created the bug. The tester is responsible for verifying the resolution.</font>
                        </span>
                    </mstns:PartDescription></mstns:Part><mstns:Part PartType="Step"><mstns:PartName>
                    </mstns:PartName><mstns:Sequence>9</mstns:Sequence><mstns:isRequired>true</mstns:isRequired><mstns:PartDescription>
                        <span style="FONT-SIZE: 12pt" xmlns="http://www.w3.org/1999/xhtml">
                            <font face="Times New Roman">On the File menu, choose Save My Work Items [Results].</font>
                        </span>
                    </mstns:PartDescription></mstns:Part></mstns:Parts><mstns:RACI><mstns:RACIItem RACIType="Responsible"><mstns:RoleName>Developer</mstns:RoleName><mstns:RACIDescription>
                    </mstns:RACIDescription></mstns:RACIItem></mstns:RACI><mstns:CrossReference></mstns:CrossReference><mstns:When>
            </mstns:When><mstns:Dependencies><mstns:DependencyItem><mstns:DependencyName>
                    </mstns:DependencyName><mstns:DependencyDescription>
                    </mstns:DependencyDescription></mstns:DependencyItem></mstns:Dependencies><mstns:CMMI></mstns:CMMI><mstns:Criteria></mstns:Criteria></mstns:ContentItem><mstns:ContentItem ContentType="HowToProcedure"><mstns:ContentOrder>
            </mstns:ContentOrder><mstns:ContentName>To reassign a bug using Microsoft Project</mstns:ContentName><mstns:ContentDescription>If the bug is in a Microsoft Project file, you can use Microsoft Project to reassign the bug.</mstns:ContentDescription><mstns:ContentLink>
            </mstns:ContentLink><mstns:Parts><mstns:Part PartType="Step"><mstns:PartName>
                    </mstns:PartName><mstns:Sequence>1</mstns:Sequence><mstns:isRequired>true</mstns:isRequired><mstns:PartDescription>Open the project file containing the bug you want to reassign.</mstns:PartDescription></mstns:Part><mstns:Part PartType="Step"><mstns:PartName>
                    </mstns:PartName><mstns:Sequence>2</mstns:Sequence><mstns:isRequired>true</mstns:isRequired><mstns:PartDescription>Locate the task row containing the bug you want to reassign.</mstns:PartDescription></mstns:Part><mstns:Part PartType="Step"><mstns:PartName>
                    </mstns:PartName><mstns:Sequence>3</mstns:Sequence><mstns:isRequired>true</mstns:isRequired><mstns:PartDescription>
                        <div xmlns="http://www.w3.org/1999/xhtml">
                            <span style="FONT-SIZE: 12pt">
                                <font face="Times New Roman">In the Resource Names column for the bug, enter the name of the team member you want to assign the bug to.</font>
                            </span>
                        </div>
                    </mstns:PartDescription></mstns:Part><mstns:Part PartType="Step"><mstns:PartName>
                    </mstns:PartName><mstns:Sequence>4</mstns:Sequence><mstns:isRequired>true</mstns:isRequired><mstns:PartDescription>
                        <span style="FONT-SIZE: 12pt" xmlns="http://www.w3.org/1999/xhtml">
                            <font face="Times New Roman">On the Team menu, click Publish Changes. This will commit the change to the work item database.</font>
                        </span>
                    </mstns:PartDescription></mstns:Part><mstns:Part PartType="Step"><mstns:PartName>
                    </mstns:PartName><mstns:Sequence>5</mstns:Sequence><mstns:isRequired>true</mstns:isRequired><mstns:PartDescription>
                        <span style="FONT-SIZE: 12pt" xmlns="http://www.w3.org/1999/xhtml">
                            <font face="Times New Roman">On the File menu, choose Save.</font>
                        </span>
                    </mstns:PartDescription></mstns:Part></mstns:Parts><mstns:RACI><mstns:RACIItem RACIType="Responsible"><mstns:RoleName>Tester</mstns:RoleName><mstns:RACIDescription>
                    </mstns:RACIDescription></mstns:RACIItem></mstns:RACI><mstns:Verification></mstns:Verification><mstns:CrossReference><mstns:CrossReferenceItem CrossType="SeeAlso"><mstns:CrossName>Reassign a Bug</mstns:CrossName><mstns:CrossLink>
                    </mstns:CrossLink><mstns:CrossDescription>
                    </mstns:CrossDescription></mstns:CrossReferenceItem></mstns:CrossReference><mstns:When>
            </mstns:When><mstns:Dependencies><mstns:DependencyItem><mstns:DependencyName>
                    </mstns:DependencyName><mstns:DependencyDescription>
                    </mstns:DependencyDescription></mstns:DependencyItem></mstns:Dependencies><mstns:CMMI></mstns:CMMI><mstns:Criteria></mstns:Criteria></mstns:ContentItem><mstns:ContentItem ContentType="HowToProcedure"><mstns:ContentOrder>
            </mstns:ContentOrder><mstns:ContentName>To reassign a bug using Microsoft Excel</mstns:ContentName><mstns:ContentDescription>
                <span style="FONT-SIZE: 12pt" xmlns="http://www.w3.org/1999/xhtml">
                    <font face="Times New Roman">If the bug is in a work item list in Microsoft Excel, you can also use Microsoft Excel to reassign a bug.</font>
                </span>
            </mstns:ContentDescription><mstns:ContentLink>
            </mstns:ContentLink><mstns:Parts><mstns:Part PartType="Step"><mstns:PartName>
                    </mstns:PartName><mstns:Sequence>1</mstns:Sequence><mstns:isRequired>true</mstns:isRequired><mstns:PartDescription>
                        <span style="FONT-SIZE: 12pt" xmlns="http://www.w3.org/1999/xhtml">
                            <font face="Times New Roman">Open the spreadsheet containing the bug you want to reassign.</font>
                        </span>
                    </mstns:PartDescription></mstns:Part><mstns:Part PartType="Step"><mstns:PartName>
                    </mstns:PartName><mstns:Sequence>2</mstns:Sequence><mstns:isRequired>true</mstns:isRequired><mstns:PartDescription>
                        <span style="FONT-SIZE: 12pt" xmlns="http://www.w3.org/1999/xhtml">
                            <font face="Times New Roman">Locate the row containing the bug you want to reassign.</font>
                        </span>
                    </mstns:PartDescription></mstns:Part><mstns:Part PartType="Step"><mstns:PartName>
                    </mstns:PartName><mstns:Sequence>3</mstns:Sequence><mstns:isRequired>true</mstns:isRequired><mstns:PartDescription>
                        <span style="FONT-SIZE: 12pt" xmlns="http://www.w3.org/1999/xhtml">
                            <font face="Times New Roman">
                                <span style="FONT-SIZE: 12pt">
                                    <font face="Times New Roman">In the Assigned To column for the bug, enter the name of the team member to assign the bug to. <span style="FONT-SIZE: 12pt"><font face="Times New Roman">Note: If the Assigned To column is not present, you can add it to the work item list.</font></span></font>
                                </span>
                            </font>
                        </span>
                    </mstns:PartDescription></mstns:Part><mstns:Part PartType="Step"><mstns:PartName>
                    </mstns:PartName><mstns:Sequence>4</mstns:Sequence><mstns:isRequired>true</mstns:isRequired><mstns:PartDescription>
                        <span style="FONT-SIZE: 12pt" xmlns="http://www.w3.org/1999/xhtml">
                            <font face="Times New Roman">On the Team menu, click Publish Changes. This will commit the change to the work item database.</font>
                        </span>
                    </mstns:PartDescription></mstns:Part><mstns:Part PartType="Step"><mstns:PartName>
                    </mstns:PartName><mstns:Sequence>5</mstns:Sequence><mstns:isRequired>true</mstns:isRequired><mstns:PartDescription>
                        <span style="FONT-SIZE: 12pt" xmlns="http://www.w3.org/1999/xhtml">
                            <font face="Times New Roman">On the File menu, choose Save.</font>
                        </span>
                    </mstns:PartDescription></mstns:Part></mstns:Parts><mstns:RACI><mstns:RACIItem RACIType="Responsible"><mstns:RoleName>Tester</mstns:RoleName><mstns:RACIDescription>
                    </mstns:RACIDescription></mstns:RACIItem></mstns:RACI><mstns:Verification></mstns:Verification><mstns:CrossReference><mstns:CrossReferenceItem CrossType="SeeAlso"><mstns:CrossName>How to: Add or Remove Columns in the Work Item List</mstns:CrossName><mstns:CrossLink>ms-help://MS.VSCC.v80/dv_commoner/local/redirect.htm?keyword='c425563e-dd9d-49ac-8444-02c5f34e028a'</mstns:CrossLink><mstns:CrossDescription>How to: Add or Remove Columns in the Work Item List</mstns:CrossDescription></mstns:CrossReferenceItem></mstns:CrossReference><mstns:When>
            </mstns:When><mstns:Dependencies><mstns:DependencyItem><mstns:DependencyName>
                    </mstns:DependencyName><mstns:DependencyDescription>
                    </mstns:DependencyDescription></mstns:DependencyItem></mstns:Dependencies><mstns:CMMI></mstns:CMMI><mstns:Criteria></mstns:Criteria></mstns:ContentItem><mstns:ContentItem ContentType="HowToProcedure"><mstns:ContentOrder>
            </mstns:ContentOrder><mstns:ContentName>To reassign a bug using Visual Studio</mstns:ContentName><mstns:ContentDescription>
                <font size="1" xmlns="http://www.w3.org/1999/xhtml">
                    <div>When reassigning a bug, be sure to include useful information about why you are reassigning the bug, and describe any actions you performed related to the bug while it was assigned to you. You can add this information to the history field as you reassign the bug.</div>
                </font>
            </mstns:ContentDescription><mstns:ContentLink>
            </mstns:ContentLink><mstns:Parts><mstns:Part PartType="Step"><mstns:PartName>
                    </mstns:PartName><mstns:Sequence>1</mstns:Sequence><mstns:isRequired>true</mstns:isRequired><mstns:PartDescription>
                        <font size="1" xmlns="http://www.w3.org/1999/xhtml">
                            <div>On the Visual Studio Team menu, click Team Explorer.</div>
                        </font>
                    </mstns:PartDescription></mstns:Part><mstns:Part PartType="Step"><mstns:PartName>
                    </mstns:PartName><mstns:Sequence>2</mstns:Sequence><mstns:isRequired>true</mstns:isRequired><mstns:PartDescription>
                        <font size="1" xmlns="http://www.w3.org/1999/xhtml">
                            <div>In Team Explorer, expand your team project folder, and then the Work Items, Project Queries folders.</div>
                        </font>
                    </mstns:PartDescription></mstns:Part><mstns:Part PartType="Step"><mstns:PartName>
                    </mstns:PartName><mstns:Sequence>3</mstns:Sequence><mstns:isRequired>true</mstns:isRequired><mstns:PartDescription>
                        <font size="1" xmlns="http://www.w3.org/1999/xhtml">
                            <div>Right-click the My Work Items query, and select View Results.</div>
                        </font>
                    </mstns:PartDescription></mstns:Part><mstns:Part PartType="Step"><mstns:PartName>
                    </mstns:PartName><mstns:Sequence>4</mstns:Sequence><mstns:isRequired>true</mstns:isRequired><mstns:PartDescription>
                        <font size="1" xmlns="http://www.w3.org/1999/xhtml">
                            <div>Locate your bug in the My Work Items [Results] pane and select it.</div>
                        </font>
                    </mstns:PartDescription></mstns:Part><mstns:Part PartType="Step"><mstns:PartName>
                    </mstns:PartName><mstns:Sequence>5</mstns:Sequence><mstns:isRequired>true</mstns:isRequired><mstns:PartDescription>
                        <font size="1" xmlns="http://www.w3.org/1999/xhtml">
                            <div>In the Assigned To field, enter the name of the team member to assign the bug to.</div>
                        </font>
                    </mstns:PartDescription></mstns:Part><mstns:Part PartType="Step"><mstns:PartName>
                    </mstns:PartName><mstns:Sequence>6</mstns:Sequence><mstns:isRequired>true</mstns:isRequired><mstns:PartDescription>
                        <font size="1" xmlns="http://www.w3.org/1999/xhtml">
                            <div>In the Detailed Description and History field, provide details on why you are reassigning the bug, and summarize any actions you performed related to the bug.</div>
                        </font>
                    </mstns:PartDescription></mstns:Part><mstns:Part PartType="Step"><mstns:PartName>
                    </mstns:PartName><mstns:Sequence>7</mstns:Sequence><mstns:isRequired>true</mstns:isRequired><mstns:PartDescription>
                        <font size="1" xmlns="http://www.w3.org/1999/xhtml">
                            <div>On the File menu, choose Save My Work Items [Results].</div>
                        </font>
                    </mstns:PartDescription></mstns:Part></mstns:Parts><mstns:RACI><mstns:RACIItem RACIType="Responsible"><mstns:RoleName>Tester</mstns:RoleName><mstns:RACIDescription>
                    </mstns:RACIDescription></mstns:RACIItem></mstns:RACI><mstns:Verification></mstns:Verification><mstns:When>
            </mstns:When><mstns:Dependencies><mstns:DependencyItem><mstns:DependencyName>
                    </mstns:DependencyName><mstns:DependencyDescription>
                    </mstns:DependencyDescription></mstns:DependencyItem></mstns:Dependencies><mstns:CMMI></mstns:CMMI><mstns:Criteria></mstns:Criteria></mstns:ContentItem><mstns:ContentItem ContentType="HowTo"><mstns:ContentOrder>7</mstns:ContentOrder><mstns:ContentName>How to: Reassign a Bug</mstns:ContentName><mstns:ContentDescription>
                <span style="FONT-SIZE: 12pt" xmlns="http://www.w3.org/1999/xhtml">
                    <font face="Times New Roman">Reassigning bugs is a typical action associated with the bug workflow. When a bug is active, it is assigned to a developer to fix. When the bug is resolved, it is assigned to a tester to verify. Bugs are also reassigned as a result of team activities, such as a triage.</font>
                </span>
            </mstns:ContentDescription><mstns:ContentLink>
            </mstns:ContentLink><mstns:Parts><mstns:Part PartType="Step"><mstns:PartName>To reassign a bug using Visual Studio</mstns:PartName><mstns:Sequence>1</mstns:Sequence><mstns:isRequired>true</mstns:isRequired><mstns:PartDescription>
                        <span style="FONT-SIZE: 10pt" xmlns="http://www.w3.org/1999/xhtml">To reassign a bug using Visual Studio</span>
                    </mstns:PartDescription></mstns:Part><mstns:Part PartType="Step"><mstns:PartName>To reassign a bug using Microsoft Excel</mstns:PartName><mstns:Sequence>2</mstns:Sequence><mstns:isRequired>true</mstns:isRequired><mstns:PartDescription>
                        <span style="FONT-SIZE: 10pt" xmlns="http://www.w3.org/1999/xhtml">To reassign a bug using Microsoft Excel</span>
                    </mstns:PartDescription></mstns:Part><mstns:Part PartType="Step"><mstns:PartName>To reassign a bug using Microsoft Project</mstns:PartName><mstns:Sequence>3</mstns:Sequence><mstns:isRequired>true</mstns:isRequired><mstns:PartDescription>
                    </mstns:PartDescription></mstns:Part></mstns:Parts><mstns:RACI><mstns:RACIItem RACIType="Responsible"><mstns:RoleName>Tester</mstns:RoleName><mstns:RACIDescription>
                    </mstns:RACIDescription></mstns:RACIItem></mstns:RACI><mstns:Verification></mstns:Verification><mstns:CrossReference><mstns:CrossReferenceItem CrossType="SeeAlso"><mstns:CrossName>Reassign a Bug</mstns:CrossName><mstns:CrossLink>
                    </mstns:CrossLink><mstns:CrossDescription>
                    </mstns:CrossDescription></mstns:CrossReferenceItem></mstns:CrossReference><mstns:When>
            </mstns:When><mstns:Dependencies><mstns:DependencyItem><mstns:DependencyName>
                    </mstns:DependencyName><mstns:DependencyDescription>
                    </mstns:DependencyDescription></mstns:DependencyItem></mstns:Dependencies><mstns:CMMI></mstns:CMMI><mstns:Criteria></mstns:Criteria></mstns:ContentItem><mstns:ContentItem ContentType="HowTo"><mstns:ContentOrder>8</mstns:ContentOrder><mstns:ContentName>How to: Resolve a Bug</mstns:ContentName><mstns:ContentDescription>
                <span style="FONT-SIZE: 12pt" xmlns="http://www.w3.org/1999/xhtml">
                    <font face="Times New Roman">Bugs are resolved as either Fixed, or As Designed.</font>
                </span>
            </mstns:ContentDescription><mstns:ContentLink>
            </mstns:ContentLink><mstns:Parts><mstns:Part PartType="Step"><mstns:PartName>To resolve a bug using Team Explorer</mstns:PartName><mstns:Sequence>1</mstns:Sequence><mstns:isRequired>false</mstns:isRequired><mstns:PartDescription>
                    </mstns:PartDescription></mstns:Part></mstns:Parts><mstns:RACI><mstns:RACIItem RACIType="Responsible"><mstns:RoleName>Developer</mstns:RoleName><mstns:RACIDescription>
                    </mstns:RACIDescription></mstns:RACIItem></mstns:RACI><mstns:Verification></mstns:Verification><mstns:When>
            </mstns:When><mstns:Dependencies><mstns:DependencyItem><mstns:DependencyName>
                    </mstns:DependencyName><mstns:DependencyDescription>
                    </mstns:DependencyDescription></mstns:DependencyItem></mstns:Dependencies><mstns:CMMI></mstns:CMMI><mstns:Criteria></mstns:Criteria></mstns:ContentItem><mstns:ContentItem ContentType="HowToProcedure"><mstns:ContentOrder>
            </mstns:ContentOrder><mstns:ContentName>To create a bug using Visual Studio</mstns:ContentName><mstns:ContentDescription>
            </mstns:ContentDescription><mstns:ContentLink>
            </mstns:ContentLink><mstns:Parts><mstns:Part PartType="Step"><mstns:PartName>
                    </mstns:PartName><mstns:Sequence>1</mstns:Sequence><mstns:isRequired>true</mstns:isRequired><mstns:PartDescription>
                        <span style="FONT-SIZE: 12pt" xmlns="http://www.w3.org/1999/xhtml">
                            <font face="Times New Roman">On the Visual Studio Team menu, click Team Explorer.</font>
                        </span>
                    </mstns:PartDescription></mstns:Part><mstns:Part PartType="Step"><mstns:PartName>
                    </mstns:PartName><mstns:Sequence>2</mstns:Sequence><mstns:isRequired>true</mstns:isRequired><mstns:PartDescription>
                        <span style="FONT-SIZE: 12pt" xmlns="http://www.w3.org/1999/xhtml">
                            <font face="Times New Roman">In Team Explorer, expand your team project folder.</font>
                        </span>
                    </mstns:PartDescription></mstns:Part><mstns:Part PartType="Step"><mstns:PartName>
                    </mstns:PartName><mstns:Sequence>3</mstns:Sequence><mstns:isRequired>true</mstns:isRequired><mstns:PartDescription>
                        <span style="FONT-SIZE: 12pt" xmlns="http://www.w3.org/1999/xhtml">
                            <font face="Times New Roman">Right-click the Work Items node, and choose Add Work Item, Bug.</font>
                        </span>
                    </mstns:PartDescription></mstns:Part><mstns:Part PartType="Step"><mstns:PartName>
                    </mstns:PartName><mstns:Sequence>4</mstns:Sequence><mstns:isRequired>true</mstns:isRequired><mstns:PartDescription>
                        <span style="FONT-SIZE: 12pt" xmlns="http://www.w3.org/1999/xhtml">
                            <font face="Times New Roman">Complete the fields in the bug work item.</font>
                        </span>
                    </mstns:PartDescription></mstns:Part><mstns:Part PartType="Step"><mstns:PartName>
                    </mstns:PartName><mstns:Sequence>5</mstns:Sequence><mstns:isRequired>true</mstns:isRequired><mstns:PartDescription>Title - Enter a title that is complete, succinct, and thorough so that anyone querying titles can list a feature or element and easily find this bug. Your team may have naming conventions for bugs to facilitate efficient queries.</mstns:PartDescription></mstns:Part><mstns:Part PartType="Step"><mstns:PartName>
                    </mstns:PartName><mstns:Sequence>6</mstns:Sequence><mstns:isRequired>true</mstns:isRequired><mstns:PartDescription>
                        <span style="FONT-SIZE: 12pt" xmlns="http://www.w3.org/1999/xhtml">
                            <font face="Times New Roman">Area – Select the appropriate node in the project hierarchy that represents the feature area or team area where the bug was found.</font>
                        </span>
                    </mstns:PartDescription></mstns:Part><mstns:Part PartType="Step"><mstns:PartName>
                    </mstns:PartName><mstns:Sequence>7</mstns:Sequence><mstns:isRequired>true</mstns:isRequired><mstns:PartDescription>
                        <span style="FONT-SIZE: 12pt" xmlns="http://www.w3.org/1999/xhtml">
                            <font face="Times New Roman">Summary – Describe the bug and provide steps to reproduce the bug.</font>
                        </span>
                    </mstns:PartDescription></mstns:Part><mstns:Part PartType="Step"><mstns:PartName>
                    </mstns:PartName><mstns:Sequence>8</mstns:Sequence><mstns:isRequired>true</mstns:isRequired><mstns:PartDescription>
                        <span style="FONT-SIZE: 12pt" xmlns="http://www.w3.org/1999/xhtml">
                            <font face="Times New Roman">Priority - Priority 1 is a showstopper and must be fixed as soon as possible. Priority 2 is an important bug that does not need to be fixed immediately but must be fixed before release. Priority 3 is an optional bug that may or may not be fixed depending on resources, time, and risk.</font>
                        </span>
                    </mstns:PartDescription></mstns:Part><mstns:Part PartType="Step"><mstns:PartName>
                    </mstns:PartName><mstns:Sequence>9</mstns:Sequence><mstns:isRequired>true</mstns:isRequired><mstns:PartDescription>
                        <span style="FONT-SIZE: 12pt" xmlns="http://www.w3.org/1999/xhtml">
                            <font face="Times New Roman">Links – Provide additional links such as screen shots or email conversations as related to the bug.</font>
                        </span>
                    </mstns:PartDescription></mstns:Part><mstns:Part PartType="Step"><mstns:PartName>
                    </mstns:PartName><mstns:Sequence>10</mstns:Sequence><mstns:isRequired>true</mstns:isRequired><mstns:PartDescription>
                        <span style="FONT-SIZE: 12pt" xmlns="http://www.w3.org/1999/xhtml">
                            <font face="Times New Roman">Test Name, ID, and Path - If the bug is the result of a failed automated test, include the test information in these fields.</font>
                        </span>
                    </mstns:PartDescription></mstns:Part><mstns:Part PartType="Step"><mstns:PartName>
                    </mstns:PartName><mstns:Sequence>11</mstns:Sequence><mstns:isRequired>true</mstns:isRequired><mstns:PartDescription>
                        <span style="FONT-SIZE: 12pt" xmlns="http://www.w3.org/1999/xhtml">
                            <font face="Times New Roman">Found in Build - Indicates which build the bug was discovered in.</font>
                        </span>
                    </mstns:PartDescription></mstns:Part><mstns:Part PartType="Step"><mstns:PartName>
                    </mstns:PartName><mstns:Sequence>12</mstns:Sequence><mstns:isRequired>true</mstns:isRequired><mstns:PartDescription>
                        <span style="FONT-SIZE: 12pt" xmlns="http://www.w3.org/1999/xhtml">
                            <font face="Times New Roman">Assigned To - Identifies the current owner of the bug work item.</font>
                        </span>
                    </mstns:PartDescription></mstns:Part><mstns:Part PartType="Step"><mstns:PartName>
                    </mstns:PartName><mstns:Sequence>13</mstns:Sequence><mstns:isRequired>true</mstns:isRequired><mstns:PartDescription>On the File menu, choose Save New Bug.</mstns:PartDescription></mstns:Part></mstns:Parts><mstns:RACI><mstns:RACIItem RACIType="Responsible"><mstns:RoleName>Project Manager</mstns:RoleName><mstns:RACIDescription>
                    </mstns:RACIDescription></mstns:RACIItem></mstns:RACI><mstns:Verification></mstns:Verification><mstns:CrossReference></mstns:CrossReference><mstns:When>
            </mstns:When><mstns:Dependencies><mstns:DependencyItem><mstns:DependencyName>
                    </mstns:DependencyName><mstns:DependencyDescription>
                    </mstns:DependencyDescription></mstns:DependencyItem></mstns:Dependencies><mstns:CMMI></mstns:CMMI><mstns:Criteria></mstns:Criteria></mstns:ContentItem><mstns:ContentItem ContentType="HowTo"><mstns:ContentOrder>5</mstns:ContentOrder><mstns:ContentName>How to: Create a Bug</mstns:ContentName><mstns:ContentDescription>
                <span style="FONT-SIZE: 12pt" xmlns="http://www.w3.org/1999/xhtml">
                    <font face="Times New Roman">As bugs are detected in the software product, they must be documented as quickly as possible so that developers can resolve them. Before opening a bug work item, you should query existing bugs to be sure the bug you discovered is not already reported.</font>
                </span>
            </mstns:ContentDescription><mstns:ContentLink>
            </mstns:ContentLink><mstns:Parts><mstns:Part PartType="Step"><mstns:PartName>To create a bug using Visual Studio</mstns:PartName><mstns:Sequence>1</mstns:Sequence><mstns:isRequired>true</mstns:isRequired><mstns:PartDescription>
                    </mstns:PartDescription></mstns:Part></mstns:Parts><mstns:RACI><mstns:RACIItem RACIType="Responsible"><mstns:RoleName>Project Manager</mstns:RoleName><mstns:RACIDescription>
                    </mstns:RACIDescription></mstns:RACIItem></mstns:RACI><mstns:Verification></mstns:Verification><mstns:CrossReference><mstns:CrossReferenceItem CrossType="SeeAlso"><mstns:CrossName>Open a Bug</mstns:CrossName><mstns:CrossLink>
                    </mstns:CrossLink><mstns:CrossDescription>
                    </mstns:CrossDescription></mstns:CrossReferenceItem></mstns:CrossReference><mstns:When>
            </mstns:When><mstns:Dependencies><mstns:DependencyItem><mstns:DependencyName>
                    </mstns:DependencyName><mstns:DependencyDescription>
                    </mstns:DependencyDescription></mstns:DependencyItem></mstns:Dependencies><mstns:CMMI></mstns:CMMI><mstns:Criteria></mstns:Criteria></mstns:ContentItem><mstns:ContentItem ContentType="HowToProcedure"><mstns:ContentOrder>
            </mstns:ContentOrder><mstns:ContentName>To create scenarios in the scenario list</mstns:ContentName><mstns:ContentDescription>
                <span style="FONT-SIZE: 10pt" xmlns="http://www.w3.org/1999/xhtml">Open the spreadsheet and begin creating scenarios.</span>
            </mstns:ContentDescription><mstns:ContentLink>
            </mstns:ContentLink><mstns:Parts><mstns:Part PartType="Step"><mstns:PartName>
                    </mstns:PartName><mstns:Sequence>1</mstns:Sequence><mstns:isRequired>true</mstns:isRequired><mstns:PartDescription>On the Visual Studio Team menu, click Team Explorer.</mstns:PartDescription></mstns:Part><mstns:Part PartType="Step"><mstns:PartName>
                    </mstns:PartName><mstns:Sequence>2</mstns:Sequence><mstns:isRequired>true</mstns:isRequired><mstns:PartDescription>In Team Explorer, expand your team project folder, and then the Documents folder.</mstns:PartDescription></mstns:Part><mstns:Part PartType="Step"><mstns:PartName>
                    </mstns:PartName><mstns:Sequence>3</mstns:Sequence><mstns:isRequired>true</mstns:isRequired><mstns:PartDescription>
                        <span style="FONT-SIZE: 10pt" xmlns="http://www.w3.org/1999/xhtml">In the Requirements folder, double-click the Scenarios.xls spreadsheet. The spreadsheet opens in Microsoft Excel.</span>
                    </mstns:PartDescription></mstns:Part><mstns:Part PartType="Step"><mstns:PartName>
                    </mstns:PartName><mstns:Sequence>4</mstns:Sequence><mstns:isRequired>true</mstns:isRequired><mstns:PartDescription>Create a scenario in the blank row with the asterisk "*" by filling in the columns as follows.</mstns:PartDescription></mstns:Part><mstns:Part PartType="Step"><mstns:PartName>
                    </mstns:PartName><mstns:Sequence>5</mstns:Sequence><mstns:isRequired>true</mstns:isRequired><mstns:PartDescription>Leave the Work Item ID blank. This is automatically generated.</mstns:PartDescription></mstns:Part><mstns:Part PartType="Step"><mstns:PartName>
                    </mstns:PartName><mstns:Sequence>6</mstns:Sequence><mstns:isRequired>true</mstns:isRequired><mstns:PartDescription>Set the Work Item Type to Scenario.</mstns:PartDescription></mstns:Part><mstns:Part PartType="Step"><mstns:PartName>
                    </mstns:PartName><mstns:Sequence>7</mstns:Sequence><mstns:isRequired>false</mstns:isRequired><mstns:PartDescription>Set the State to Active.</mstns:PartDescription></mstns:Part><mstns:Part PartType="Step"><mstns:PartName>
                    </mstns:PartName><mstns:Sequence>8</mstns:Sequence><mstns:isRequired>true</mstns:isRequired><mstns:PartDescription>Leave the Assigned To cell blank, unless the scenario is ready to be assigned.</mstns:PartDescription></mstns:Part><mstns:Part PartType="Step"><mstns:PartName>
                    </mstns:PartName><mstns:Sequence>9</mstns:Sequence><mstns:isRequired>true</mstns:isRequired><mstns:PartDescription>
                        <span style="FONT-SIZE: 10pt" xmlns="http://www.w3.org/1999/xhtml">Set the Rank to an appropriate value (1, 2, or 3).</span>
                    </mstns:PartDescription></mstns:Part><mstns:Part PartType="Step"><mstns:PartName>
                    </mstns:PartName><mstns:Sequence>10</mstns:Sequence><mstns:isRequired>true</mstns:isRequired><mstns:PartDescription>Enter a Title.</mstns:PartDescription></mstns:Part><mstns:Part PartType="Step"><mstns:PartName>
                    </mstns:PartName><mstns:Sequence>11</mstns:Sequence><mstns:isRequired>true</mstns:isRequired><mstns:PartDescription>
                        <span style="FONT-SIZE: 10pt" xmlns="http://www.w3.org/1999/xhtml">Enter a Description of the scenario. Be sure to indicate which personas are involved in the scenario.</span>
                    </mstns:PartDescription></mstns:Part><mstns:Part PartType="Step"><mstns:PartName>
                    </mstns:PartName><mstns:Sequence>12</mstns:Sequence><mstns:isRequired>true</mstns:isRequired><mstns:PartDescription>Repeat step 3 for as many scenarios as you need to create.</mstns:PartDescription></mstns:Part><mstns:Part PartType="Step"><mstns:PartName>
                    </mstns:PartName><mstns:Sequence>13</mstns:Sequence><mstns:isRequired>true</mstns:isRequired><mstns:PartDescription>
                        <span style="FONT-SIZE: 10pt" xmlns="http://www.w3.org/1999/xhtml">On the Work Items menu, click Publish Changes. This will commit the new scenarios to the work item database.</span>
                    </mstns:PartDescription></mstns:Part><mstns:Part PartType="Step"><mstns:PartName>
                    </mstns:PartName><mstns:Sequence>14</mstns:Sequence><mstns:isRequired>true</mstns:isRequired><mstns:PartDescription>On the File menu, choose Save.</mstns:PartDescription></mstns:Part></mstns:Parts><mstns:RACI><mstns:RACIItem RACIType="Responsible"><mstns:RoleName>Business Analyst</mstns:RoleName><mstns:RACIDescription>
                    </mstns:RACIDescription></mstns:RACIItem></mstns:RACI><mstns:Verification></mstns:Verification><mstns:CrossReference></mstns:CrossReference><mstns:When>
            </mstns:When><mstns:Dependencies><mstns:DependencyItem><mstns:DependencyName>
                    </mstns:DependencyName><mstns:DependencyDescription>
                    </mstns:DependencyDescription></mstns:DependencyItem></mstns:Dependencies><mstns:CMMI></mstns:CMMI><mstns:Criteria></mstns:Criteria></mstns:ContentItem><mstns:ContentItem ContentType="HowTo"><mstns:ContentOrder>2</mstns:ContentOrder><mstns:ContentName>How to: Create a Scenario List</mstns:ContentName><mstns:ContentDescription>
                <span style="FONT-SIZE: 10pt" xmlns="http://www.w3.org/1999/xhtml">A scenario list is useful for managing scenarios. Using Visual Studio Team System, the architect can create a Microsoft Excel spreadsheet containing a list of scenarios. The architect can prioritize and add new scenarios to the list. Also, the list can be posted to the project portal for the entire team to view and work with.</span>
            </mstns:ContentDescription><mstns:ContentLink>
            </mstns:ContentLink><mstns:Parts><mstns:Part PartType="Step"><mstns:PartName>To create scenarios in the scenario list</mstns:PartName><mstns:Sequence>1</mstns:Sequence><mstns:isRequired>true</mstns:isRequired><mstns:PartDescription>
                    </mstns:PartDescription></mstns:Part></mstns:Parts><mstns:RACI><mstns:RACIItem RACIType="Responsible"><mstns:RoleName>Business Analyst</mstns:RoleName><mstns:RACIDescription>
                    </mstns:RACIDescription></mstns:RACIItem></mstns:RACI><mstns:Verification></mstns:Verification><mstns:CrossReference></mstns:CrossReference><mstns:When>
            </mstns:When><mstns:Dependencies><mstns:DependencyItem><mstns:DependencyName>
                    </mstns:DependencyName><mstns:DependencyDescription>
                    </mstns:DependencyDescription></mstns:DependencyItem></mstns:Dependencies><mstns:CMMI></mstns:CMMI><mstns:Criteria></mstns:Criteria></mstns:ContentItem><mstns:ContentItem ContentType="HowToProcedure"><mstns:ContentOrder>
            </mstns:ContentOrder><mstns:ContentName>To create quality of service requirements</mstns:ContentName><mstns:ContentDescription>
                <span style="FONT-SIZE: 12pt" xmlns="http://www.w3.org/1999/xhtml">
                    <font face="Times New Roman">Open the quality of service requirements spreadsheet and begin creating quality of service requirements.</font>
                </span>
            </mstns:ContentDescription><mstns:ContentLink>
            </mstns:ContentLink><mstns:Parts><mstns:Part PartType="Step"><mstns:PartName>
                    </mstns:PartName><mstns:Sequence>1</mstns:Sequence><mstns:isRequired>true</mstns:isRequired><mstns:PartDescription>On the Visual Studio Team menu, click Team Explorer.</mstns:PartDescription></mstns:Part><mstns:Part PartType="Step"><mstns:PartName>
                    </mstns:PartName><mstns:Sequence>2</mstns:Sequence><mstns:isRequired>true</mstns:isRequired><mstns:PartDescription>In Team Explorer, expand your team project folder, and then the Documents folder. </mstns:PartDescription></mstns:Part><mstns:Part PartType="Step"><mstns:PartName>
                    </mstns:PartName><mstns:Sequence>3</mstns:Sequence><mstns:isRequired>true</mstns:isRequired><mstns:PartDescription>
                        <span style="FONT-SIZE: 12pt" xmlns="http://www.w3.org/1999/xhtml">
                            <font face="Times New Roman">In the Requirements folder, double-click the QoS Requirements.xsl spreadsheet. The spreadsheet opens in Microsoft Excel.</font>
                        </span>
                    </mstns:PartDescription></mstns:Part><mstns:Part PartType="Step"><mstns:PartName>
                    </mstns:PartName><mstns:Sequence>4</mstns:Sequence><mstns:isRequired>true</mstns:isRequired><mstns:PartDescription>
                        <span style="FONT-SIZE: 12pt" xmlns="http://www.w3.org/1999/xhtml">
                            <font face="Times New Roman">Create a requirement in the blank row with the asterisk "*" by filling in the columns as follows.</font>
                        </span>
                    </mstns:PartDescription></mstns:Part><mstns:Part PartType="Step"><mstns:PartName>
                    </mstns:PartName><mstns:Sequence>5</mstns:Sequence><mstns:isRequired>true</mstns:isRequired><mstns:PartDescription>
                        <span style="FONT-SIZE: 12pt" xmlns="http://www.w3.org/1999/xhtml">
                            <font face="Times New Roman">Leave the Work Item ID blank. This is automatically generated.</font>
                        </span>
                    </mstns:PartDescription></mstns:Part><mstns:Part PartType="Step"><mstns:PartName>
                    </mstns:PartName><mstns:Sequence>6</mstns:Sequence><mstns:isRequired>true</mstns:isRequired><mstns:PartDescription>
                        <span style="FONT-SIZE: 12pt" xmlns="http://www.w3.org/1999/xhtml">
                            <font face="Times New Roman">Set the Work Item Type to Quality of Service Requirement.</font>
                        </span>
                    </mstns:PartDescription></mstns:Part><mstns:Part PartType="Step"><mstns:PartName>
                    </mstns:PartName><mstns:Sequence>7</mstns:Sequence><mstns:isRequired>true</mstns:isRequired><mstns:PartDescription>
                        <span style="FONT-SIZE: 12pt" xmlns="http://www.w3.org/1999/xhtml">
                            <font face="Times New Roman">Set the Quality of Service Type to the appropriate type of Load, Other, Performance, Platform, Security, or Stress.</font>
                        </span>
                    </mstns:PartDescription></mstns:Part><mstns:Part PartType="Step"><mstns:PartName>
                    </mstns:PartName><mstns:Sequence>8</mstns:Sequence><mstns:isRequired>true</mstns:isRequired><mstns:PartDescription>
                        <span style="FONT-SIZE: 12pt" xmlns="http://www.w3.org/1999/xhtml">
                            <font face="Times New Roman">Set the Rank to an appropriate value (1, 2, or 3).</font>
                        </span>
                    </mstns:PartDescription></mstns:Part><mstns:Part PartType="Step"><mstns:PartName>
                    </mstns:PartName><mstns:Sequence>9</mstns:Sequence><mstns:isRequired>true</mstns:isRequired><mstns:PartDescription>Enter a Title.</mstns:PartDescription></mstns:Part><mstns:Part PartType="Step"><mstns:PartName>
                    </mstns:PartName><mstns:Sequence>10</mstns:Sequence><mstns:isRequired>true</mstns:isRequired><mstns:PartDescription>
                        <span style="FONT-SIZE: 12pt" xmlns="http://www.w3.org/1999/xhtml">
                            <font face="Arial">Enter a description of the quality of service requirement in the Summary cell.</font>
                        </span>
                    </mstns:PartDescription></mstns:Part><mstns:Part PartType="Step"><mstns:PartName>
                    </mstns:PartName><mstns:Sequence>11</mstns:Sequence><mstns:isRequired>true</mstns:isRequired><mstns:PartDescription>Leave the Assigned To cell blank, unless the requirement is ready to be assigned.</mstns:PartDescription></mstns:Part><mstns:Part PartType="Step"><mstns:PartName>
                    </mstns:PartName><mstns:Sequence>12</mstns:Sequence><mstns:isRequired>true</mstns:isRequired><mstns:PartDescription>
                        <span style="FONT-SIZE: 12pt" xmlns="http://www.w3.org/1999/xhtml">
                            <font face="Times New Roman">Set the State to Active.</font>
                        </span>
                    </mstns:PartDescription></mstns:Part><mstns:Part PartType="Step"><mstns:PartName>
                    </mstns:PartName><mstns:Sequence>13</mstns:Sequence><mstns:isRequired>true</mstns:isRequired><mstns:PartDescription>
                        <span style="FONT-SIZE: 12pt" xmlns="http://www.w3.org/1999/xhtml">
                            <font face="Times New Roman">Repeat step 4 for as many requirements as you need to create.</font>
                        </span>
                    </mstns:PartDescription></mstns:Part><mstns:Part PartType="Step"><mstns:PartName>
                    </mstns:PartName><mstns:Sequence>14</mstns:Sequence><mstns:isRequired>true</mstns:isRequired><mstns:PartDescription>
                        <span style="FONT-SIZE: 12pt" xmlns="http://www.w3.org/1999/xhtml">
                            <font face="Times New Roman">On the Work Items menu, click Publish Changes. This will commit the new quality of service requirements to the work item database.</font>
                        </span>
                    </mstns:PartDescription></mstns:Part><mstns:Part PartType="Step"><mstns:PartName>
                    </mstns:PartName><mstns:Sequence>15</mstns:Sequence><mstns:isRequired>true</mstns:isRequired><mstns:PartDescription>On the File menu, choose Save.</mstns:PartDescription></mstns:Part></mstns:Parts><mstns:RACI><mstns:RACIItem RACIType="Responsible"><mstns:RoleName>Business Analyst</mstns:RoleName><mstns:RACIDescription>
                    </mstns:RACIDescription></mstns:RACIItem></mstns:RACI><mstns:Verification></mstns:Verification><mstns:CrossReference></mstns:CrossReference><mstns:When>
            </mstns:When><mstns:Dependencies><mstns:DependencyItem><mstns:DependencyName>
                    </mstns:DependencyName><mstns:DependencyDescription>
                    </mstns:DependencyDescription></mstns:DependencyItem></mstns:Dependencies><mstns:CMMI></mstns:CMMI><mstns:Criteria></mstns:Criteria></mstns:ContentItem><mstns:ContentItem ContentType="HowTo"><mstns:ContentOrder>3</mstns:ContentOrder><mstns:ContentName>How to: Create a Quality of Service Requirements List</mstns:ContentName><mstns:ContentDescription>
                <span style="FONT-SIZE: 12pt" xmlns="http://www.w3.org/1999/xhtml">
                    <font face="Times New Roman">A quality of service requirements list is useful for managing requirements. Using Visual Studio Team System, the business analyst can create a Microsoft Excel spreadsheet containing a list of quality of service requirements. The quality of service requirements list is also useful for prioritizing, assigning, and tracking status of requirements. The list can be posted to the project portal for the entire team to view and work with.</font>
                </span>
            </mstns:ContentDescription><mstns:ContentLink>
            </mstns:ContentLink><mstns:Parts><mstns:Part PartType="Step"><mstns:PartName>To create quality of service requirements</mstns:PartName><mstns:Sequence>1</mstns:Sequence><mstns:isRequired>true</mstns:isRequired><mstns:PartDescription>
                    </mstns:PartDescription></mstns:Part></mstns:Parts><mstns:RACI><mstns:RACIItem RACIType="Responsible"><mstns:RoleName>Business Analyst</mstns:RoleName><mstns:RACIDescription>
                    </mstns:RACIDescription></mstns:RACIItem></mstns:RACI><mstns:Verification></mstns:Verification><mstns:CrossReference></mstns:CrossReference><mstns:When>
            </mstns:When><mstns:Dependencies><mstns:DependencyItem><mstns:DependencyName>
                    </mstns:DependencyName><mstns:DependencyDescription>
                    </mstns:DependencyDescription></mstns:DependencyItem></mstns:Dependencies><mstns:CMMI></mstns:CMMI><mstns:Criteria></mstns:Criteria></mstns:ContentItem><mstns:ContentItem ContentType="HowToProcedure"><mstns:ContentOrder>
            </mstns:ContentOrder><mstns:ContentName>To create a bug list</mstns:ContentName><mstns:ContentDescription>
            </mstns:ContentDescription><mstns:ContentLink>
            </mstns:ContentLink><mstns:Parts><mstns:Part PartType="Step"><mstns:PartName>
                    </mstns:PartName><mstns:Sequence>1</mstns:Sequence><mstns:isRequired>true</mstns:isRequired><mstns:PartDescription>
                        <span style="FONT-SIZE: 10pt" xmlns="http://www.w3.org/1999/xhtml">On the Visual Studio Team menu, click Team Explorer.</span>
                    </mstns:PartDescription></mstns:Part><mstns:Part PartType="Step"><mstns:PartName>
                    </mstns:PartName><mstns:Sequence>2</mstns:Sequence><mstns:isRequired>true</mstns:isRequired><mstns:PartDescription>
                        <span style="FONT-SIZE: 10pt" xmlns="http://www.w3.org/1999/xhtml">In Team Explorer, expand your team project folder, then the Work Items folder, and the Project Queries folder.</span>
                    </mstns:PartDescription></mstns:Part><mstns:Part PartType="Step"><mstns:PartName>
                    </mstns:PartName><mstns:Sequence>3</mstns:Sequence><mstns:isRequired>true</mstns:isRequired><mstns:PartDescription>
                        <span style="FONT-SIZE: 10pt" xmlns="http://www.w3.org/1999/xhtml">Right-click the Active Bugs query, and choose Open in Microsoft Excel.</span>
                    </mstns:PartDescription></mstns:Part><mstns:Part PartType="Step"><mstns:PartName>
                    </mstns:PartName><mstns:Sequence>4</mstns:Sequence><mstns:isRequired>true</mstns:isRequired><mstns:PartDescription>
                        <span style="FONT-SIZE: 10pt" xmlns="http://www.w3.org/1999/xhtml">After you create the bug list, you should save it to the project portal under the Test folder. As bugs are updated, you can refresh the list when it is opened in Microsoft Excel.</span>
                    </mstns:PartDescription></mstns:Part></mstns:Parts><mstns:RACI><mstns:RACIItem RACIType="Responsible"><mstns:RoleName>Business Analyst</mstns:RoleName><mstns:RACIDescription>
                    </mstns:RACIDescription></mstns:RACIItem></mstns:RACI><mstns:Verification></mstns:Verification><mstns:CrossReference><mstns:CrossReferenceItem CrossType="SeeAlso"><mstns:CrossName>How to: Publish or Refresh Work Items in Microsoft Excel or Microsoft Project</mstns:CrossName><mstns:CrossLink>ms-help://MS.VSCC.v80/dv_commoner/local/redirect.htm?keyword='7eb6c328-7f40-4ffc-8c8f-1ef8a3909a8a'</mstns:CrossLink><mstns:CrossDescription>How to: Publish or Refresh Work Items in Microsoft Excel or Microsoft Project</mstns:CrossDescription></mstns:CrossReferenceItem></mstns:CrossReference><mstns:When>
            </mstns:When><mstns:Dependencies><mstns:DependencyItem><mstns:DependencyName>
                    </mstns:DependencyName><mstns:DependencyDescription>
                    </mstns:DependencyDescription></mstns:DependencyItem></mstns:Dependencies><mstns:CMMI></mstns:CMMI><mstns:Criteria></mstns:Criteria></mstns:ContentItem><mstns:ContentItem ContentType="HowTo"><mstns:ContentOrder>6</mstns:ContentOrder><mstns:ContentName>How to: Create a Bug List</mstns:ContentName><mstns:ContentDescription>
                <span style="FONT-SIZE: 10pt" xmlns="http://www.w3.org/1999/xhtml">A bug list is useful for triaging bug reports. Using Visual Studio Team System, the project manager (or a lead) can create a Microsoft Excel spreadsheet containing a list of active bug work items. The list can then be posted to the project portal for the entire team to view and work with.</span>
            </mstns:ContentDescription><mstns:ContentLink>
            </mstns:ContentLink><mstns:Parts><mstns:Part PartType="Step"><mstns:PartName>To create a bug list</mstns:PartName><mstns:Sequence>1</mstns:Sequence><mstns:isRequired>true</mstns:isRequired><mstns:PartDescription>
                    </mstns:PartDescription></mstns:Part></mstns:Parts><mstns:RACI><mstns:RACIItem RACIType="Responsible"><mstns:RoleName>Business Analyst</mstns:RoleName><mstns:RACIDescription>
                    </mstns:RACIDescription></mstns:RACIItem></mstns:RACI><mstns:Verification></mstns:Verification><mstns:CrossReference></mstns:CrossReference><mstns:When>
            </mstns:When><mstns:Dependencies><mstns:DependencyItem><mstns:DependencyName>
                    </mstns:DependencyName><mstns:DependencyDescription>
                    </mstns:DependencyDescription></mstns:DependencyItem></mstns:Dependencies><mstns:CMMI></mstns:CMMI><mstns:Criteria></mstns:Criteria></mstns:ContentItem><mstns:ContentItem ContentType="HowTo"><mstns:ContentOrder>4</mstns:ContentOrder><mstns:ContentName>How To: Create a Shadow Application</mstns:ContentName><mstns:ContentDescription>A shadow is an architecture for the functionality to be completed in the iteration. The shadow leads the working code at the beginning of an iteration as the architects get out in front of the development for the iteration. During this time, the architecture and the working code are not in sync. As the pieces of the leading shadow are implemented, the architecture begins to reflect the working code base. The original parts of the system that were architected but not implemented, now become implemented. When the architecture represents the working code, we call the shadow a trailing shadow.</mstns:ContentDescription><mstns:ContentLink>
            </mstns:ContentLink><mstns:States></mstns:States><mstns:Parts><mstns:Part PartType="Step"><mstns:PartName>To create a leading shadow</mstns:PartName><mstns:Sequence>1</mstns:Sequence><mstns:isRequired>true</mstns:isRequired><mstns:PartDescription>
                    </mstns:PartDescription></mstns:Part><mstns:Part PartType="Step"><mstns:PartName>To connect two shadow applications</mstns:PartName><mstns:Sequence>2</mstns:Sequence><mstns:isRequired>true</mstns:isRequired><mstns:PartDescription>
                    </mstns:PartDescription></mstns:Part><mstns:Part PartType="Step"><mstns:PartName>To move an endpoint from a leading shadow to a trailing shadow</mstns:PartName><mstns:Sequence>3</mstns:Sequence><mstns:isRequired>true</mstns:isRequired><mstns:PartDescription>
                    </mstns:PartDescription></mstns:Part></mstns:Parts><mstns:RACI><mstns:RACIItem RACIType="Responsible"><mstns:RoleName>Architect</mstns:RoleName><mstns:RACIDescription>
                    </mstns:RACIDescription></mstns:RACIItem></mstns:RACI><mstns:Verification></mstns:Verification><mstns:CrossReference></mstns:CrossReference><mstns:When>
            </mstns:When><mstns:Dependencies></mstns:Dependencies><mstns:CMMI></mstns:CMMI><mstns:Criteria></mstns:Criteria></mstns:ContentItem><mstns:ContentItem ContentType="HowToProcedure"><mstns:ContentOrder>
            </mstns:ContentOrder><mstns:ContentName>To create a leading shadow</mstns:ContentName><mstns:ContentDescription>
            </mstns:ContentDescription><mstns:ContentLink>
            </mstns:ContentLink><mstns:States></mstns:States><mstns:Parts><mstns:Part PartType="Step"><mstns:PartName>
                    </mstns:PartName><mstns:Sequence>1</mstns:Sequence><mstns:isRequired>true</mstns:isRequired><mstns:PartDescription>If there is no application diagram yet, from the menu bar, select File&gt;New&gt;Project. In the New Project dialog box, select the Distributed System Solutions from the Project Types list. Under Visual Studio installed templates, choose the Distributed System template. Press the OK button at the bottom of the dialog.</mstns:PartDescription></mstns:Part><mstns:Part PartType="Step"><mstns:PartName>
                    </mstns:PartName><mstns:Sequence>2</mstns:Sequence><mstns:isRequired>true</mstns:isRequired><mstns:PartDescription>From the Application Diagram toolbox, select an application from the list of applications and drag it onto the application diagram.</mstns:PartDescription></mstns:Part><mstns:Part PartType="Step"><mstns:PartName>
                    </mstns:PartName><mstns:Sequence>3</mstns:Sequence><mstns:isRequired>true</mstns:isRequired><mstns:PartDescription>Double click on the application name (shown in bold) and name the application with the word "Shadow" as a prefix. This indicates that the application will be a leading shadow.</mstns:PartDescription></mstns:Part><mstns:Part PartType="Step"><mstns:PartName>
                    </mstns:PartName><mstns:Sequence>4</mstns:Sequence><mstns:isRequired>true</mstns:isRequired><mstns:PartDescription>Add a new or modify an existing endpoint, defining the way that the application will interact with other applications.</mstns:PartDescription></mstns:Part><mstns:Part PartType="Step"><mstns:PartName>
                    </mstns:PartName><mstns:Sequence>5</mstns:Sequence><mstns:isRequired>true</mstns:isRequired><mstns:PartDescription>Right click on the shadow application and bring up the context menu. Select Design Application System to create a System Diagram for the application. Choose an appropriate system or subsystem name and click on the OK button of the Design System Application dialog.</mstns:PartDescription></mstns:Part><mstns:Part PartType="Step"><mstns:PartName>
                    </mstns:PartName><mstns:Sequence>6</mstns:Sequence><mstns:isRequired>true</mstns:isRequired><mstns:PartDescription>Select each endpoint and right click on it to bring up the context menu. Select Add Proxy Endpoint to create a proxy endpoint in the system diagram.</mstns:PartDescription></mstns:Part><mstns:Part PartType="Step"><mstns:PartName>
                    </mstns:PartName><mstns:Sequence>7</mstns:Sequence><mstns:isRequired>true</mstns:isRequired><mstns:PartDescription>On the tab in the top left corner of the system diagram, right click to bring up the context menu. Save the diagram.</mstns:PartDescription></mstns:Part></mstns:Parts><mstns:RACI><mstns:RACIItem RACIType="Responsible"><mstns:RoleName>Architect</mstns:RoleName><mstns:RACIDescription>
                    </mstns:RACIDescription></mstns:RACIItem></mstns:RACI><mstns:CrossReference><mstns:CrossReferenceItem CrossType="WorkProduct-VS"><mstns:CrossName>Application Diagram</mstns:CrossName><mstns:CrossLink>
                    </mstns:CrossLink><mstns:CrossDescription>
                    </mstns:CrossDescription></mstns:CrossReferenceItem><mstns:CrossReferenceItem CrossType="WorkProduct-VS"><mstns:CrossName>System Diagram</mstns:CrossName><mstns:CrossLink>
                    </mstns:CrossLink><mstns:CrossDescription>
                    </mstns:CrossDescription></mstns:CrossReferenceItem></mstns:CrossReference><mstns:When>
            </mstns:When><mstns:Dependencies></mstns:Dependencies><mstns:CMMI></mstns:CMMI><mstns:Criteria></mstns:Criteria></mstns:ContentItem><mstns:ContentItem ContentType="HowToProcedure"><mstns:ContentOrder>
            </mstns:ContentOrder><mstns:ContentName>To connect two shadow applications</mstns:ContentName><mstns:ContentDescription>
            </mstns:ContentDescription><mstns:ContentLink>
            </mstns:ContentLink><mstns:States></mstns:States><mstns:Parts><mstns:Part PartType="Step"><mstns:PartName>
                    </mstns:PartName><mstns:Sequence>1</mstns:Sequence><mstns:isRequired>true</mstns:isRequired><mstns:PartDescription>In the Solution Explorer, select the top most folder under the distributed system solution. Right click to bring up the context menu and select Add&gt;New Distributed System Diagram.</mstns:PartDescription></mstns:Part><mstns:Part PartType="Step"><mstns:PartName>
                    </mstns:PartName><mstns:Sequence>2</mstns:Sequence><mstns:isRequired>true</mstns:isRequired><mstns:PartDescription>Under categories section on the left hand side of the Add New Item dialog box, be sure the Distributed Systems Diagram is selected. Under Visual Studio installed templates, select the System Diagram and give the system a name. Click the Add button at the bottom of the dialog box.</mstns:PartDescription></mstns:Part><mstns:Part PartType="Step"><mstns:PartName>
                    </mstns:PartName><mstns:Sequence>3</mstns:Sequence><mstns:isRequired>true</mstns:isRequired><mstns:PartDescription>From the system view list, drag the systems onto the new system diagram.</mstns:PartDescription></mstns:Part><mstns:Part PartType="Step"><mstns:PartName>
                    </mstns:PartName><mstns:Sequence>4</mstns:Sequence><mstns:isRequired>true</mstns:isRequired><mstns:PartDescription>Select the source endpoint to connect and press alt and the left mouse button and drag the connection to the target endpoint. A line should be drawn connecting the endpoints.</mstns:PartDescription></mstns:Part><mstns:Part PartType="Step"><mstns:PartName>
                    </mstns:PartName><mstns:Sequence>5</mstns:Sequence><mstns:isRequired>true</mstns:isRequired><mstns:PartDescription>On the tab in the top left corner of the system diagram, right click to bring up the context menu. Save the diagram.</mstns:PartDescription></mstns:Part></mstns:Parts><mstns:RACI><mstns:RACIItem RACIType="Responsible"><mstns:RoleName>Architect</mstns:RoleName><mstns:RACIDescription>
                    </mstns:RACIDescription></mstns:RACIItem></mstns:RACI><mstns:Verification></mstns:Verification><mstns:CrossReference></mstns:CrossReference><mstns:When>
            </mstns:When><mstns:Dependencies></mstns:Dependencies><mstns:CMMI></mstns:CMMI><mstns:Criteria></mstns:Criteria></mstns:ContentItem><mstns:ContentItem ContentType="HowToProcedure"><mstns:ContentOrder>
            </mstns:ContentOrder><mstns:ContentName>To move an endpoint from a leading shadow to a trailing shadow</mstns:ContentName><mstns:ContentDescription>The trailing shadow is a visual representation of the architecture which is implemented with code.</mstns:ContentDescription><mstns:ContentLink>
            </mstns:ContentLink><mstns:States></mstns:States><mstns:Parts><mstns:Part PartType="Step"><mstns:PartName>
                    </mstns:PartName><mstns:Sequence>1</mstns:Sequence><mstns:isRequired>true</mstns:isRequired><mstns:PartDescription>If the trailing shadow application does not have a compatible endpoint, go to the application diagram. Copy the leading shadow application endpoint and paste it on the trailing shadow application.</mstns:PartDescription></mstns:Part><mstns:Part PartType="Step"><mstns:PartName>
                    </mstns:PartName><mstns:Sequence>2</mstns:Sequence><mstns:isRequired>true</mstns:isRequired><mstns:PartDescription>In the system diagram, drag the trailing shadow application from the system view into the system diagram.</mstns:PartDescription></mstns:Part><mstns:Part PartType="Step"><mstns:PartName>
                    </mstns:PartName><mstns:Sequence>3</mstns:Sequence><mstns:isRequired>true</mstns:isRequired><mstns:PartDescription>Select the proxy endpoint in the system diagram. Press alt and the left mouse button and move to the endpoint on the trailing shadow. The connection to the proxy endpoint should be redrawn from the proxy to the leading shadow to the proxy to the trailing shadow. Note: all connections in the other system diagrams that involve this connection should remain intact.</mstns:PartDescription></mstns:Part><mstns:Part PartType="Step"><mstns:PartName>
                    </mstns:PartName><mstns:Sequence>4</mstns:Sequence><mstns:isRequired>true</mstns:isRequired><mstns:PartDescription>If all of the endpoints on the leading shadow application have been implemented and the leading shadow provides no more value, go to the application diagram and delete it.</mstns:PartDescription></mstns:Part></mstns:Parts><mstns:RACI><mstns:RACIItem RACIType="Responsible"><mstns:RoleName>Architect</mstns:RoleName><mstns:RACIDescription>
                    </mstns:RACIDescription></mstns:RACIItem></mstns:RACI><mstns:Verification></mstns:Verification><mstns:CrossReference></mstns:CrossReference><mstns:When>
            </mstns:When><mstns:Dependencies></mstns:Dependencies><mstns:CMMI></mstns:CMMI><mstns:Criteria></mstns:Criteria></mstns:ContentItem><mstns:ContentItem ContentType="HowTo"><mstns:ContentOrder>1</mstns:ContentOrder><mstns:ContentName>How to: Create an Iteration Plan</mstns:ContentName><mstns:ContentDescription>An iteration plan itemizes the work to be accomplished within an iteration. There are two possible ways to draft an iteration plan in MSF for Agile Software Development. The first way utilizes Microsoft Project and presents an entire view of the iterations over the life of the project. The second way is to use Microsoft Excel. A new iteration plan is created in each iteration using this method.</mstns:ContentDescription><mstns:ContentLink>
            </mstns:ContentLink><mstns:States></mstns:States><mstns:Parts><mstns:Part PartType="Step"><mstns:PartName>To create the first iteration in Microsoft Project</mstns:PartName><mstns:Sequence>1</mstns:Sequence><mstns:isRequired>true</mstns:isRequired><mstns:PartDescription>This step sets up the initial activities from the project checklist.</mstns:PartDescription></mstns:Part><mstns:Part PartType="Step"><mstns:PartName>To create an initial iteration plan in Microsoft Project</mstns:PartName><mstns:Sequence>2</mstns:Sequence><mstns:isRequired>true</mstns:isRequired><mstns:PartDescription>
                    </mstns:PartDescription></mstns:Part><mstns:Part PartType="Step"><mstns:PartName>Break down scenarios into tasks in Microsoft Project</mstns:PartName><mstns:Sequence>3</mstns:Sequence><mstns:isRequired>true</mstns:isRequired><mstns:PartDescription>
                    </mstns:PartDescription></mstns:Part></mstns:Parts><mstns:RACI><mstns:RACIItem RACIType="Responsible"><mstns:RoleName>Project Manager</mstns:RoleName><mstns:RACIDescription>
                    </mstns:RACIDescription></mstns:RACIItem></mstns:RACI><mstns:Verification></mstns:Verification><mstns:CrossReference></mstns:CrossReference><mstns:When>
            </mstns:When><mstns:Dependencies><mstns:DependencyItem><mstns:DependencyName>
                    </mstns:DependencyName><mstns:DependencyDescription>
                    </mstns:DependencyDescription></mstns:DependencyItem></mstns:Dependencies><mstns:CMMI></mstns:CMMI><mstns:Criteria></mstns:Criteria></mstns:ContentItem><mstns:ContentItem ContentType="HowToProcedure"><mstns:ContentOrder>
            </mstns:ContentOrder><mstns:ContentName>To create the first iteration in Microsoft Project</mstns:ContentName><mstns:ContentDescription>Visual Studio Team System contains a set of tasks to get the project started. These tasks logically belong in the first iteration called Iteration 0. This procedure outlines how to initially set up the project plan with these pre-populated tasks.</mstns:ContentDescription><mstns:ContentLink>
            </mstns:ContentLink><mstns:States></mstns:States><mstns:Parts><mstns:Part PartType="Step"><mstns:PartName>Open the Project Template</mstns:PartName><mstns:Sequence>1</mstns:Sequence><mstns:isRequired>true</mstns:isRequired><mstns:PartDescription>In Visual Studio Team System, open Team Explorer. Locate your team project and expand the Documents folder.</mstns:PartDescription></mstns:Part><mstns:Part PartType="Step"><mstns:PartName>Step 2</mstns:PartName><mstns:Sequence>2</mstns:Sequence><mstns:isRequired>true</mstns:isRequired><mstns:PartDescription>In the Project Management folder, find the file "Development Project Plan.mpp." Open the file. A new project plan appears in Microsoft Project.</mstns:PartDescription></mstns:Part><mstns:Part PartType="Step"><mstns:PartName>Populate the Project</mstns:PartName><mstns:Sequence>3</mstns:Sequence><mstns:isRequired>true</mstns:isRequired><mstns:PartDescription>In Microsoft Project, find the "Choose Team Project" on the toolbar. Click the icon and select the server name and team project in the dialog box.</mstns:PartDescription></mstns:Part><mstns:Part PartType="Step"><mstns:PartName>Step 2</mstns:PartName><mstns:Sequence>4</mstns:Sequence><mstns:isRequired>true</mstns:isRequired><mstns:PartDescription>From the "Get Work Items" dialog box, choose the "Query" radio button. From the selection list to the right of the radio button, choose the query "Project Checklist."</mstns:PartDescription></mstns:Part><mstns:Part PartType="Step"><mstns:PartName>Step 3</mstns:PartName><mstns:Sequence>5</mstns:Sequence><mstns:isRequired>true</mstns:isRequired><mstns:PartDescription>Press the "run" button. The new work items appear in the dialog box. Close the "Get Work Items" dialog box by clicking the "OK" button. The work items are transferred into the project plan.</mstns:PartDescription></mstns:Part><mstns:Part PartType="Step"><mstns:PartName>Create Iteration 0</mstns:PartName><mstns:Sequence>6</mstns:Sequence><mstns:isRequired>true</mstns:isRequired><mstns:PartDescription>Select the first task in the project if it is not chosen already. From the Insert menu, click New Task to create a new task above this first task. Name the new task "Iteration 0".</mstns:PartDescription></mstns:Part><mstns:Part PartType="Step"><mstns:PartName>Step 2</mstns:PartName><mstns:Sequence>7</mstns:Sequence><mstns:isRequired>true</mstns:isRequired><mstns:PartDescription>Look for the "Publish and Refresh" column for the new task in the task list. Set the value "Do Not Publish" for the iteration task.</mstns:PartDescription></mstns:Part><mstns:Part PartType="Step"><mstns:PartName>Step 3</mstns:PartName><mstns:Sequence>8</mstns:Sequence><mstns:isRequired>true</mstns:isRequired><mstns:PartDescription>Choose all of the tasks in "Iteration 0"  by pressing the shift button and simultaneously selecting the last task. All of the tasks in "Iteration 0" are now selected. On the toolbar, find the right arrow and press it, making "Iteration 0" a summary task.</mstns:PartDescription></mstns:Part><mstns:Part PartType="Step"><mstns:PartName>Step 4</mstns:PartName><mstns:Sequence>9</mstns:Sequence><mstns:isRequired>true</mstns:isRequired><mstns:PartDescription>While the tasks below "Iteration 0" are highlighted, right-click to open the context menu. Select "Task Information" from the menu. In the "Advanced" tab, change "Task type" to "Fixed Duration." Set the "Duration" to the iteration length if it has been determined. If not, use a default of 14 days.</mstns:PartDescription></mstns:Part><mstns:Part PartType="Step"><mstns:PartName>Step 5</mstns:PartName><mstns:Sequence>10</mstns:Sequence><mstns:isRequired>true</mstns:isRequired><mstns:PartDescription>From the File menu, click Save to save the file to the project portal.</mstns:PartDescription></mstns:Part></mstns:Parts><mstns:RACI></mstns:RACI><mstns:Verification></mstns:Verification><mstns:CrossReference></mstns:CrossReference><mstns:When>
            </mstns:When><mstns:Dependencies><mstns:DependencyItem><mstns:DependencyName>
                    </mstns:DependencyName><mstns:DependencyDescription>
                    </mstns:DependencyDescription></mstns:DependencyItem></mstns:Dependencies><mstns:CMMI></mstns:CMMI><mstns:Criteria></mstns:Criteria></mstns:ContentItem><mstns:ContentItem ContentType="HowToProcedure"><mstns:ContentOrder>
            </mstns:ContentOrder><mstns:ContentName>To create an initial iteration plan in Microsoft Project</mstns:ContentName><mstns:ContentDescription>The initial iteration plan is a critical part of planning each iteration. After you have created the first iteration or iteration 0, subsequent iterations follow a pattern. </mstns:ContentDescription><mstns:ContentLink>
            </mstns:ContentLink><mstns:States></mstns:States><mstns:Parts><mstns:Part PartType="Step"><mstns:PartName>Create and Link New Iteration</mstns:PartName><mstns:Sequence>1</mstns:Sequence><mstns:isRequired>true</mstns:isRequired><mstns:PartDescription>In the Microsoft Project task list, collapse all of the subtasks under the single summary tasks. Type "Iteration n+1" in the empty task slot below the collapsed summary task, where iteration n is the previous iteration that was just collapsed. Make sure the "Iteration n+1" task is fully outdented.</mstns:PartDescription></mstns:Part><mstns:Part PartType="Step"><mstns:PartName>Step 2</mstns:PartName><mstns:Sequence>2</mstns:Sequence><mstns:isRequired>true</mstns:isRequired><mstns:PartDescription>Link the n and n+1 iterations by selecting both tasks and clicking the chain icon for linking tasks on the toolbar. The "finish to start" relationship should appear in the Gantt chart.</mstns:PartDescription></mstns:Part><mstns:Part PartType="Step"><mstns:PartName>Creating the Initial Iteration Plan</mstns:PartName><mstns:Sequence>3</mstns:Sequence><mstns:isRequired>true</mstns:isRequired><mstns:PartDescription>Look for the "Publish and Refresh" column in the task list. Set the value "Do Not Publish" for the iteration task.</mstns:PartDescription></mstns:Part><mstns:Part PartType="Step"><mstns:PartName>Step 4</mstns:PartName><mstns:Sequence>4</mstns:Sequence><mstns:isRequired>true</mstns:isRequired><mstns:PartDescription>In Visual Studio Team System, be sure that any scenario or quality of service requirement work items scheduled for the iteration have the "Exit Criteria" flag set to "Yes."</mstns:PartDescription></mstns:Part><mstns:Part PartType="Step"><mstns:PartName>Step 5</mstns:PartName><mstns:Sequence>5</mstns:Sequence><mstns:isRequired>true</mstns:isRequired><mstns:PartDescription>On the Microsoft Project toolbar, click "Get Work Items". From the "Get Work Items" dialog box, choose the "Query" radio button. From the selection list to the right of the radio button, choose the query "Project Checklist."</mstns:PartDescription></mstns:Part><mstns:Part PartType="Step"><mstns:PartName>Step 6</mstns:PartName><mstns:Sequence>6</mstns:Sequence><mstns:isRequired>true</mstns:isRequired><mstns:PartDescription>Press the "run" button. The new work items should appear in the dialog box. Close the "Get Work Items" dialog box by clicking the "OK" button. The work items should be transferred into the project plan.</mstns:PartDescription></mstns:Part><mstns:Part PartType="Step"><mstns:PartName>Step 7</mstns:PartName><mstns:Sequence>7</mstns:Sequence><mstns:isRequired>true</mstns:isRequired><mstns:PartDescription>Select the new work items and press the right arrow button to move them into the iteration.</mstns:PartDescription></mstns:Part><mstns:Part PartType="Step"><mstns:PartName>Step 8</mstns:PartName><mstns:Sequence>8</mstns:Sequence><mstns:isRequired>true</mstns:isRequired><mstns:PartDescription>Select the tasks below the iteration, right-click, and select "Task Information" from the menu. On the "Advanced" tab, change "Task type" to "Fixed Duration" and set "Duration" to the iteration length.</mstns:PartDescription></mstns:Part><mstns:Part PartType="Step"><mstns:PartName>Step 9</mstns:PartName><mstns:Sequence>9</mstns:Sequence><mstns:isRequired>true</mstns:isRequired><mstns:PartDescription>On the File menu, click Save to save the file to the project portal.</mstns:PartDescription></mstns:Part></mstns:Parts><mstns:RACI></mstns:RACI><mstns:Verification></mstns:Verification><mstns:CrossReference></mstns:CrossReference><mstns:When>
            </mstns:When><mstns:Dependencies><mstns:DependencyItem><mstns:DependencyName>
                    </mstns:DependencyName><mstns:DependencyDescription>
                    </mstns:DependencyDescription></mstns:DependencyItem></mstns:Dependencies><mstns:CMMI></mstns:CMMI><mstns:Criteria></mstns:Criteria></mstns:ContentItem><mstns:ContentItem ContentType="HowToProcedure"><mstns:ContentOrder>
            </mstns:ContentOrder><mstns:ContentName>Break down scenarios into tasks in Microsoft Project</mstns:ContentName><mstns:ContentDescription>
            </mstns:ContentDescription><mstns:ContentLink>
            </mstns:ContentLink><mstns:States><mstns:StateItem><mstns:StateName>
                    </mstns:StateName><mstns:StateDescription>
                    </mstns:StateDescription><mstns:Sequence>1</mstns:Sequence><mstns:Transitions></mstns:Transitions></mstns:StateItem></mstns:States><mstns:Parts><mstns:Part PartType="Step"><mstns:PartName>Step 1</mstns:PartName><mstns:Sequence>1</mstns:Sequence><mstns:isRequired>true</mstns:isRequired><mstns:PartDescription>In the task view in Microsoft Project, choose the task below the desired scenario or quality of service requirement that you wish to separate into tasks.</mstns:PartDescription></mstns:Part><mstns:Part PartType="Step"><mstns:PartName>Step 2</mstns:PartName><mstns:Sequence>2</mstns:Sequence><mstns:isRequired>true</mstns:isRequired><mstns:PartDescription>From the Insert menu, click New Task.</mstns:PartDescription></mstns:Part><mstns:Part PartType="Step"><mstns:PartName>Step 3</mstns:PartName><mstns:Sequence>3</mstns:Sequence><mstns:isRequired>true</mstns:isRequired><mstns:PartDescription>Enter the name of the new task in the empty row.</mstns:PartDescription></mstns:Part><mstns:Part PartType="Step"><mstns:PartName>Step 4</mstns:PartName><mstns:Sequence>4</mstns:Sequence><mstns:isRequired>true</mstns:isRequired><mstns:PartDescription>Set the Work Item Type to Task.</mstns:PartDescription></mstns:Part><mstns:Part PartType="Step"><mstns:PartName>Step 5</mstns:PartName><mstns:Sequence>5</mstns:Sequence><mstns:isRequired>true</mstns:isRequired><mstns:PartDescription>Set the name of the task owner in the Assigned To field.</mstns:PartDescription></mstns:Part><mstns:Part PartType="Step"><mstns:PartName>Step 6</mstns:PartName><mstns:Sequence>6</mstns:Sequence><mstns:isRequired>true</mstns:isRequired><mstns:PartDescription>While the desired tasks in Iteration 0 selected, right-click and select Task Information. On the Advanced tab, change the Task type to Fixed Duration and set the Duration to the iteration length in days.</mstns:PartDescription></mstns:Part><mstns:Part PartType="Step"><mstns:PartName>Step 7</mstns:PartName><mstns:Sequence>7</mstns:Sequence><mstns:isRequired>true</mstns:isRequired><mstns:PartDescription>On the Work Items menu, click Publish to create the new tasks.</mstns:PartDescription></mstns:Part><mstns:Part PartType="Step"><mstns:PartName>Step 8</mstns:PartName><mstns:Sequence>8</mstns:Sequence><mstns:isRequired>true</mstns:isRequired><mstns:PartDescription>From the File menu, click Save to save the Project Plan.</mstns:PartDescription></mstns:Part></mstns:Parts><mstns:RACI></mstns:RACI><mstns:Verification></mstns:Verification><mstns:CrossReference></mstns:CrossReference><mstns:When>
            </mstns:When><mstns:Dependencies><mstns:DependencyItem><mstns:DependencyName>
                    </mstns:DependencyName><mstns:DependencyDescription>
                    </mstns:DependencyDescription></mstns:DependencyItem></mstns:Dependencies><mstns:CMMI></mstns:CMMI><mstns:Criteria></mstns:Criteria></mstns:ContentItem><mstns:ContentItem ContentType="HowTo"><mstns:ContentOrder>0</mstns:ContentOrder><mstns:ContentName>How to: Get started with MSF</mstns:ContentName><mstns:ContentDescription>
                <div xmlns="http://www.w3.org/1999/xhtml">The easiest way to start understanding MSF is by understanding the goals or workstreams associated with your role. These workstreams form the set of activities that guide you in your interactions with the rest of the team and help you become an advocate for your constituency. The step by step activities, work items, work products, and reports provided for each workstream help you understand the tools that are at your disposal. Once you understand these tools, explore the roles that you will be collaborating with. However, the first step is to get started. Start by selecting the role page that you spend the majority of time performing. Make this page your starting page until you become more familiar with the entire process.</div>
            </mstns:ContentDescription><mstns:ContentLink>
            </mstns:ContentLink><mstns:States></mstns:States><mstns:Parts><mstns:Part PartType="Step"><mstns:PartName>To configure a start page</mstns:PartName><mstns:Sequence>1</mstns:Sequence><mstns:isRequired>true</mstns:isRequired><mstns:PartDescription>
                    </mstns:PartDescription></mstns:Part><mstns:Part PartType="Step"><mstns:PartName>To create the first iteration in Microsoft Project</mstns:PartName><mstns:Sequence>2</mstns:Sequence><mstns:isRequired>true</mstns:isRequired><mstns:PartDescription>
                    </mstns:PartDescription></mstns:Part></mstns:Parts><mstns:RACI><mstns:RACIItem RACIType="Responsible"><mstns:RoleName>Business Analyst</mstns:RoleName><mstns:RACIDescription>
                    </mstns:RACIDescription></mstns:RACIItem><mstns:RACIItem RACIType="Responsible"><mstns:RoleName>Project Manager</mstns:RoleName><mstns:RACIDescription>
                    </mstns:RACIDescription></mstns:RACIItem><mstns:RACIItem RACIType="Responsible"><mstns:RoleName>Architect</mstns:RoleName><mstns:RACIDescription>
                    </mstns:RACIDescription></mstns:RACIItem><mstns:RACIItem RACIType="Responsible"><mstns:RoleName>Developer</mstns:RoleName><mstns:RACIDescription>
                    </mstns:RACIDescription></mstns:RACIItem><mstns:RACIItem RACIType="Responsible"><mstns:RoleName>Tester</mstns:RoleName><mstns:RACIDescription>
                    </mstns:RACIDescription></mstns:RACIItem><mstns:RACIItem RACIType="Responsible"><mstns:RoleName>Release Manager</mstns:RoleName><mstns:RACIDescription>
                    </mstns:RACIDescription></mstns:RACIItem></mstns:RACI><mstns:Verification></mstns:Verification><mstns:CrossReference></mstns:CrossReference><mstns:When>
            </mstns:When><mstns:Dependencies></mstns:Dependencies><mstns:CMMI></mstns:CMMI><mstns:Criteria></mstns:Criteria></mstns:ContentItem><mstns:ContentItem ContentType="HowToProcedure"><mstns:ContentOrder>1</mstns:ContentOrder><mstns:ContentName>To configure a start page</mstns:ContentName><mstns:ContentDescription>
            </mstns:ContentDescription><mstns:ContentLink>
            </mstns:ContentLink><mstns:States><mstns:StateItem><mstns:StateName>
                    </mstns:StateName><mstns:StateDescription>
                    </mstns:StateDescription><mstns:Sequence>
                    </mstns:Sequence><mstns:Transitions></mstns:Transitions></mstns:StateItem></mstns:States><mstns:Parts><mstns:Part PartType="Step"><mstns:PartName>Navigate to the roles page</mstns:PartName><mstns:Sequence>1</mstns:Sequence><mstns:isRequired>true</mstns:isRequired><mstns:PartDescription>Click the "roles" tab which is the second tab from the left on top of the page content.</mstns:PartDescription></mstns:Part><mstns:Part PartType="Step"><mstns:PartName>Select the best fitting role</mstns:PartName><mstns:Sequence>2</mstns:Sequence><mstns:isRequired>true</mstns:isRequired><mstns:PartDescription>Select a role from the list of roles on the tabs on the left hand side of the content window.</mstns:PartDescription></mstns:Part><mstns:Part PartType="Step"><mstns:PartName>Check the role as your start page</mstns:PartName><mstns:Sequence>3</mstns:Sequence><mstns:isRequired>true</mstns:isRequired><mstns:PartDescription>In the top right hand corner, find the phrase "Set as Start page". Click on the checkbox to the left of the text to make this you start page.</mstns:PartDescription></mstns:Part></mstns:Parts><mstns:RACI><mstns:RACIItem RACIType="Responsible"><mstns:RoleName>Business Analyst</mstns:RoleName><mstns:RACIDescription>
                    </mstns:RACIDescription></mstns:RACIItem><mstns:RACIItem RACIType="Responsible"><mstns:RoleName>Project Manager</mstns:RoleName><mstns:RACIDescription>
                    </mstns:RACIDescription></mstns:RACIItem></mstns:RACI><mstns:Verification></mstns:Verification><mstns:CrossReference></mstns:CrossReference><mstns:When>
            </mstns:When><mstns:Dependencies><mstns:DependencyItem><mstns:DependencyName>
                    </mstns:DependencyName><mstns:DependencyDescription>
                    </mstns:DependencyDescription></mstns:DependencyItem></mstns:Dependencies><mstns:CMMI></mstns:CMMI><mstns:Criteria></mstns:Criteria></mstns:ContentItem></mstns:Content><mstns:NavStructure><mstns:Menu><mstns:MenuName>
            </mstns:MenuName><mstns:MenuItem><mstns:MenuItemName>
                </mstns:MenuItemName><mstns:MenuItemTransform>
                </mstns:MenuItemTransform><mstns:MenuItemDescription>
                </mstns:MenuItemDescription></mstns:MenuItem></mstns:Menu><mstns:ImageMenu></mstns:ImageMenu><mstns:BulletMenu><mstns:MenuName>
            </mstns:MenuName><mstns:MenuItem><mstns:MenuItemName>
                </mstns:MenuItemName><mstns:MenuItemTransform>
                </mstns:MenuItemTransform><mstns:MenuBulletImage>
                </mstns:MenuBulletImage><mstns:MenuItemDescription>
                </mstns:MenuItemDescription></mstns:MenuItem></mstns:BulletMenu></mstns:NavStructure><mstns:Glossary><mstns:GlossaryName>Glossary</mstns:GlossaryName><mstns:GlossaryItem><mstns:Term>
            </mstns:Term><mstns:Definition>
            </mstns:Definition><mstns:Reference>
            </mstns:Reference></mstns:GlossaryItem></mstns:Glossary><mstns:HelpContextMap><mstns:MapItem><mstns:Keyword>
            </mstns:Keyword><mstns:Context>
            </mstns:Context><mstns:ContentName>
            </mstns:ContentName></mstns:MapItem></mstns:HelpContextMap><mstns:Index><mstns:IndexItem><mstns:Keyword>
            </mstns:Keyword><mstns:ContentName>
            </mstns:ContentName></mstns:IndexItem></mstns:Index></mstns:ProcessGuidance>