<?xml version="1.0" encoding="UTF-8"?><?mso-infoPathSolution PIVersion="1.0.0.0" language="en-us" name="urn:schemas-microsoft-com:office:infopath:template2:http---tempuri-org-XMLSchema-xsd" solutionVersion="1.0.0.157" productVersion="11.0.6565" ?><?mso-application progid="InfoPath.Document"?><mstns:ProcessGuidance xmlns:mstns="http://tempuri.org/XMLSchema.xsd" xmlns:xsi="http://www.w3.org/2001/XMLSchema-instance" xmlns:xhtml="http://www.w3.org/1999/xhtml" xmlns:my="http://schemas.microsoft.com/office/infopath/2003/myXSD/2004-10-13T22:49:49" xmlns:xd="http://schemas.microsoft.com/office/infopath/2003"><mstns:Content><mstns:ContentItem ContentType="Workstream"><mstns:ContentOrder>1</mstns:ContentOrder><mstns:ContentName>Implement a Development Task</mstns:ContentName><mstns:ContentDescription>
                <font xmlns="http://www.w3.org/1999/xhtml">
                    <div>A development task is a small piece of development work that stems from a quality of service requirement or scenario. Implementing a development task involves adding the appropriate new functionality to the architectural form of the system. Once the development task has been completed, it must be unit tested, reviewed, code analyzed, integrated, and checked into the existing code base. The scenario or quality of service requirement is then passed on to test.</div>
                </font>
            </mstns:ContentDescription><mstns:ContentLink>
            </mstns:ContentLink><mstns:Parts><mstns:Part PartType="Step"><mstns:PartName>Cost a Development Task</mstns:PartName><mstns:Sequence>1</mstns:Sequence><mstns:isRequired>true</mstns:isRequired><mstns:PartDescription>Estimate task length.</mstns:PartDescription><mstns:PartDescription>Balance load. </mstns:PartDescription><mstns:PartDescription>Refine the task and define integration points.</mstns:PartDescription></mstns:Part><mstns:Part PartType="Step"><mstns:PartName>Create or Update a Unit Test</mstns:PartName><mstns:Sequence>2</mstns:Sequence><mstns:isRequired>true</mstns:isRequired><mstns:PartDescription>Identify unit test scope.</mstns:PartDescription><mstns:PartDescription>Write or update the test. </mstns:PartDescription><mstns:PartDescription>Validate the unit test.</mstns:PartDescription></mstns:Part><mstns:Part PartType="Step"><mstns:PartName>Write Code for a Development Task</mstns:PartName><mstns:Sequence>3</mstns:Sequence><mstns:isRequired>true</mstns:isRequired><mstns:PartDescription>Select component.</mstns:PartDescription><mstns:PartDescription>Create new classes and methods.</mstns:PartDescription><mstns:PartDescription>Implement method logic.</mstns:PartDescription></mstns:Part><mstns:Part PartType="Step"><mstns:PartName>Perform Code Analysis</mstns:PartName><mstns:Sequence>4</mstns:Sequence><mstns:isRequired>true</mstns:isRequired><mstns:PartDescription>Determine application rules.</mstns:PartDescription><mstns:PartDescription>Stay in zero defect state.</mstns:PartDescription><mstns:PartDescription>Drive down defects by category.</mstns:PartDescription></mstns:Part><mstns:Part PartType="Step"><mstns:PartName>Perform a Unit Test</mstns:PartName><mstns:Sequence>5</mstns:Sequence><mstns:isRequired>true</mstns:isRequired><mstns:PartDescription>Identify unit test from collection.</mstns:PartDescription><mstns:PartDescription>Perform the unit test.</mstns:PartDescription><mstns:PartDescription>Debug code.</mstns:PartDescription></mstns:Part><mstns:Part PartType="Step"><mstns:PartName>Refactor Code</mstns:PartName><mstns:Sequence>6</mstns:Sequence><mstns:isRequired>true</mstns:isRequired><mstns:PartDescription>Identify complexity.</mstns:PartDescription><mstns:PartDescription>Apply refactoring.</mstns:PartDescription><mstns:PartDescription>Perform unit test.</mstns:PartDescription></mstns:Part><mstns:Part PartType="Step"><mstns:PartName>Review Code</mstns:PartName><mstns:Sequence>7</mstns:Sequence><mstns:isRequired>true</mstns:isRequired><mstns:PartDescription>Verify name correctness. </mstns:PartDescription><mstns:PartDescription>Verify code relevance.</mstns:PartDescription><mstns:PartDescription>Verify extensibility.</mstns:PartDescription><mstns:PartDescription>Verify minimum code complexity.</mstns:PartDescription><mstns:PartDescription>Verify algorithmic complexity.</mstns:PartDescription><mstns:PartDescription>Verify secure code.</mstns:PartDescription><mstns:PartDescription>Fix review changes.</mstns:PartDescription></mstns:Part><mstns:Part PartType="Step"><mstns:PartName>Integrate Code Changes</mstns:PartName><mstns:Sequence>8</mstns:Sequence><mstns:isRequired>true</mstns:isRequired><mstns:PartDescription>Check dependencies.</mstns:PartDescription><mstns:PartDescription>Test and integrate with other development tasks.</mstns:PartDescription><mstns:PartDescription>Check in set of changes.</mstns:PartDescription></mstns:Part></mstns:Parts><mstns:RACI><mstns:RACIItem RACIType="Responsible"><mstns:RoleName>Developer</mstns:RoleName><mstns:RACIDescription>Developer</mstns:RACIDescription></mstns:RACIItem></mstns:RACI><mstns:CrossReference><mstns:CrossReferenceItem CrossType="NextStep"><mstns:CrossName>Build a Product</mstns:CrossName><mstns:CrossLink>
                    </mstns:CrossLink><mstns:CrossDescription>
                    </mstns:CrossDescription></mstns:CrossReferenceItem></mstns:CrossReference><mstns:When>
            </mstns:When><mstns:Dependencies><mstns:DependencyItem><mstns:DependencyName>
                    </mstns:DependencyName><mstns:DependencyDescription>The development task is assigned.</mstns:DependencyDescription></mstns:DependencyItem></mstns:Dependencies><mstns:CMMI></mstns:CMMI><mstns:Criteria><mstns:CriteriaItem CriteriaType="Exit"><mstns:CriteriaName>The code coverage for the unit tests meets the test target.</mstns:CriteriaName><mstns:CriteriaDescription>The code coverage for the unit tests meets the test target.</mstns:CriteriaDescription></mstns:CriteriaItem><mstns:CriteriaItem CriteriaType="Exit"><mstns:CriteriaName>The functionality described in the development task is fully implemented.</mstns:CriteriaName><mstns:CriteriaDescription>The functionality described in the development task is fully implemented.</mstns:CriteriaDescription></mstns:CriteriaItem></mstns:Criteria></mstns:ContentItem><mstns:ContentItem ContentType="Activity"><mstns:ContentOrder>
            </mstns:ContentOrder><mstns:ContentName>Cost a Development Task</mstns:ContentName><mstns:ContentDescription>Estimating the cost of development tasks helps scope features, schedule, and prioritize work. The costing of all development tasks should be completed and any issues resolved prior to the iteration planning meeting. If the total cost of the development tasks is more than can be accomplished in an iteration, a task must be deferred or reassigned. After a development task is chosen, it is the responsibility of the developer to cost the task.</mstns:ContentDescription><mstns:ContentLink>
            </mstns:ContentLink><mstns:Parts><mstns:Part PartType="Step"><mstns:PartName>Estimate Based on Experience</mstns:PartName><mstns:Sequence>1</mstns:Sequence><mstns:isRequired>true</mstns:isRequired><mstns:PartDescription>Estimate based on how long it took to complete a similar task.</mstns:PartDescription><mstns:PartDescription>Consider other development tasks for the scenario or quality of service requirement and the integration costs.</mstns:PartDescription><mstns:PartDescription>Factor in the cost of writing unit tests.</mstns:PartDescription></mstns:Part><mstns:Part PartType="Step"><mstns:PartName>Balance Load</mstns:PartName><mstns:Sequence>2</mstns:Sequence><mstns:isRequired>true</mstns:isRequired><mstns:PartDescription>If the estimate creates more work than can be accomplished in the iteration, work with the project manager to load balance the task or move to another iteration.</mstns:PartDescription></mstns:Part><mstns:Part PartType="Step"><mstns:PartName>Refine the Task</mstns:PartName><mstns:Sequence>3</mstns:Sequence><mstns:isRequired>true</mstns:isRequired><mstns:PartDescription>Examine the development task in the context of the other development tasks for any parts of the scenario or quality of service requirement that are not yet covered by a development task. Create new development tasks to cover these areas.</mstns:PartDescription><mstns:PartDescription>Assign these new tasks to the appropriate developers.</mstns:PartDescription><mstns:PartDescription>Work with the project manager to add new development tasks to the iteration plan.</mstns:PartDescription></mstns:Part><mstns:Part PartType="Step"><mstns:PartName>Define the Integration Points</mstns:PartName><mstns:Sequence>4</mstns:Sequence><mstns:isRequired>true</mstns:isRequired><mstns:PartDescription>Work with the other development team members to establish a clear understanding of how this functionality will integrate with other functionality.</mstns:PartDescription></mstns:Part></mstns:Parts><mstns:RACI><mstns:RACIItem RACIType="Responsible"><mstns:RoleName>Developer</mstns:RoleName><mstns:RACIDescription>Developer</mstns:RACIDescription></mstns:RACIItem></mstns:RACI><mstns:CrossReference><mstns:CrossReferenceItem CrossType="Cycles"><mstns:CrossName>Iteration</mstns:CrossName><mstns:CrossLink>
                    </mstns:CrossLink><mstns:CrossDescription>
                    </mstns:CrossDescription></mstns:CrossReferenceItem><mstns:CrossReferenceItem CrossType="Tracks"><mstns:CrossName>Build</mstns:CrossName><mstns:CrossLink>
                    </mstns:CrossLink><mstns:CrossDescription>
                    </mstns:CrossDescription></mstns:CrossReferenceItem><mstns:CrossReferenceItem CrossType="WorkItem"><mstns:CrossName>Task</mstns:CrossName><mstns:CrossLink>
                    </mstns:CrossLink><mstns:CrossDescription>Active</mstns:CrossDescription></mstns:CrossReferenceItem><mstns:CrossReferenceItem CrossType="NextStep"><mstns:CrossName>Create or Update a Unit Test</mstns:CrossName><mstns:CrossLink>
                    </mstns:CrossLink><mstns:CrossDescription>Create or Update a Unit Test</mstns:CrossDescription></mstns:CrossReferenceItem><mstns:CrossReferenceItem CrossType="NextStep"><mstns:CrossName>Write Code for a Development Task</mstns:CrossName><mstns:CrossLink>
                    </mstns:CrossLink><mstns:CrossDescription>Write Code for a Development Task</mstns:CrossDescription></mstns:CrossReferenceItem></mstns:CrossReference><mstns:When>
            </mstns:When><mstns:Dependencies><mstns:DependencyItem><mstns:DependencyName>
                    </mstns:DependencyName><mstns:DependencyDescription>The development task is chosen and assigned.</mstns:DependencyDescription></mstns:DependencyItem><mstns:DependencyItem><mstns:DependencyName>
                    </mstns:DependencyName><mstns:DependencyDescription>The system and application diagrams have been updated as necessary to reflect the architecture for the new scenario or quality of service requirement.</mstns:DependencyDescription></mstns:DependencyItem></mstns:Dependencies><mstns:CMMI></mstns:CMMI><mstns:Criteria><mstns:CriteriaItem CriteriaType="Exit"><mstns:CriteriaName>All development tasks for the iteration have a development cost</mstns:CriteriaName><mstns:CriteriaDescription>All development tasks for the iteration have a development cost.</mstns:CriteriaDescription></mstns:CriteriaItem></mstns:Criteria></mstns:ContentItem><mstns:ContentItem ContentType="Activity"><mstns:ContentOrder>
            </mstns:ContentOrder><mstns:ContentName>Write Code for a Development Task</mstns:ContentName><mstns:ContentDescription>
                <span xmlns="http://www.w3.org/1999/xhtml">To write code for a development task, identify the area where the change should occur, then write unit tests to validate the code, review and fix the written code, and finally integrate the code into the version control server. Additional steps may include debugging, refactoring, and shelving the code. After the code is written, reviews are necessary to ensure the quality of the code conforms to established practices and requirements. The code must not cause harmful side-effects to other parts of the application.</span>
            </mstns:ContentDescription><mstns:ContentLink>
            </mstns:ContentLink><mstns:Parts><mstns:Part PartType="Step"><mstns:PartName>Select Code Component</mstns:PartName><mstns:Sequence>1</mstns:Sequence><mstns:isRequired>true</mstns:isRequired><mstns:PartDescription>Map the task to the component where the functionality is located.</mstns:PartDescription><mstns:PartDescription>If this is a new component, select it in the application diagram. </mstns:PartDescription><mstns:PartDescription>Choose to implement the functionality from the component to create a map.</mstns:PartDescription></mstns:Part><mstns:Part PartType="Step"><mstns:PartName>Create New Classes or Methods</mstns:PartName><mstns:Sequence>2</mstns:Sequence><mstns:isRequired>true</mstns:isRequired><mstns:PartDescription>From the class diagram, create the classes necessary to implement the functionality.</mstns:PartDescription><mstns:PartDescription>Create new methods and name them appropriately. Make sure the method name and the abstraction are consistent.</mstns:PartDescription></mstns:Part><mstns:Part PartType="Step"><mstns:PartName>Implement Method Logic</mstns:PartName><mstns:Sequence>3</mstns:Sequence><mstns:isRequired>true</mstns:isRequired><mstns:PartDescription>Check out existing classes that need to be changed.</mstns:PartDescription><mstns:PartDescription>Add or change the code to implement the functionality in each of the new methods.</mstns:PartDescription><mstns:PartDescription>Change logic in existing methods where appropriate. When writing the code, keep security and performance requirements in mind. </mstns:PartDescription><mstns:PartDescription>Look for the best data structures and algorithms to implement the solution.</mstns:PartDescription><mstns:PartDescription>If an unfamiliar area is found, look for coding examples that implement a similar solution. Use these examples as a basis, rework them, and fit them into the appropriate class and method structure.</mstns:PartDescription></mstns:Part></mstns:Parts><mstns:RACI><mstns:RACIItem RACIType="Responsible"><mstns:RoleName>Developer</mstns:RoleName><mstns:RACIDescription>Developer</mstns:RACIDescription></mstns:RACIItem></mstns:RACI><mstns:Verification></mstns:Verification><mstns:CrossReference><mstns:CrossReferenceItem CrossType="Cycles"><mstns:CrossName>Check In</mstns:CrossName><mstns:CrossLink>
                    </mstns:CrossLink><mstns:CrossDescription>
                    </mstns:CrossDescription></mstns:CrossReferenceItem><mstns:CrossReferenceItem CrossType="Tracks"><mstns:CrossName>Build</mstns:CrossName><mstns:CrossLink>
                    </mstns:CrossLink><mstns:CrossDescription>
                    </mstns:CrossDescription></mstns:CrossReferenceItem><mstns:CrossReferenceItem CrossType="WorkProduct-VS"><mstns:CrossName>Code</mstns:CrossName><mstns:CrossLink>
                    </mstns:CrossLink><mstns:CrossDescription>
                    </mstns:CrossDescription></mstns:CrossReferenceItem><mstns:CrossReferenceItem CrossType="WorkProduct-VS"><mstns:CrossName>Class Diagram</mstns:CrossName><mstns:CrossLink>
                    </mstns:CrossLink><mstns:CrossDescription>
                    </mstns:CrossDescription></mstns:CrossReferenceItem><mstns:CrossReferenceItem CrossType="NextStep"><mstns:CrossName>Create or Update a Unit Test</mstns:CrossName><mstns:CrossLink>
                    </mstns:CrossLink><mstns:CrossDescription>Create or Update a Unit Test</mstns:CrossDescription></mstns:CrossReferenceItem><mstns:CrossReferenceItem CrossType="NextStep"><mstns:CrossName>Perform a Unit Test</mstns:CrossName><mstns:CrossLink>
                    </mstns:CrossLink><mstns:CrossDescription>Perform a Unit Test</mstns:CrossDescription></mstns:CrossReferenceItem><mstns:CrossReferenceItem CrossType="NextStep"><mstns:CrossName>Perform Code Analysis</mstns:CrossName><mstns:CrossLink>
                    </mstns:CrossLink><mstns:CrossDescription>Perform Code Analysis</mstns:CrossDescription></mstns:CrossReferenceItem><mstns:CrossReferenceItem CrossType="SeeAlso">
									<mstns:CrossName>Gathering Performance Data</mstns:CrossName>
									<mstns:CrossLink>http://go.microsoft.com/fwlink/?LinkId=66428</mstns:CrossLink>
									<mstns:CrossDescription></mstns:CrossDescription>
								</mstns:CrossReferenceItem><mstns:CrossReferenceItem CrossType="PatternPractices"><mstns:CrossName>Performance Checklist</mstns:CrossName><mstns:CrossLink>http://go.microsoft.com/fwlink/?LinkId=46232</mstns:CrossLink><mstns:CrossDescription>
                    </mstns:CrossDescription></mstns:CrossReferenceItem><mstns:CrossReferenceItem CrossType="PatternPractices"><mstns:CrossName>Security Checklist</mstns:CrossName><mstns:CrossLink>http://go.microsoft.com/fwlink/?LinkId=46233</mstns:CrossLink><mstns:CrossDescription>
                    </mstns:CrossDescription></mstns:CrossReferenceItem></mstns:CrossReference><mstns:When>
            </mstns:When><mstns:Dependencies><mstns:DependencyItem><mstns:DependencyName>
                    </mstns:DependencyName><mstns:DependencyDescription>A development task derived from a scenario or quality of service requirement is identified and costed. </mstns:DependencyDescription></mstns:DependencyItem><mstns:DependencyItem><mstns:DependencyName>
                    </mstns:DependencyName><mstns:DependencyDescription>The system and application diagrams have been updated as necessary to reflect the architecture for the new scenario or quality of service requirement.</mstns:DependencyDescription></mstns:DependencyItem><mstns:DependencyItem><mstns:DependencyName>
                    </mstns:DependencyName><mstns:DependencyDescription>The latest version of the source code is loaded.</mstns:DependencyDescription></mstns:DependencyItem><mstns:DependencyItem><mstns:DependencyName>
                    </mstns:DependencyName><mstns:DependencyDescription>The development task is scheduled for the current iteration.</mstns:DependencyDescription></mstns:DependencyItem><mstns:DependencyItem><mstns:DependencyName>
                    </mstns:DependencyName><mstns:DependencyDescription>If test driven development is used, a unit test for the task is created.</mstns:DependencyDescription></mstns:DependencyItem></mstns:Dependencies><mstns:CMMI></mstns:CMMI><mstns:Criteria><mstns:CriteriaItem CriteriaType="Exit"><mstns:CriteriaName>The code for the development task is complete.</mstns:CriteriaName><mstns:CriteriaDescription>The code for the development task is complete.</mstns:CriteriaDescription></mstns:CriteriaItem><mstns:CriteriaItem CriteriaType="Exit"><mstns:CriteriaName>Check Class Diagrams</mstns:CriteriaName><mstns:CriteriaLink>
                    </mstns:CriteriaLink><mstns:CriteriaDescription>
                        <span xmlns="http://www.w3.org/1999/xhtml">Any new methods are consistent with the classes that they populate.</span>
                    </mstns:CriteriaDescription><mstns:WorkProductName>
                    </mstns:WorkProductName></mstns:CriteriaItem></mstns:Criteria></mstns:ContentItem><mstns:ContentItem ContentType="Activity"><mstns:ContentOrder>
            </mstns:ContentOrder><mstns:ContentName>Perform Code Analysis</mstns:ContentName><mstns:ContentDescription>Code analysis is the process of checking native or .NET managed code against development guidelines. For .NET managed code, code analysis checks whether .NET managed code assemblies conform to the Microsoft .NET Framework Design Guidelines. The automated support inspects assemblies for more than 200 defects in naming conventions, library design, localization, security, and performance. The goal of code analysis for new code bases is to stay in a zero defect state. For existing code bases with large number of rule warnings, the goal is to drive down the warnings by category.</mstns:ContentDescription><mstns:ContentLink>
            </mstns:ContentLink><mstns:Parts><mstns:Part PartType="Step"><mstns:PartName>Determine Applicable Rules</mstns:PartName><mstns:Sequence>1</mstns:Sequence><mstns:isRequired>true</mstns:isRequired><mstns:PartDescription>Find the applicable rules for the type of application.</mstns:PartDescription><mstns:PartDescription>Consult the Microsoft .NET Framework Design Guidelines to understand which rules apply or use the appropriate setup file for automated checking.</mstns:PartDescription></mstns:Part><mstns:Part PartType="Step"><mstns:PartName>Stay in Zero Defect State</mstns:PartName><mstns:Sequence>2</mstns:Sequence><mstns:isRequired>true</mstns:isRequired><mstns:PartDescription>Check code for rule conformity.</mstns:PartDescription><mstns:PartDescription>Fix any deviations or warnings, build, and run unit tests. If any changes break a unit test, debug and fix the code so the unit test runs successfully.</mstns:PartDescription><mstns:PartDescription>Apply one rule at a time or fix one warning at a time if manual. Repeat until all of the rules are checked or all warnings are gone.</mstns:PartDescription></mstns:Part><mstns:Part PartType="Step"><mstns:PartName>Drive Down Defects by Category</mstns:PartName><mstns:Sequence>3</mstns:Sequence><mstns:isRequired>true</mstns:isRequired><mstns:PartDescription>For existing code bases with a large number of conformity issues, establish an issue baseline. If automation is used, determine the number of warnings in the existing code base.</mstns:PartDescription><mstns:PartDescription>Pick a category of rules or warnings for the project. Communicate this category to the development team. The goal is to drive out any rule violations and not to add any new violations to the baseline.</mstns:PartDescription><mstns:PartDescription>When changing the code for a development tasks, eliminate conformity issues in the area. Apply the category over the area that is being changed as part of the development task. Fix any conformity issues in this area.</mstns:PartDescription><mstns:PartDescription>Complete tasks to stay in zero defect state.</mstns:PartDescription></mstns:Part></mstns:Parts><mstns:RACI><mstns:RACIItem RACIType="Responsible"><mstns:RoleName>Developer</mstns:RoleName><mstns:RACIDescription>Developer</mstns:RACIDescription></mstns:RACIItem></mstns:RACI><mstns:Verification></mstns:Verification><mstns:CrossReference><mstns:CrossReferenceItem CrossType="Cycles"><mstns:CrossName>Check In</mstns:CrossName><mstns:CrossLink>
                    </mstns:CrossLink><mstns:CrossDescription>
                    </mstns:CrossDescription></mstns:CrossReferenceItem><mstns:CrossReferenceItem CrossType="Tracks"><mstns:CrossName>Build</mstns:CrossName><mstns:CrossLink>
                    </mstns:CrossLink><mstns:CrossDescription>
                    </mstns:CrossDescription></mstns:CrossReferenceItem><mstns:CrossReferenceItem CrossType="WorkProduct-VS"><mstns:CrossName>Code</mstns:CrossName><mstns:CrossLink>
                    </mstns:CrossLink><mstns:CrossDescription>
                    </mstns:CrossDescription></mstns:CrossReferenceItem><mstns:CrossReferenceItem CrossType="NextStep"><mstns:CrossName>Perform a Unit Test</mstns:CrossName><mstns:CrossLink>
                    </mstns:CrossLink><mstns:CrossDescription>Perform a Unit Test</mstns:CrossDescription></mstns:CrossReferenceItem><mstns:CrossReferenceItem CrossType="NextStep"><mstns:CrossName>Review Code</mstns:CrossName><mstns:CrossLink>
                    </mstns:CrossLink><mstns:CrossDescription>Review Code</mstns:CrossDescription></mstns:CrossReferenceItem><mstns:CrossReferenceItem CrossType="SeeAlso"><mstns:CrossName>
                    </mstns:CrossName><mstns:CrossLink>ms-help://MS.VSCC.v80/dv_commoner/local/redirect.htm?keyword='22b99f49-1924-4fb5-a421-c8b23e5d5cd4'</mstns:CrossLink><mstns:CrossDescription>
                    </mstns:CrossDescription></mstns:CrossReferenceItem><mstns:CrossReferenceItem CrossType="SeeAlso"><mstns:CrossName>
                    </mstns:CrossName><mstns:CrossLink>ms-help://MS.VSCC.v80/dv_commoner/local/redirect.htm?keyword='eaee55b8-85fe-47c7-a489-9be0c46ae8af'</mstns:CrossLink><mstns:CrossDescription>
                    </mstns:CrossDescription></mstns:CrossReferenceItem></mstns:CrossReference><mstns:When>
            </mstns:When><mstns:Dependencies><mstns:DependencyItem><mstns:DependencyName>
                    </mstns:DependencyName><mstns:DependencyDescription>Unit tests are written to reflect the functionality called for in the development task.</mstns:DependencyDescription></mstns:DependencyItem></mstns:Dependencies><mstns:CMMI></mstns:CMMI><mstns:Criteria><mstns:CriteriaItem CriteriaType="Entry"><mstns:CriteriaName>A development task is assigned and coded.</mstns:CriteriaName><mstns:CriteriaDescription>A development task is assigned and coded.</mstns:CriteriaDescription><mstns:WorkProductName>
                    </mstns:WorkProductName></mstns:CriteriaItem><mstns:CriteriaItem CriteriaType="Exit"><mstns:CriteriaName>The code is reviewed to satisfy the design and coding standards.</mstns:CriteriaName><mstns:CriteriaDescription>The code is reviewed to satisfy the design and coding standards.</mstns:CriteriaDescription></mstns:CriteriaItem></mstns:Criteria></mstns:ContentItem></mstns:Content><mstns:NavStructure><mstns:Menu><mstns:MenuName>
            </mstns:MenuName><mstns:MenuItem><mstns:MenuItemName>
                </mstns:MenuItemName><mstns:MenuItemTransform>
                </mstns:MenuItemTransform><mstns:MenuItemDescription>
                </mstns:MenuItemDescription></mstns:MenuItem></mstns:Menu><mstns:ImageMenu></mstns:ImageMenu><mstns:BulletMenu><mstns:MenuName>
            </mstns:MenuName><mstns:MenuItem><mstns:MenuItemName>
                </mstns:MenuItemName><mstns:MenuItemTransform>
                </mstns:MenuItemTransform><mstns:MenuBulletImage>
                </mstns:MenuBulletImage><mstns:MenuItemDescription>
                </mstns:MenuItemDescription></mstns:MenuItem></mstns:BulletMenu></mstns:NavStructure><mstns:Glossary><mstns:GlossaryName>Glossary</mstns:GlossaryName><mstns:GlossaryItem><mstns:Term>
            </mstns:Term><mstns:Definition>
            </mstns:Definition><mstns:Reference>
            </mstns:Reference></mstns:GlossaryItem></mstns:Glossary><mstns:HelpContextMap><mstns:MapItem><mstns:Keyword>
            </mstns:Keyword><mstns:Context>
            </mstns:Context><mstns:ContentName>
            </mstns:ContentName></mstns:MapItem></mstns:HelpContextMap><mstns:Index><mstns:IndexItem><mstns:Keyword>
            </mstns:Keyword><mstns:ContentName>
            </mstns:ContentName></mstns:IndexItem></mstns:Index></mstns:ProcessGuidance>