<?xml version="1.0" encoding="UTF-8"?><?mso-infoPathSolution PIVersion="1.0.0.0" language="en-us" name="urn:schemas-microsoft-com:office:infopath:template2:http---tempuri-org-XMLSchema-xsd" productVersion="11.0.8034" solutionVersion="1.0.0.157" ?><?mso-application progid="InfoPath.Document"?><mstns:ProcessGuidance xmlns:mstns="http://tempuri.org/XMLSchema.xsd" xmlns:xsi="http://www.w3.org/2001/XMLSchema-instance" xmlns:xhtml="http://www.w3.org/1999/xhtml" xmlns:my="http://schemas.microsoft.com/office/infopath/2003/myXSD/2004-10-13T22:49:49" xmlns:xd="http://schemas.microsoft.com/office/infopath/2003"><mstns:Content><mstns:ContentItem ContentType="Workstream"><mstns:ContentOrder>1</mstns:ContentOrder><mstns:ContentName>Implement a Database Development Task</mstns:ContentName><mstns:ContentDescription><font xmlns="http://www.w3.org/1999/xhtml">
<div>A database development task is a small piece of development work that stems from a quality of service requirement or scenario. Implementing a database development task involves adding the appropriate new functionality to the system. Once the database development task has been completed, it must be unit tested, reviewed, integrated, and checked into the existing code base. The scenario or quality of service requirement is then passed on to test.</div>
<div> </div>
<div>The isolated iterative database development process described here encourages agility in your data tier. This is achieved primarily through the use of an isolated database project and local development database for allowing database updates to be made locally. Most importantly, these changes can be tested in isolation using an automated unit test suite to ensure no regressions have occurred. The database thus goes through a testing loop with every change. As you can see, all changes are always immediately deployed to your sandbox database and tested there immediately. Only after this has been done will this change be available to be deployed to a production server, thus mitigating the risks of unmanaged database changes. At the same time, agility is achieved through tight collaboration with the application development team. Through the use of development tasks, team members can efficiently collaborate to achieve their shared development goals.</div></font></mstns:ContentDescription><mstns:ContentLink>
            </mstns:ContentLink><mstns:Parts><mstns:Part PartType="Step"><mstns:PartName>Cost a Database Development Task</mstns:PartName><mstns:Sequence>1</mstns:Sequence><mstns:isRequired>true</mstns:isRequired><mstns:PartDescription>Review assigned task.</mstns:PartDescription><mstns:PartDescription>Refine the task.</mstns:PartDescription><mstns:PartDescription>Estimate based on experience.</mstns:PartDescription><mstns:PartDescription>Balance load. </mstns:PartDescription><mstns:PartDescription>Define the integration points.</mstns:PartDescription></mstns:Part><mstns:Part PartType="Step">
									<mstns:PartName>Update Local Project Environment</mstns:PartName>
									<mstns:Sequence>2</mstns:Sequence>
									<mstns:isRequired>true</mstns:isRequired>
									<mstns:PartDescription>Synchronize database project from source code control to desired version.</mstns:PartDescription>
								<mstns:PartDescription>Determine sandbox server.</mstns:PartDescription><mstns:PartDescription>Build database project.</mstns:PartDescription><mstns:PartDescription>Deploy database project to sandbox server.</mstns:PartDescription></mstns:Part><mstns:Part PartType="Step">
									<mstns:PartName>Write Code for a Database Development Task</mstns:PartName>
									<mstns:Sequence>3</mstns:Sequence>
									<mstns:isRequired>true</mstns:isRequired>
									<mstns:PartDescription>Implement new or update existing schema objects.</mstns:PartDescription>
								<mstns:PartDescription>Build database project.</mstns:PartDescription><mstns:PartDescription>Deploy database project to sandbox server.</mstns:PartDescription></mstns:Part><mstns:Part PartType="Step"><mstns:PartName>Perform a Database Unit Test</mstns:PartName><mstns:Sequence>4</mstns:Sequence><mstns:isRequired>true</mstns:isRequired><mstns:PartDescription>Identify database unit test scope.</mstns:PartDescription><mstns:PartDescription>Create or update associated data generation plan.</mstns:PartDescription><mstns:PartDescription>Write or update a database unit test.</mstns:PartDescription><mstns:PartDescription>Perform the database unit test.</mstns:PartDescription><mstns:PartDescription>Analyze test results.</mstns:PartDescription><mstns:PartDescription>Debug code.</mstns:PartDescription><mstns:PartDescription>Perform application unit tests.</mstns:PartDescription></mstns:Part><mstns:Part PartType="Step">
									<mstns:PartName>Refactor Database Code</mstns:PartName>
									<mstns:Sequence>5</mstns:Sequence>
									<mstns:isRequired>true</mstns:isRequired>
									<mstns:PartDescription>Identify complexity.</mstns:PartDescription>
								<mstns:PartDescription>Apply refactoring.</mstns:PartDescription><mstns:PartDescription>Build database project.</mstns:PartDescription><mstns:PartDescription>Deploy database project to sandbox server.</mstns:PartDescription><mstns:PartDescription>Perform database unit tests.</mstns:PartDescription></mstns:Part><mstns:Part PartType="Step"><mstns:PartName>Review Database Code</mstns:PartName><mstns:Sequence>6</mstns:Sequence><mstns:isRequired>true</mstns:isRequired><mstns:PartDescription>Verify name correctness.</mstns:PartDescription><mstns:PartDescription>Verify code relevance.</mstns:PartDescription><mstns:PartDescription>Verify minimum code complexity.</mstns:PartDescription><mstns:PartDescription>Fix review changes.</mstns:PartDescription><mstns:PartDescription>Build database project.</mstns:PartDescription><mstns:PartDescription>Deploy database project to sandbox server.</mstns:PartDescription><mstns:PartDescription>Perform database unit tests.</mstns:PartDescription></mstns:Part><mstns:Part PartType="Step"><mstns:PartName>Integrate Database Code Changes</mstns:PartName><mstns:Sequence>7</mstns:Sequence><mstns:isRequired>true</mstns:isRequired><mstns:PartDescription>Check dependencies.</mstns:PartDescription><mstns:PartDescription>Build database project.</mstns:PartDescription><mstns:PartDescription>Deploy database project to sandbox server.</mstns:PartDescription><mstns:PartDescription>Test and integrate with other database development tasks.</mstns:PartDescription><mstns:PartDescription>Check in set of changes.</mstns:PartDescription><mstns:PartDescription>Resolve work item.</mstns:PartDescription></mstns:Part></mstns:Parts><mstns:RACI><mstns:RACIItem RACIType="Responsible"><mstns:RoleName>Database Developer</mstns:RoleName><mstns:RACIDescription>Developer</mstns:RACIDescription></mstns:RACIItem></mstns:RACI><mstns:CrossReference><mstns:CrossReferenceItem CrossType="NextStep"><mstns:CrossName>Deploy a Database Project</mstns:CrossName><mstns:CrossLink>
                    </mstns:CrossLink><mstns:CrossDescription>
                    </mstns:CrossDescription></mstns:CrossReferenceItem><mstns:CrossReferenceItem CrossType="WorkProduct-VS">
									<mstns:CrossName>Code</mstns:CrossName>
									<mstns:CrossLink></mstns:CrossLink>
									<mstns:CrossDescription></mstns:CrossDescription>
								</mstns:CrossReferenceItem><mstns:CrossReferenceItem CrossType="WorkProduct-VS">
									<mstns:CrossName>Unit Test</mstns:CrossName>
									<mstns:CrossLink></mstns:CrossLink>
									<mstns:CrossDescription></mstns:CrossDescription>
								</mstns:CrossReferenceItem><mstns:CrossReferenceItem CrossType="WorkProduct-VS">
									<mstns:CrossName>Changeset</mstns:CrossName>
									<mstns:CrossLink></mstns:CrossLink>
									<mstns:CrossDescription></mstns:CrossDescription>
								</mstns:CrossReferenceItem><mstns:CrossReferenceItem CrossType="Tracks">
									<mstns:CrossName>Build</mstns:CrossName>
									<mstns:CrossLink></mstns:CrossLink>
									<mstns:CrossDescription></mstns:CrossDescription>
								</mstns:CrossReferenceItem><mstns:CrossReferenceItem CrossType="WorkItem">
									<mstns:CrossName>Task</mstns:CrossName>
									<mstns:CrossLink></mstns:CrossLink>
									<mstns:CrossDescription></mstns:CrossDescription>
								</mstns:CrossReferenceItem><mstns:CrossReferenceItem CrossType="SeeAlso">
												<mstns:CrossName>Iterative Database Development</mstns:CrossName>
												<mstns:CrossLink>http://go.microsoft.com/fwlink/?LinkId=74430</mstns:CrossLink>
												<mstns:CrossDescription></mstns:CrossDescription>
											</mstns:CrossReferenceItem><mstns:CrossReferenceItem CrossType="SeeAlso">
									<mstns:CrossName>Managing Your Database With the Database Project System</mstns:CrossName>
									<mstns:CrossLink>http://go.microsoft.com/fwlink/?LinkID=74431</mstns:CrossLink>
									<mstns:CrossDescription></mstns:CrossDescription>
								</mstns:CrossReferenceItem><mstns:CrossReferenceItem CrossType="SeeAlso">
									<mstns:CrossName>Database Unit Testing</mstns:CrossName>
									<mstns:CrossLink>http://go.microsoft.com/fwlink/?LinkID=74433</mstns:CrossLink>
									<mstns:CrossDescription></mstns:CrossDescription>
								</mstns:CrossReferenceItem></mstns:CrossReference><mstns:When>
            </mstns:When><mstns:Dependencies/><mstns:CMMI></mstns:CMMI><mstns:Criteria><mstns:CriteriaItem CriteriaType="Entry"><mstns:CriteriaName>Database Project Created</mstns:CriteriaName><mstns:CriteriaDescription>The database project is created.</mstns:CriteriaDescription></mstns:CriteriaItem><mstns:CriteriaItem CriteriaType="Entry">
									<mstns:CriteriaName>Database Development Task Created</mstns:CriteriaName>
									<mstns:CriteriaLink></mstns:CriteriaLink>
									<mstns:CriteriaDescription>The database development task is created from a requirement work item.</mstns:CriteriaDescription>
									<mstns:WorkProductName></mstns:WorkProductName>
								</mstns:CriteriaItem><mstns:CriteriaItem CriteriaType="Exit"><mstns:CriteriaName>The functionality described in the development task is fully implemented.</mstns:CriteriaName><mstns:CriteriaDescription>The functionality described in the database development task is fully implemented.</mstns:CriteriaDescription></mstns:CriteriaItem></mstns:Criteria></mstns:ContentItem><mstns:ContentItem ContentType="Activity"><mstns:ContentOrder>1</mstns:ContentOrder><mstns:ContentName>Cost a Database Development Task</mstns:ContentName><mstns:ContentDescription>Estimating the cost of database development tasks helps scope features, schedule, and prioritize work. The costing of all development tasks is done during the iteration planning meeting. If the total cost of the development tasks is more than can be accomplished in an iteration, a task must be deferred or reassigned. The tasks are prioritized by the project manager and business analyst and tasks having the lowest priority are deferred. After a database development task is chosen, it is the responsibility of the database developer to cost the task. Before beginning costing of the database development task, it is important for the database developer to review the assigned task to understand its scope and requirements, and discuss the estimation with other database developers. This ensures all team members have the same expectations surrounding the task at hand.</mstns:ContentDescription><mstns:ContentLink>
            </mstns:ContentLink><mstns:Parts><mstns:Part PartType="Step">
									<mstns:PartName>Review Assigned Task</mstns:PartName>
									<mstns:Sequence>1</mstns:Sequence>
									<mstns:isRequired>true</mstns:isRequired>
									<mstns:PartDescription>Review work item currently assigned to you associated with this task.</mstns:PartDescription>
								<mstns:PartDescription>Understand the scope and requirements of the task.</mstns:PartDescription><mstns:PartDescription>Get an overview and discuss the requirement with the project manager and business analyst.</mstns:PartDescription></mstns:Part><mstns:Part PartType="Step"><mstns:PartName>Refine the Task</mstns:PartName><mstns:Sequence>2</mstns:Sequence><mstns:isRequired>true</mstns:isRequired><mstns:PartDescription>Examine the development task in the context of the other development tasks for any parts of the scenario or quality of service requirement that are not yet covered by a development task. Create new development tasks to cover these areas.</mstns:PartDescription><mstns:PartDescription>Work with the project manager to add new development tasks to the iteration plan.</mstns:PartDescription></mstns:Part><mstns:Part PartType="Step"><mstns:PartName>Estimate Based on Experience</mstns:PartName><mstns:Sequence>3</mstns:Sequence><mstns:isRequired>true</mstns:isRequired><mstns:PartDescription>Estimate based on how long it took to complete a similar task.</mstns:PartDescription><mstns:PartDescription>Consider other development tasks for the scenario or quality of service requirement and the integration costs.</mstns:PartDescription><mstns:PartDescription>Factor in the cost of writing database unit tests.</mstns:PartDescription><mstns:PartDescription>Factor in risk associated with the development task based on existing unit test coverage.</mstns:PartDescription></mstns:Part><mstns:Part PartType="Step"><mstns:PartName>Balance Load</mstns:PartName><mstns:Sequence>4</mstns:Sequence><mstns:isRequired>true</mstns:isRequired><mstns:PartDescription>The tasks are prioritized by the project manager and business analyst, and tasks having the lowest priority are deferred. If the estimate creates more work than can be accomplished in the iteration, work with the project manager to properly prioritize and load balance the tasks for the iteration.</mstns:PartDescription></mstns:Part><mstns:Part PartType="Step">
									<mstns:PartName>Define the Integration Points</mstns:PartName>
									<mstns:Sequence>5</mstns:Sequence>
									<mstns:isRequired>true</mstns:isRequired>
									<mstns:PartDescription>Work with the other development team members to establish a clear understanding of how this functionality will integrate with other functionality.</mstns:PartDescription>
								</mstns:Part></mstns:Parts><mstns:RACI><mstns:RACIItem RACIType="Responsible"><mstns:RoleName>Database Developer</mstns:RoleName><mstns:RACIDescription>Developer</mstns:RACIDescription></mstns:RACIItem><mstns:RACIItem RACIType="Consulted">
									<mstns:RoleName>Project Manager</mstns:RoleName>
									<mstns:RACIDescription></mstns:RACIDescription>
								</mstns:RACIItem><mstns:RACIItem RACIType="Consulted">
									<mstns:RoleName>Business Analyst</mstns:RoleName>
									<mstns:RACIDescription></mstns:RACIDescription>
								</mstns:RACIItem><mstns:RACIItem RACIType="Informed">
									<mstns:RoleName>Developer</mstns:RoleName>
									<mstns:RACIDescription></mstns:RACIDescription>
								</mstns:RACIItem></mstns:RACI><mstns:CrossReference><mstns:CrossReferenceItem CrossType="Cycles"><mstns:CrossName>Iteration</mstns:CrossName><mstns:CrossLink>
                    </mstns:CrossLink><mstns:CrossDescription>
                    </mstns:CrossDescription></mstns:CrossReferenceItem><mstns:CrossReferenceItem CrossType="Tracks"><mstns:CrossName>Build</mstns:CrossName><mstns:CrossLink>
                    </mstns:CrossLink><mstns:CrossDescription>
                    </mstns:CrossDescription></mstns:CrossReferenceItem><mstns:CrossReferenceItem CrossType="WorkItem"><mstns:CrossName>Task</mstns:CrossName><mstns:CrossLink>
                    </mstns:CrossLink><mstns:CrossDescription>Active</mstns:CrossDescription></mstns:CrossReferenceItem><mstns:CrossReferenceItem CrossType="NextStep"><mstns:CrossName>Update Local Project Environment</mstns:CrossName><mstns:CrossLink>
                    </mstns:CrossLink><mstns:CrossDescription>Update Local Project Environment</mstns:CrossDescription></mstns:CrossReferenceItem></mstns:CrossReference><mstns:When>
            </mstns:When><mstns:Dependencies/><mstns:CMMI></mstns:CMMI><mstns:Criteria><mstns:CriteriaItem CriteriaType="Entry">
									<mstns:CriteriaName>Database Development Task Created</mstns:CriteriaName>
									<mstns:CriteriaLink></mstns:CriteriaLink>
									<mstns:CriteriaDescription>The database development task is created from a requirement work item.</mstns:CriteriaDescription>
									<mstns:WorkProductName></mstns:WorkProductName>
								</mstns:CriteriaItem><mstns:CriteriaItem CriteriaType="Exit"><mstns:CriteriaName>All database development tasks have know cost</mstns:CriteriaName><mstns:CriteriaDescription>All database development tasks for the iteration have a development cost.</mstns:CriteriaDescription></mstns:CriteriaItem></mstns:Criteria></mstns:ContentItem><mstns:ContentItem ContentType="Activity">
										<mstns:ContentOrder>2</mstns:ContentOrder>
										<mstns:ContentName>Update Local Project Environment</mstns:ContentName>
										<mstns:ContentDescription>Before beginning work on the development task, the developer must appropriately setup the local database project environment. This involves first syncing from the source control system the desired version of the project. Then the database project must be built and deployed to a sandbox server. This serves as a local isolated environment that the developer can use in order to test each and every modification made to the database project prior to checking it back into the source control system and eventually being deployed.</mstns:ContentDescription>
										<mstns:ContentLink></mstns:ContentLink>
										<mstns:States>
											
										</mstns:States>
										<mstns:Parts>
											<mstns:Part PartType="Step">
												<mstns:PartName>Synchronize Database Project From Source Code Control to Desired Version</mstns:PartName>
												<mstns:Sequence>1</mstns:Sequence>
												<mstns:isRequired>true</mstns:isRequired>
												<mstns:PartDescription>Identify the appropriate version of the database project to be synchronized.</mstns:PartDescription>
											<mstns:PartDescription>Synchronize the database project to this desired version from the source control system.</mstns:PartDescription></mstns:Part>
										<mstns:Part PartType="Step">
									<mstns:PartName>Determine Sandbox Server</mstns:PartName>
									<mstns:Sequence>2</mstns:Sequence>
									<mstns:isRequired>true</mstns:isRequired>
									<mstns:PartDescription>You must identify which database server will serve as your sandbox server.</mstns:PartDescription>
								<mstns:PartDescription>You can choose to use a local instance of SQL Server on your computer as the sandbox server. This will allow you to iteratively deploy database changes to an isolated environment only used by yourself.</mstns:PartDescription><mstns:PartDescription>You can alternatively choose to use a shared computer running SQL Server as your sandbox server, but with a database unique to you on that server. This allows you to use a shared server, while still having an isolated environment for testing your database changes separate from other database developers.</mstns:PartDescription><mstns:PartDescription>Either configuration is appropriate as long as the chosen sandbox database is unique to you and not shared by other database developers.</mstns:PartDescription></mstns:Part><mstns:Part PartType="Step">
									<mstns:PartName>Build Database Project</mstns:PartName>
									<mstns:Sequence>3</mstns:Sequence>
									<mstns:isRequired>true</mstns:isRequired>
									<mstns:PartDescription>Ensure database project build settings are appropriately configured to target your sandbox server.</mstns:PartDescription>
								<mstns:PartDescription>Build the database project.</mstns:PartDescription><mstns:PartDescription>Review and fix any build errors identified.</mstns:PartDescription></mstns:Part><mstns:Part PartType="Step">
									<mstns:PartName>Deploy Database Project to Sandbox Server</mstns:PartName>
									<mstns:Sequence>4</mstns:Sequence>
									<mstns:isRequired>true</mstns:isRequired>
									<mstns:PartDescription>Deploy database project to sandbox server.</mstns:PartDescription>
								<mstns:PartDescription>Ensure deployment is successful by browsing deployed database.</mstns:PartDescription></mstns:Part></mstns:Parts>
										<mstns:RACI>
											<mstns:RACIItem RACIType="Responsible">
												<mstns:RoleName>Database Developer</mstns:RoleName>
												<mstns:RACIDescription></mstns:RACIDescription>
											</mstns:RACIItem>
										</mstns:RACI>
										<mstns:Verification>
											
										</mstns:Verification>
										<mstns:CrossReference>
											<mstns:CrossReferenceItem CrossType="NextStep">
												<mstns:CrossName>Write Code for a Database Development Task</mstns:CrossName>
												<mstns:CrossLink></mstns:CrossLink>
												<mstns:CrossDescription></mstns:CrossDescription>
											</mstns:CrossReferenceItem>
										<mstns:CrossReferenceItem CrossType="Tracks">
									<mstns:CrossName>Build</mstns:CrossName>
									<mstns:CrossLink></mstns:CrossLink>
									<mstns:CrossDescription></mstns:CrossDescription>
								</mstns:CrossReferenceItem><mstns:CrossReferenceItem CrossType="Cycles">
									<mstns:CrossName>Iteration</mstns:CrossName>
									<mstns:CrossLink></mstns:CrossLink>
									<mstns:CrossDescription></mstns:CrossDescription>
								</mstns:CrossReferenceItem></mstns:CrossReference>
										<mstns:When></mstns:When>
										<mstns:Dependencies>
											
										</mstns:Dependencies>
										<mstns:CMMI>
											
										</mstns:CMMI>
										<mstns:Criteria>
											<mstns:CriteriaItem CriteriaType="Entry"><mstns:CriteriaName>Database Project Environment</mstns:CriteriaName><mstns:CriteriaDescription>The database project environment is established.</mstns:CriteriaDescription></mstns:CriteriaItem>
										<mstns:CriteriaItem CriteriaType="Exit">
									<mstns:CriteriaName>Local Project Environment Established</mstns:CriteriaName>
									<mstns:CriteriaLink></mstns:CriteriaLink>
									<mstns:CriteriaDescription>The database for the project is established.</mstns:CriteriaDescription>
									<mstns:WorkProductName></mstns:WorkProductName>
								</mstns:CriteriaItem></mstns:Criteria>
									</mstns:ContentItem><mstns:ContentItem ContentType="Activity"><mstns:ContentOrder>3</mstns:ContentOrder><mstns:ContentName>Write Code for a Database Development Task</mstns:ContentName><mstns:ContentDescription><span xmlns="http://www.w3.org/1999/xhtml">The next step is to actually write the code associated with the database development task at hand. This may involve updating existing database schema objects or creating new ones. After each set of changes is made, the changes should be iteratively deployed to the sandbox server for testing.</span></mstns:ContentDescription><mstns:ContentLink>
            </mstns:ContentLink><mstns:Parts><mstns:Part PartType="Step"><mstns:PartName>Implement New or Update Existing Schema Objects</mstns:PartName><mstns:Sequence>1</mstns:Sequence><mstns:isRequired>true</mstns:isRequired><mstns:PartDescription>Add new schema objects if necessary.</mstns:PartDescription><mstns:PartDescription>Implement new schema objects.</mstns:PartDescription><mstns:PartDescription>Check out existing objects that need to be changed.</mstns:PartDescription><mstns:PartDescription>Update existing schema objects if necessary.</mstns:PartDescription></mstns:Part><mstns:Part PartType="Step"><mstns:PartName>Build Database Project</mstns:PartName><mstns:Sequence>2</mstns:Sequence><mstns:isRequired>true</mstns:isRequired><mstns:PartDescription>Build the database project.</mstns:PartDescription><mstns:PartDescription>Review and fix any build errors identified.</mstns:PartDescription></mstns:Part><mstns:Part PartType="Step"><mstns:PartName>Deploy Database Project to Sandbox Server</mstns:PartName><mstns:Sequence>3</mstns:Sequence><mstns:isRequired>true</mstns:isRequired><mstns:PartDescription>Deploy database project to sandbox server.</mstns:PartDescription><mstns:PartDescription>Ensure deployment is successful by browsing deployed database.</mstns:PartDescription></mstns:Part></mstns:Parts><mstns:RACI><mstns:RACIItem RACIType="Responsible"><mstns:RoleName>Database Developer</mstns:RoleName><mstns:RACIDescription>Developer</mstns:RACIDescription></mstns:RACIItem></mstns:RACI><mstns:Verification></mstns:Verification><mstns:CrossReference><mstns:CrossReferenceItem CrossType="Cycles"><mstns:CrossName>Check In</mstns:CrossName><mstns:CrossLink>
                    </mstns:CrossLink><mstns:CrossDescription>
                    </mstns:CrossDescription></mstns:CrossReferenceItem><mstns:CrossReferenceItem CrossType="Cycles">
									<mstns:CrossName>Iteration</mstns:CrossName>
									<mstns:CrossLink></mstns:CrossLink>
									<mstns:CrossDescription></mstns:CrossDescription>
								</mstns:CrossReferenceItem><mstns:CrossReferenceItem CrossType="Tracks"><mstns:CrossName>Build</mstns:CrossName><mstns:CrossLink>
                    </mstns:CrossLink><mstns:CrossDescription>
                    </mstns:CrossDescription></mstns:CrossReferenceItem><mstns:CrossReferenceItem CrossType="WorkProduct-VS"><mstns:CrossName>Code</mstns:CrossName><mstns:CrossLink>
                    </mstns:CrossLink><mstns:CrossDescription>
                    </mstns:CrossDescription></mstns:CrossReferenceItem><mstns:CrossReferenceItem CrossType="NextStep"><mstns:CrossName>Perform a Database Unit Test</mstns:CrossName><mstns:CrossLink>
                    </mstns:CrossLink><mstns:CrossDescription>Perform a Database Unit Test</mstns:CrossDescription></mstns:CrossReferenceItem></mstns:CrossReference><mstns:When>
            </mstns:When><mstns:Dependencies><mstns:DependencyItem><mstns:DependencyName>
                    </mstns:DependencyName><mstns:DependencyDescription></mstns:DependencyDescription></mstns:DependencyItem></mstns:Dependencies><mstns:CMMI></mstns:CMMI><mstns:Criteria><mstns:CriteriaItem CriteriaType="Entry">
												<mstns:CriteriaName>Task Reviewed</mstns:CriteriaName>
												<mstns:CriteriaLink></mstns:CriteriaLink>
												<mstns:CriteriaDescription>The database development task is reviewed. The developer understands the scope and requirements of the task.</mstns:CriteriaDescription>
												<mstns:WorkProductName></mstns:WorkProductName>
											</mstns:CriteriaItem><mstns:CriteriaItem CriteriaType="Exit"><mstns:CriteriaName>Code for database development task complete</mstns:CriteriaName><mstns:CriteriaDescription>The code for the database development task is complete.</mstns:CriteriaDescription></mstns:CriteriaItem></mstns:Criteria></mstns:ContentItem><mstns:ContentItem ContentType="Activity">
										<mstns:ContentOrder>4</mstns:ContentOrder>
										<mstns:ContentName>Perform a Database Unit Test</mstns:ContentName>
										<mstns:ContentDescription>Unit tests verify the proper implementation of a unit of code. Performing unit tests during development reduces the number of bugs discovered during testing and helps avoid regression bugs when fixing other bugs or adding new features. Unit tests are not functional tests or integration tests and they only test the operation of the code in isolation. Developers must make sure existing unit tests still pass after writing new code. Running test cases occurs throughout the software development process, starting with the earliest functionality and architectural elements and finishing with regressions at the end of the project. There are different types of test cases, each of which has the same process for running and potentially identifying bugs. In database unit testing, a data generation plan must be created or updated prior to authoring unit tests in order to ensure appropriate test data exists in your database.</mstns:ContentDescription>
										<mstns:ContentLink></mstns:ContentLink>
										<mstns:States>
											
										</mstns:States>
										<mstns:Parts>
											<mstns:Part PartType="Step">
												<mstns:PartName>Identify Database Unit Test Scope</mstns:PartName>
												<mstns:Sequence>1</mstns:Sequence>
												<mstns:isRequired>true</mstns:isRequired>
												<mstns:PartDescription>Identify the types of database unit tests to be written. Positive unit tests exercise the code as intended and check for the right result. Negative unit tests intentionally misuse the code and check for robustness and appropriate error handling.</mstns:PartDescription>
											<mstns:PartDescription>Select the number and types of database unit tests needed to appropriately exercise the new or existing schema objects that are being added or modified.</mstns:PartDescription></mstns:Part>
										<mstns:Part PartType="Step">
									<mstns:PartName>Create or Update Associated Data Generation Plan</mstns:PartName>
									<mstns:Sequence>2</mstns:Sequence>
									<mstns:isRequired>true</mstns:isRequired>
									<mstns:PartDescription>Add a new data generation plan to the project if it does not exist.</mstns:PartDescription>
								<mstns:PartDescription>Ensure the data generation plan is configured to generate data for the tables associated with the development task.</mstns:PartDescription><mstns:PartDescription>Appropriately configure generators for any table columns newly included in the data generation plan.</mstns:PartDescription><mstns:PartDescription>Update existing table column generator assignments and properties if the schema has changed.</mstns:PartDescription></mstns:Part><mstns:Part PartType="Step">
									<mstns:PartName>Write or Update a Database Unit Test</mstns:PartName>
									<mstns:Sequence>3</mstns:Sequence>
									<mstns:isRequired>true</mstns:isRequired>
									<mstns:PartDescription>Write new database unit tests to exercise the associated schema objects under test.</mstns:PartDescription>
								<mstns:PartDescription>Update existing database unit test for behavior changes implemented as part of this development task.</mstns:PartDescription></mstns:Part><mstns:Part PartType="Step">
									<mstns:PartName>Perform the Database Unit Test</mstns:PartName>
									<mstns:Sequence>4</mstns:Sequence>
									<mstns:isRequired>true</mstns:isRequired>
									<mstns:PartDescription>Ensure the database unit test execution is configured appropriately.</mstns:PartDescription>
								<mstns:PartDescription>Execute the appropriate database unit tests.</mstns:PartDescription></mstns:Part><mstns:Part PartType="Step">
									<mstns:PartName>Analyze Test Results</mstns:PartName>
									<mstns:Sequence>5</mstns:Sequence>
									<mstns:isRequired>true</mstns:isRequired>
									<mstns:PartDescription>If the test fails because the test was written incorrectly, fix the unit test and run the test on the element under test.</mstns:PartDescription>
								<mstns:PartDescription>If the test fails because the code under test was written incorrectly, fix the code and rerun the test. Do not open a new bug.</mstns:PartDescription></mstns:Part><mstns:Part PartType="Step">
									<mstns:PartName>Debug Code</mstns:PartName>
									<mstns:Sequence>6</mstns:Sequence>
									<mstns:isRequired>true</mstns:isRequired>
									<mstns:PartDescription>Correct problems introduced when writing code for the task.</mstns:PartDescription>
								</mstns:Part><mstns:Part PartType="Step">
									<mstns:PartName>Perform Application Unit Tests</mstns:PartName>
									<mstns:Sequence>7</mstns:Sequence>
									<mstns:isRequired>false</mstns:isRequired>
									<mstns:PartDescription>It is often appropriate to run your application unit tests alongside your database unit tests when performing iterative database development tasks. Because the applications will often do significant data access, changes to the database may adversely affect the application tier if not appropriately accounted for. Running your application tests alongside your database tests ensures these issues are found early and often.</mstns:PartDescription>
								<mstns:PartDescription>Execute application unit test suite.</mstns:PartDescription><mstns:PartDescription>Analyze test results. Assign bugs to application code owners, if appropriate.</mstns:PartDescription><mstns:PartDescription>Debug code on test failure.</mstns:PartDescription></mstns:Part></mstns:Parts>
										<mstns:RACI>
											<mstns:RACIItem RACIType="Responsible">
												<mstns:RoleName>Database Developer</mstns:RoleName>
												<mstns:RACIDescription></mstns:RACIDescription>
											</mstns:RACIItem>
										</mstns:RACI>
										<mstns:Verification>
											
										</mstns:Verification>
										<mstns:CrossReference>
											
										<mstns:CrossReferenceItem CrossType="Tracks">
									<mstns:CrossName>Build</mstns:CrossName>
									<mstns:CrossLink></mstns:CrossLink>
									<mstns:CrossDescription></mstns:CrossDescription>
								</mstns:CrossReferenceItem><mstns:CrossReferenceItem CrossType="Cycles">
									<mstns:CrossName>Iteration</mstns:CrossName>
									<mstns:CrossLink></mstns:CrossLink>
									<mstns:CrossDescription></mstns:CrossDescription>
								</mstns:CrossReferenceItem><mstns:CrossReferenceItem CrossType="NextStep">
									<mstns:CrossName>Refactor Database Code</mstns:CrossName>
									<mstns:CrossLink></mstns:CrossLink>
									<mstns:CrossDescription>Refactor Database Code</mstns:CrossDescription>
								</mstns:CrossReferenceItem><mstns:CrossReferenceItem CrossType="WorkProduct-VS">
									<mstns:CrossName>Unit Test</mstns:CrossName>
									<mstns:CrossLink></mstns:CrossLink>
									<mstns:CrossDescription></mstns:CrossDescription>
								</mstns:CrossReferenceItem><mstns:CrossReferenceItem CrossType="WorkProduct-VS">
									<mstns:CrossName>Code</mstns:CrossName>
									<mstns:CrossLink></mstns:CrossLink>
									<mstns:CrossDescription></mstns:CrossDescription>
								</mstns:CrossReferenceItem></mstns:CrossReference>
										<mstns:When></mstns:When>
										<mstns:Dependencies>
											
										</mstns:Dependencies>
										<mstns:CMMI>
											
										</mstns:CMMI>
										<mstns:Criteria>
											
										<mstns:CriteriaItem CriteriaType="Entry"><mstns:CriteriaName>Code for database development task complete</mstns:CriteriaName><mstns:CriteriaDescription>The code for the database development task is complete.</mstns:CriteriaDescription></mstns:CriteriaItem><mstns:CriteriaItem CriteriaType="Exit">
									<mstns:CriteriaName>Database Unit Tests Complete</mstns:CriteriaName>
									<mstns:CriteriaLink></mstns:CriteriaLink>
									<mstns:CriteriaDescription>Database unit tests are complete and the code is debugged.</mstns:CriteriaDescription>
									<mstns:WorkProductName></mstns:WorkProductName>
								</mstns:CriteriaItem></mstns:Criteria>
									</mstns:ContentItem><mstns:ContentItem ContentType="Activity">
										<mstns:ContentOrder>5</mstns:ContentOrder>
										<mstns:ContentName>Refactor Database Code</mstns:ContentName>
										<mstns:ContentDescription>To refactor code, complete one change at a time and perform unit tests afterward. This approach minimizes potential code breakage. Use automated refactoring whenever possible as the automated processes are less likely to cause functionality to break. Refactoring is a continuous activity that keeps the code base open to change.</mstns:ContentDescription>
										<mstns:ContentLink></mstns:ContentLink>
										<mstns:States>
											
										</mstns:States>
										<mstns:Parts>
											<mstns:Part PartType="Step">
												<mstns:PartName>Identify Complexity</mstns:PartName>
												<mstns:Sequence>1</mstns:Sequence>
												<mstns:isRequired>true</mstns:isRequired>
												<mstns:PartDescription>When functionality is added, look for areas of code that increase architectural complexity.</mstns:PartDescription>
											<mstns:PartDescription>Identify the appropriate refactoring to reduce the complexity while keeping the semantics of the code the same.</mstns:PartDescription><mstns:PartDescription>Identify and run the database unit tests for the area to be refactored.</mstns:PartDescription></mstns:Part>
										<mstns:Part PartType="Step">
									<mstns:PartName>Apply Refactoring</mstns:PartName>
									<mstns:Sequence>2</mstns:Sequence>
									<mstns:isRequired>true</mstns:isRequired>
									<mstns:PartDescription>Apply the refactoring, one at a time. Change the code and all the references to the changed area as necessary.</mstns:PartDescription>
								<mstns:PartDescription>If methods (stored procedures, functions, triggers) are too complex, it may be necessary to break up a method into a set of new methods.</mstns:PartDescription></mstns:Part><mstns:Part PartType="Step">
									<mstns:PartName>Build Database Project</mstns:PartName>
									<mstns:Sequence>3</mstns:Sequence>
									<mstns:isRequired>true</mstns:isRequired>
									<mstns:PartDescription>Build the database project.</mstns:PartDescription>
								<mstns:PartDescription>Review and fix any build errors identified.</mstns:PartDescription></mstns:Part><mstns:Part PartType="Step">
									<mstns:PartName>Deploy Database Project to Sandbox Server</mstns:PartName>
									<mstns:Sequence>4</mstns:Sequence>
									<mstns:isRequired>true</mstns:isRequired>
									<mstns:PartDescription>Deploy database project to sandbox server.</mstns:PartDescription>
								<mstns:PartDescription>Ensure deployment is successful by browsing deployed database.</mstns:PartDescription></mstns:Part><mstns:Part PartType="Step">
									<mstns:PartName>Perform Database Unit Tests</mstns:PartName>
									<mstns:Sequence>5</mstns:Sequence>
									<mstns:isRequired>true</mstns:isRequired>
									<mstns:PartDescription>Perform unit tests so the area remains semantically equivalent after the refactoring.</mstns:PartDescription>
								<mstns:PartDescription>Fix any nonworking unit tests that have not been correctly updated or refactored.</mstns:PartDescription></mstns:Part></mstns:Parts>
										<mstns:RACI>
											<mstns:RACIItem RACIType="Responsible">
												<mstns:RoleName>Database Developer</mstns:RoleName>
												<mstns:RACIDescription></mstns:RACIDescription>
											</mstns:RACIItem>
										</mstns:RACI>
										<mstns:Verification>
											
										</mstns:Verification>
										<mstns:CrossReference>
											
										<mstns:CrossReferenceItem CrossType="Tracks">
									<mstns:CrossName>Build</mstns:CrossName>
									<mstns:CrossLink></mstns:CrossLink>
									<mstns:CrossDescription></mstns:CrossDescription>
								</mstns:CrossReferenceItem><mstns:CrossReferenceItem CrossType="Cycles">
									<mstns:CrossName>Iteration</mstns:CrossName>
									<mstns:CrossLink></mstns:CrossLink>
									<mstns:CrossDescription></mstns:CrossDescription>
								</mstns:CrossReferenceItem><mstns:CrossReferenceItem CrossType="NextStep">
									<mstns:CrossName>Review Database Code</mstns:CrossName>
									<mstns:CrossLink></mstns:CrossLink>
									<mstns:CrossDescription>Review Database Code</mstns:CrossDescription>
								</mstns:CrossReferenceItem><mstns:CrossReferenceItem CrossType="WorkProduct-VS">
									<mstns:CrossName>Code</mstns:CrossName>
									<mstns:CrossLink></mstns:CrossLink>
									<mstns:CrossDescription></mstns:CrossDescription>
								</mstns:CrossReferenceItem></mstns:CrossReference>
										<mstns:When></mstns:When>
										<mstns:Dependencies>
											
										</mstns:Dependencies>
										<mstns:CMMI>
											
										</mstns:CMMI>
										<mstns:Criteria>
											
										<mstns:CriteriaItem CriteriaType="Entry">
									<mstns:CriteriaName>Database Unit Tests Complete</mstns:CriteriaName>
									<mstns:CriteriaLink></mstns:CriteriaLink>
									<mstns:CriteriaDescription>Database unit tests are complete and the code is debugged.</mstns:CriteriaDescription>
									<mstns:WorkProductName></mstns:WorkProductName>
								</mstns:CriteriaItem><mstns:CriteriaItem CriteriaType="Exit">
									<mstns:CriteriaName>Database Code Refactored</mstns:CriteriaName>
									<mstns:CriteriaLink></mstns:CriteriaLink>
									<mstns:CriteriaDescription>The database code is refactored and unit tested.</mstns:CriteriaDescription>
									<mstns:WorkProductName></mstns:WorkProductName>
								</mstns:CriteriaItem></mstns:Criteria>
									</mstns:ContentItem><mstns:ContentItem ContentType="Activity">
										<mstns:ContentOrder>6</mstns:ContentOrder>
										<mstns:ContentName>Review Database Code</mstns:ContentName>
										<mstns:ContentDescription>A code review is used to identify areas that might cause problems for future development and testing. Code reviews also provide additional insight from other developers on how code should be written. With reviewed code, others working in the same area can follow the precedents set by previous developers. Buddy reviews require a single, knowledgeable peer to go through the changes with the developer before checking in the code.</mstns:ContentDescription>
										<mstns:ContentLink></mstns:ContentLink>
										<mstns:States>
											
										</mstns:States>
										<mstns:Parts>
											<mstns:Part PartType="Step">
												<mstns:PartName>Verify Name Correctness</mstns:PartName>
												<mstns:Sequence>1</mstns:Sequence>
												<mstns:isRequired>true</mstns:isRequired>
												<mstns:PartDescription>Make sure the names of the schema objects are properly defined to represent the functionality of the code segment.</mstns:PartDescription>
											</mstns:Part>
										<mstns:Part PartType="Step">
									<mstns:PartName>Verify Code Relevance</mstns:PartName>
									<mstns:Sequence>2</mstns:Sequence>
									<mstns:isRequired>true</mstns:isRequired>
									<mstns:PartDescription>The code being reviewed is relevant to the task for which the code is written. There should be no code changes allowed that do not address the functionality to be implemented or corrected.</mstns:PartDescription>
								</mstns:Part><mstns:Part PartType="Step">
									<mstns:PartName>Verify Minimum Code Complexity</mstns:PartName>
									<mstns:Sequence>3</mstns:Sequence>
									<mstns:isRequired>true</mstns:isRequired>
									<mstns:PartDescription>Repeated code can be simplified into common functions.</mstns:PartDescription>
								</mstns:Part><mstns:Part PartType="Step">
									<mstns:PartName>Fix Review Changes</mstns:PartName>
									<mstns:Sequence>4</mstns:Sequence>
									<mstns:isRequired>true</mstns:isRequired>
									<mstns:PartDescription>Fix any changes that came out of the review.</mstns:PartDescription>
								</mstns:Part><mstns:Part PartType="Step">
									<mstns:PartName>Build Database Project</mstns:PartName>
									<mstns:Sequence>5</mstns:Sequence>
									<mstns:isRequired>true</mstns:isRequired>
									<mstns:PartDescription>Build the database project.</mstns:PartDescription>
								<mstns:PartDescription>Review and fix any build errors identified.</mstns:PartDescription></mstns:Part><mstns:Part PartType="Step">
									<mstns:PartName>Deploy Database Project to Sandbox Server</mstns:PartName>
									<mstns:Sequence>6</mstns:Sequence>
									<mstns:isRequired>true</mstns:isRequired>
									<mstns:PartDescription>Deploy database project to sandbox server.</mstns:PartDescription>
								<mstns:PartDescription>Ensure deployment is successful by browsing deployed database.</mstns:PartDescription></mstns:Part><mstns:Part PartType="Step">
									<mstns:PartName>Perform Database Unit Tests</mstns:PartName>
									<mstns:Sequence>7</mstns:Sequence>
									<mstns:isRequired>true</mstns:isRequired>
									<mstns:PartDescription>Perform unit tests to ensure no regressions were introduced.</mstns:PartDescription>
								<mstns:PartDescription>Fix any nonworking unit tests.</mstns:PartDescription></mstns:Part></mstns:Parts>
										<mstns:RACI>
											<mstns:RACIItem RACIType="Responsible">
												<mstns:RoleName>Database Developer</mstns:RoleName>
												<mstns:RACIDescription></mstns:RACIDescription>
											</mstns:RACIItem>
										</mstns:RACI>
										<mstns:Verification>
											
										</mstns:Verification>
										<mstns:CrossReference>
											
										<mstns:CrossReferenceItem CrossType="Tracks">
									<mstns:CrossName>Build</mstns:CrossName>
									<mstns:CrossLink></mstns:CrossLink>
									<mstns:CrossDescription></mstns:CrossDescription>
								</mstns:CrossReferenceItem><mstns:CrossReferenceItem CrossType="Cycles">
									<mstns:CrossName>Iteration</mstns:CrossName>
									<mstns:CrossLink></mstns:CrossLink>
									<mstns:CrossDescription></mstns:CrossDescription>
								</mstns:CrossReferenceItem><mstns:CrossReferenceItem CrossType="NextStep">
									<mstns:CrossName>Integrate Database Code Changes</mstns:CrossName>
									<mstns:CrossLink></mstns:CrossLink>
									<mstns:CrossDescription>Integrate Code Changes</mstns:CrossDescription>
								</mstns:CrossReferenceItem><mstns:CrossReferenceItem CrossType="WorkProduct-VS">
									<mstns:CrossName>Code</mstns:CrossName>
									<mstns:CrossLink></mstns:CrossLink>
									<mstns:CrossDescription></mstns:CrossDescription>
								</mstns:CrossReferenceItem></mstns:CrossReference>
										<mstns:When></mstns:When>
										<mstns:Dependencies>
											
										</mstns:Dependencies>
										<mstns:CMMI>
											
										</mstns:CMMI>
										<mstns:Criteria>
											
										<mstns:CriteriaItem CriteriaType="Entry">
									<mstns:CriteriaName>Database Unit Tests Complete</mstns:CriteriaName>
									<mstns:CriteriaLink></mstns:CriteriaLink>
									<mstns:CriteriaDescription>Database unit tests are complete and the code is debugged.</mstns:CriteriaDescription>
									<mstns:WorkProductName></mstns:WorkProductName>
								</mstns:CriteriaItem><mstns:CriteriaItem CriteriaType="Exit">
									<mstns:CriteriaName>Database Code Reviewed</mstns:CriteriaName>
									<mstns:CriteriaLink></mstns:CriteriaLink>
									<mstns:CriteriaDescription>The database code is reviewed, fixed, deployed to the local server, and unit tested.</mstns:CriteriaDescription>
									<mstns:WorkProductName></mstns:WorkProductName>
								</mstns:CriteriaItem></mstns:Criteria>
									</mstns:ContentItem><mstns:ContentItem ContentType="Activity">
										<mstns:ContentOrder>7</mstns:ContentOrder>
										<mstns:ContentName>Integrate Database Code Changes</mstns:ContentName>
										<mstns:ContentDescription>To provide a stable and coherent application, code integration should be organized. Code that is integrated in small sets of changes, each representing a development task or bug, maintains a level of verifiable stability. This makes it easier to ascertain and isolate a potential problem. The status of the scenario or quality of service requirement is set to Resolved and the work item is assigned to a tester.</mstns:ContentDescription>
										<mstns:ContentLink></mstns:ContentLink>
										<mstns:States>
											
										</mstns:States>
										<mstns:Parts>
											
										<mstns:Part PartType="Step">
												<mstns:PartName>Check Dependencies</mstns:PartName>
												<mstns:Sequence>1</mstns:Sequence>
												<mstns:isRequired>true</mstns:isRequired>
												<mstns:PartDescription>If the task depends on any other tasks that have not been checked in, wait until those development tasks have been integrated.</mstns:PartDescription>
											<mstns:PartDescription>If the development task is mutually dependent on another, shelve one of the tasks and retrieve it on the same computer as the other task. Handle the two tasks as a single development task but check in the work against both tasks.</mstns:PartDescription><mstns:PartDescription>Synchronize with the latest versions of the code for the area in which the code changed.</mstns:PartDescription></mstns:Part><mstns:Part PartType="Step">
									<mstns:PartName>Build Database Project</mstns:PartName>
									<mstns:Sequence>2</mstns:Sequence>
									<mstns:isRequired>true</mstns:isRequired>
									<mstns:PartDescription>Build the database project.</mstns:PartDescription>
								<mstns:PartDescription>Review and fix any build errors identified.</mstns:PartDescription></mstns:Part><mstns:Part PartType="Step">
									<mstns:PartName>Deploy Database Project to Sandbox Server</mstns:PartName>
									<mstns:Sequence>3</mstns:Sequence>
									<mstns:isRequired>true</mstns:isRequired>
									<mstns:PartDescription>Deploy database project to sandbox server.</mstns:PartDescription>
								<mstns:PartDescription>Ensure deployment is successful by browsing deployed database.</mstns:PartDescription></mstns:Part><mstns:Part PartType="Step">
									<mstns:PartName>Test and Integrate With Other Database Development Tasks</mstns:PartName>
									<mstns:Sequence>4</mstns:Sequence>
									<mstns:isRequired>true</mstns:isRequired>
									<mstns:PartDescription>Test to be sure the fix for the bug or the part of the scenario or quality of service requirement works with related changes already integrated.</mstns:PartDescription>
								<mstns:PartDescription>Run the database unit tests to be sure that the set of changes is compatible with those already integrated.</mstns:PartDescription><mstns:PartDescription>Run the application unit tests to ensure that the integrated changes have not caused any regressions in the application tier.</mstns:PartDescription><mstns:PartDescription>Debug the integration if necessary and run unit tests.</mstns:PartDescription></mstns:Part><mstns:Part PartType="Step">
									<mstns:PartName>Check In Set of Changes</mstns:PartName>
									<mstns:Sequence>5</mstns:Sequence>
									<mstns:isRequired>true</mstns:isRequired>
									
								<mstns:PartDescription>Check in the code changes and the unit tests with the bug or development task. Associate the shelveset with the work item if it is only partially fixed or completed. Otherwise, resolve the bug or development task. This creates a new changeset linked to the work item.</mstns:PartDescription><mstns:PartDescription>Set the next build number in the "integrated in" field for a bug or development task. If you are working in a continuous integration environment, using the next build number will not work in some scenarios. Add the build number after the build is done. If you are in a weekly build environment, use the next build number. Revise the build number only if the weekly build fails.</mstns:PartDescription></mstns:Part><mstns:Part PartType="Step">
									<mstns:PartName>Resolve Work Item</mstns:PartName>
									<mstns:Sequence>6</mstns:Sequence>
									<mstns:isRequired>true</mstns:isRequired>
									
								<mstns:PartDescription>Set the associated work item to Resolved and assign the scenario to one of the testers who created the test cases for the work item. Reassign the tester as the new task work item owner.</mstns:PartDescription></mstns:Part></mstns:Parts>
										<mstns:RACI>
											<mstns:RACIItem RACIType="Responsible">
												<mstns:RoleName>Database Developer</mstns:RoleName>
												<mstns:RACIDescription></mstns:RACIDescription>
											</mstns:RACIItem>
										</mstns:RACI>
										<mstns:Verification>
											
										</mstns:Verification>
										<mstns:CrossReference>
											
										<mstns:CrossReferenceItem CrossType="Tracks">
									<mstns:CrossName>Build</mstns:CrossName>
									<mstns:CrossLink></mstns:CrossLink>
									<mstns:CrossDescription></mstns:CrossDescription>
								</mstns:CrossReferenceItem><mstns:CrossReferenceItem CrossType="Cycles">
									<mstns:CrossName>Iteration</mstns:CrossName>
									<mstns:CrossLink></mstns:CrossLink>
									<mstns:CrossDescription></mstns:CrossDescription>
								</mstns:CrossReferenceItem><mstns:CrossReferenceItem CrossType="WorkItem">
									<mstns:CrossName>Task</mstns:CrossName>
									<mstns:CrossLink></mstns:CrossLink>
									<mstns:CrossDescription></mstns:CrossDescription>
								</mstns:CrossReferenceItem><mstns:CrossReferenceItem CrossType="WorkProduct-VS">
									<mstns:CrossName>Code</mstns:CrossName>
									<mstns:CrossLink></mstns:CrossLink>
									<mstns:CrossDescription></mstns:CrossDescription>
								</mstns:CrossReferenceItem><mstns:CrossReferenceItem CrossType="WorkProduct-VS">
									<mstns:CrossName>Changeset</mstns:CrossName>
									<mstns:CrossLink></mstns:CrossLink>
									<mstns:CrossDescription></mstns:CrossDescription>
								</mstns:CrossReferenceItem></mstns:CrossReference>
										<mstns:When></mstns:When>
										<mstns:Dependencies>
											
										</mstns:Dependencies>
										<mstns:CMMI>
											
										</mstns:CMMI>
										<mstns:Criteria>
											
										<mstns:CriteriaItem CriteriaType="Entry">
									<mstns:CriteriaName>Database Code Reviewed</mstns:CriteriaName>
									<mstns:CriteriaLink></mstns:CriteriaLink>
									<mstns:CriteriaDescription>The database code is reviewed, fixed, deployed to the local server, and unit tested.</mstns:CriteriaDescription>
									<mstns:WorkProductName></mstns:WorkProductName>
								</mstns:CriteriaItem><mstns:CriteriaItem CriteriaType="Exit"><mstns:CriteriaName>The functionality described in the development task is fully implemented.</mstns:CriteriaName><mstns:CriteriaDescription>The functionality described in the database development task is fully implemented.</mstns:CriteriaDescription></mstns:CriteriaItem></mstns:Criteria>
									</mstns:ContentItem></mstns:Content><mstns:NavStructure><mstns:Menu><mstns:MenuName>
            </mstns:MenuName><mstns:MenuItem><mstns:MenuItemName>
                </mstns:MenuItemName><mstns:MenuItemTransform>
                </mstns:MenuItemTransform><mstns:MenuItemDescription>
                </mstns:MenuItemDescription></mstns:MenuItem></mstns:Menu><mstns:ImageMenu></mstns:ImageMenu><mstns:BulletMenu><mstns:MenuName>
            </mstns:MenuName><mstns:MenuItem><mstns:MenuItemName>
                </mstns:MenuItemName><mstns:MenuItemTransform>
                </mstns:MenuItemTransform><mstns:MenuBulletImage>
                </mstns:MenuBulletImage><mstns:MenuItemDescription>
                </mstns:MenuItemDescription></mstns:MenuItem></mstns:BulletMenu></mstns:NavStructure><mstns:Glossary><mstns:GlossaryName>Glossary</mstns:GlossaryName><mstns:GlossaryItem><mstns:Term>
            </mstns:Term><mstns:Definition>
            </mstns:Definition><mstns:Reference>
            </mstns:Reference></mstns:GlossaryItem></mstns:Glossary><mstns:HelpContextMap><mstns:MapItem><mstns:Keyword>
            </mstns:Keyword><mstns:Context>
            </mstns:Context><mstns:ContentName>
            </mstns:ContentName></mstns:MapItem></mstns:HelpContextMap><mstns:Index><mstns:IndexItem><mstns:Keyword>
            </mstns:Keyword><mstns:ContentName>
            </mstns:ContentName></mstns:IndexItem></mstns:Index></mstns:ProcessGuidance>