<?xml version="1.0" encoding="UTF-8"?>
<?mso-infoPathSolution solutionVersion="1.0.0.4" productVersion="11.0.6357" PIVersion="1.0.0.0" href="template.xsn" name="urn:schemas-microsoft-com:office:infopath:Nav:" ?><?mso-application progid="InfoPath.Document"?>
<Tabs xmlns:xsi="http://www.w3.org/2001/XMLSchema-instance" xmlns:my="http://schemas.microsoft.com/office/infopath/2003/myXSD/2004-12-02T08:17:46" xmlns:xd="http://schemas.microsoft.com/office/infopath/2003" xml:lang="en-us">
	<TabItem Type='DefaultTab'>
		<TabName>Overview</TabName>
		<SideMenu>
			<!--	DefaultTabSelection means that the SideMenuItem will be the default
					selection when the Parent Tab is clicked. -->
			<SideMenuItem Type="DefaultTabSelection">
				<SideMenuName>Concepts</SideMenuName>
				<!--	DefaultDocID means that when the SideMenuItem is clicked (or 
						selected by clicking the Tab) this DocID will be loaded -->
				<DocIDItem Type="DefaultDocID">
					<DocID>Concepts</DocID>
					<Xform>Concepts.xsl</Xform>
				</DocIDItem>
				<!--	RegularDocID means that if this docID is loaded, select the 
						parent SideMenu and Tab in the HTML -->
				<!-- <DocIDItem Type="RegularDocID"></DocIDItem> -->
			</SideMenuItem>
			<!--	MenuItem means that this SideMenuItem is just a SideMenuItem-->
			<SideMenuItem Type="MenuItem">
				<SideMenuName>Cycles and Iterations</SideMenuName>
				<DocIDItem Type="DefaultDocID">
					<DocID>Iterations</DocID>
					<Xform>Iterations.xsl</Xform>
				</DocIDItem>
			</SideMenuItem>
			<SideMenuItem Type="MenuItem">
				<SideMenuName>Governance</SideMenuName>
				<DocIDItem Type="DefaultDocID">
					<DocID>Governance</DocID>
					<Xform>Governance.xsl</Xform>
				</DocIDItem>
			</SideMenuItem>
			<SideMenuItem Type="MenuItem">
				<SideMenuName>Team Model</SideMenuName>
				<DocIDItem Type="DefaultDocID">
					<DocID>Team Model</DocID>
					<Xform>TeamModel.xsl</Xform>
				</DocIDItem>
			</SideMenuItem>
			<SideMenuItem Type="MenuItem">
				<SideMenuName>Principles</SideMenuName>
				<DocIDItem Type="DefaultDocID">
					<DocID>Principles</DocID>
					<Xform>Principles.xsl</Xform>
				</DocIDItem>
			</SideMenuItem>
			<SideMenuItem Type="MenuItem">
				<SideMenuName>Mindsets</SideMenuName>
				<DocIDItem Type="DefaultDocID">
					<DocID>Mindsets</DocID>
					<Xform>Mindsets.xsl</Xform>
				</DocIDItem>
			</SideMenuItem>
			<SideMenuItem Type="MenuItem">
				<SideMenuName>Innovations</SideMenuName>
				<DocIDItem Type="DefaultDocID">
					<DocID>Innovations</DocID>
					<Xform>Innovations.xsl</Xform>
				</DocIDItem>
			</SideMenuItem>
			<SideMenuItem Type="MenuItem">
				<SideMenuName>Getting Started</SideMenuName>
				<DocIDItem Type="DefaultDocID">
					<DocID>Getting Started</DocID>
					<Xform>GettingStarted.xsl</Xform>
				</DocIDItem>
			</SideMenuItem>
		</SideMenu>
	</TabItem>
	<TabItem Type='Normal'>
		<TabName>Roles</TabName>
		<SideMenu>	
			<SideMenuItem Type="DefaultTabSelection"><!--Type="MenuItem">-->
				<SideMenuName>About Roles</SideMenuName>
				<DocIDItem Type="DefaultDocID">
					<DocID>About Roles</DocID>
					<Xform>AboutRoles.xsl</Xform>

				</DocIDItem>
			</SideMenuItem>
			<SideMenuItem ItemType="Query" Type="MenuItem">
				<SideMenuName>//mstns:ContentItem[@ContentType='Role']/mstns:ContentName</SideMenuName>
				<Xform>RolesLeft-Agile.XSL</Xform>
				<Pivot>
					<PivotItem ItemType='FormatNav' Type='Default'>
						<PivotItemName>About $DocID</PivotItemName>
						<PivotItemXform>RolesOverviewRight.XSL</PivotItemXform>
					</PivotItem>
					<PivotItem ItemType='Query' Type='Normal'>
						<Query>//mstns:ContentItem[@ContentType='Workstream']/mstns:RACI/mstns:RACIItem[mstns:RoleName=$DocID]/../../mstns:ContentName</Query>
						<QueryDefault>//mstns:ContentItem[@ContentType='Workstream'][mstns:ContentOrder='1']/mstns:RACI/mstns:RACIItem[mstns:RoleName=$DocID]/../../mstns:ContentName</QueryDefault>
						<PivotItemXform>RolesRight.xsl</PivotItemXform>
					</PivotItem>
					<PivotItem ItemType='Nav' Type='Normal'>
						<PivotItemName>Show All</PivotItemName>
						<PivotItemXform>RolesRightAll.XSL</PivotItemXform>
					</PivotItem>
				</Pivot>
				<ShareSideMenuItem>
					<Query Type="QueryLoc">//mstns:ContentItem[@ContentType='Workstream'][mstns:ContentName=$DocID]/mstns:RACI/mstns:RACIItem/mstns:RoleName</Query>
					<Xform>WorkStream.xsl</Xform>
					<DocIDLoc>//mstns:ContentItem[@ContentType='Workstream']/mstns:ContentName</DocIDLoc>

				</ShareSideMenuItem>
				<ShareSideMenuItem>
					<Query Type="QueryLoc">//mstns:ContentItem[@ContentType='Activity'][mstns:ContentName=$DocID]/mstns:RACI/mstns:RACIItem/mstns:RoleName</Query>
					<Xform>WorkStream.xsl</Xform>
					<DocIDLoc>//mstns:ContentItem[@ContentType='Activity']/mstns:ContentName</DocIDLoc>

				</ShareSideMenuItem>
				<ShareSideMenuItem>
					<Query Type="QueryLoc">//mstns:ContentItem[@ContentType='WorkProduct'][mstns:ContentName=$DocID]/mstns:RACI/mstns:RACIItem/mstns:RoleName</Query>
					<!--WorkProduct[mstns:WorkProductName=$DocID]/mstns:RoleName-->					
					<Xform>wproduct_template_page.xsl</Xform>
					<DocIDLoc>//mstns:ContentItem[@ContentType='WorkProduct']/mstns:ContentName</DocIDLoc>

				</ShareSideMenuItem>
				<ShareSideMenuItem>
					<Query Type="QueryLoc">//mstns:ContentItem[@ContentType='Query'][mstns:ContentName=$DocID]/mstns:RACI/mstns:RACIItem/mstns:RoleName</Query>
					<Xform>Foo.xsl</Xform>
				</ShareSideMenuItem>
			</SideMenuItem>
		</SideMenu>
	</TabItem>
	<TabItem Type='Normal'>
		<TabName>Work&amp;nbsp;Items</TabName>
		<SideMenu>
			<SideMenuItem Type="DefaultTabSelection">
				<SideMenuName>About Work Items</SideMenuName>
				<DocIDItem Type="DefaultDocID">
					<DocID>About Work Items</DocID>
					<Xform>AboutWorkItems.XSL</Xform>
				</DocIDItem>
			</SideMenuItem>
			<SideMenuItem ItemType="Query" Type="MenuItem">
				<SideMenuName>//mstns:ContentItem[@ContentType='WorkItem']/mstns:ContentName</SideMenuName>
				<Xform>WILeft.XSL</Xform>
				<Pivot>
					<PivotItem ItemType='Nav' Type='Default'>
						<PivotItemName>Overview</PivotItemName>
						<PivotItemXform>WIRight-Overview.XSL</PivotItemXform>
					</PivotItem>
					<!--  This doesn't work because of JScript -->
					<PivotItem ItemType='Query' Type='Normal'>
						<Query>//mstns:ContentItem[@ContentType='HowToWI']/mstns:CrossReference/mstns:CrossReferenceItem[@CrossType='WorkItem'][mstns:CrossName=$DocID]/../../mstns:ContentName</Query>
						<QueryDefault>//mstns:ContentItem[@ContentType='HowToWI']/mstns:CrossReference/mstns:CrossReferenceItem[@CrossType='WorkItem'][mstns:CrossName=$DocID]/../../mstns:ContentName</QueryDefault>
						<PivotItemXform>HowTo.xsl</PivotItemXform>
					</PivotItem>
					<!-- -->
					<PivotItem ItemType='Nav' Type='Normal'>
						<PivotItemName>States and Transitions</PivotItemName>
						<PivotItemXform>WIRight-States.XSL</PivotItemXform>
					</PivotItem>
					<!--
					<PivotItem ItemType='Nav' Type='Normal'>
						<PivotItemName>Transitions</PivotItemName>
						<PivotItemXform>WIRight-Transitions.XSL</PivotItemXform>
					</PivotItem>
					-->
					<PivotItem ItemType='Nav' Type='Normal'>
						<PivotItemName>Fields</PivotItemName>
						<PivotItemXform>WIRight-Fields.XSL</PivotItemXform>
					</PivotItem>
					<PivotItem ItemType='Nav' Type='Normal'>
						<PivotItemName>Activities</PivotItemName>
						<PivotItemXform>WIRight-scenario-activities.XSL</PivotItemXform>
					</PivotItem>
					<PivotItem ItemType='Nav' Type='Normal'>
						<PivotItemName>Work Streams</PivotItemName>
						<PivotItemXform>WIRight-scenario-ws.XSL</PivotItemXform>
					</PivotItem>
				</Pivot>
			</SideMenuItem>
		</SideMenu>
	</TabItem>
	<TabItem Type='Normal'>
		<TabName>Views</TabName>
		<SideMenu>
			<SideMenuItem Type="DefaultTabSelection">
				<SideMenuName>About Views</SideMenuName>
				<DocIDItem Type="DefaultDocID">
					<DocID>About Views</DocID>
					<Xform>AboutViews.xsl</Xform>
				</DocIDItem>
			</SideMenuItem>
			<SideMenuItem Type="MenuItem">
				<SideMenuName>Disciplines</SideMenuName>
				<DocIDItem Type="DefaultDocID">
					<DocID>Disciplines</DocID>
					<Xform>DisciplinesLeft.xsl</Xform>
					<Pivot>
						<PivotItem ItemType='Nav' Type='Default'>
							<PivotItemName>About Disciplines</PivotItemName>
							<PivotItemXform>ViewsOverviewRight.XSL</PivotItemXform>
						</PivotItem>
						<PivotItem ItemType='Query' Type='Normal'>
							<Query>//mstns:ContentItem[@ContentType='Disciplines']/mstns:ContentName</Query>
							<QueryDefault>//mstns:ContentItem[@ContentType='Disciplines'][mstns:ContentOrder='1']/mstns:ContentName</QueryDefault>
							<PivotItemXform>ViewsRight.XSL</PivotItemXform>
						</PivotItem>
						<PivotItem ItemType="Query" Type="Normal">
							<AppendHighlight>Details</AppendHighlight>
							<Query>//mstns:ContentItem[@ContentType='Disciplines']/mstns:ContentName</Query>
							<QueryDefault>//mstns:ContentItem[@ContentType='Disciplines'][mstns:ContentOrder='1']/mstns:ContentName</QueryDefault>
							<PivotItemXform>ViewsWorkStreams.XSL</PivotItemXform>
						</PivotItem>
					</Pivot>
				</DocIDItem>
			</SideMenuItem>
			<SideMenuItem Type="MenuItem">
				<SideMenuName>Qualities of Service</SideMenuName>
				<DocIDItem Type="DefaultDocID">
					<DocID>Qualities of Service</DocID>
					<Xform>QOSLeft.xsl</Xform>
					<Pivot>
						<PivotItem ItemType='Nav' Type='Default'>
							<PivotItemName>About Qualities of Service</PivotItemName>
							<PivotItemXform>ViewsOverviewRight.XSL</PivotItemXform>
						</PivotItem>
						<PivotItem ItemType='Query' Type='Normal'>
							<Query>//mstns:ContentItem[@ContentType='Qualities of Service']/mstns:ContentName</Query>
							<QueryDefault>//mstns:ContentItem[@ContentType='Qualities of Service'][mstns:ContentOrder='1']/mstns:ContentName</QueryDefault>
							<PivotItemXform>ViewsRight.XSL</PivotItemXform>
						</PivotItem>
						<PivotItem ItemType="Query" Type="Normal">
							<AppendHighlight>Details</AppendHighlight>
							<Query>//mstns:ContentItem[@ContentType='Qualities of Service']/mstns:ContentName</Query>
							<QueryDefault>//mstns:ContentItem[@ContentType='Qualities of Service'][mstns:ContentOrder='1']/mstns:ContentName</QueryDefault>
							<PivotItemXform>ViewsWorkStreams.XSL</PivotItemXform>
						</PivotItem>
					</Pivot>					
				</DocIDItem>				
			</SideMenuItem>
			<SideMenuItem Type="MenuItem">
				<SideMenuName>Cycles</SideMenuName>
				<DocIDItem Type="DefaultDocID">
					<DocID>Cycles</DocID>
					<Xform>CyclesLeft.xsl</Xform>
					<Pivot>
						<PivotItem ItemType='Nav' Type='Default'>
							<PivotItemName>About Cycles</PivotItemName>
							<PivotItemXform>ViewsOverviewRight.XSL</PivotItemXform>
						</PivotItem>
						<PivotItem ItemType='Query' Type='Normal'>
							<Query>//mstns:ContentItem[@ContentType='Cycles']/mstns:ContentName</Query>
							<QueryDefault>//mstns:ContentItem[@ContentType='Cycles'][mstns:ContentOrder='1']/mstns:ContentName</QueryDefault>
							<PivotItemXform>ViewsRight.XSL</PivotItemXform>
						</PivotItem>
						<PivotItem ItemType="Query" Type="Normal">
							<AppendHighlight>Details</AppendHighlight>
							<Query>//mstns:ContentItem[@ContentType='Cycles']/mstns:ContentName</Query>
							<QueryDefault>//mstns:ContentItem[@ContentType='Cycles'][mstns:ContentOrder='1']/mstns:ContentName</QueryDefault>
							<PivotItemXform>ViewsWorkStreams.XSL</PivotItemXform>
						</PivotItem>
					</Pivot>
				</DocIDItem>				
			</SideMenuItem>
			<SideMenuItem Type="MenuItem">
				<SideMenuName>Tracks</SideMenuName>
				<DocIDItem Type="DefaultDocID">
					<DocID>Tracks</DocID>
					<Xform>TracksLeft.xsl</Xform>
					<Pivot>
						<PivotItem ItemType='Nav' Type='Default'>
							<PivotItemName>About Tracks</PivotItemName>
							<PivotItemXform>ViewsOverviewRight.XSL</PivotItemXform>
						</PivotItem>
						<PivotItem ItemType='Query' Type='Normal'>
							<Query>//mstns:ContentItem[@ContentType='Tracks']/mstns:ContentName</Query>
							<QueryDefault>//mstns:ContentItem[@ContentType='Tracks'][mstns:ContentOrder='1']/mstns:ContentName</QueryDefault>
							<PivotItemXform>ViewsRight.XSL</PivotItemXform>
						</PivotItem>
						<PivotItem ItemType="Query" Type="Normal">
							<AppendHighlight>Details</AppendHighlight>
							<Query>//mstns:ContentItem[@ContentType='Tracks']/mstns:ContentName</Query>
							<QueryDefault>//mstns:ContentItem[@ContentType='Tracks'][mstns:ContentOrder='1']/mstns:ContentName</QueryDefault>
							<PivotItemXform>ViewsWorkStreams.XSL</PivotItemXform>
						</PivotItem>
					</Pivot>
				</DocIDItem>				
			</SideMenuItem>
		</SideMenu>
	</TabItem>
	<TabItem Type='Normal'>
		<TabName>Index</TabName>			
		<SideMenu>
			<SideMenuItem Type="DefaultTabSelection">
				<SideMenuName>Work Streams</SideMenuName>
				<DocIDItem Type="DefaultDocID">
					<DocID>Work Streams Index</DocID>
					<Xform>Index_workstreams.xsl</Xform>
				</DocIDItem>
			</SideMenuItem>
			<SideMenuItem Type="MenuItem">
				<SideMenuName>Activities</SideMenuName>
				<DocIDItem Type="DefaultDocID">
					<DocID>Activities Index</DocID>
					<Xform>Index_Activities.xsl</Xform>
				</DocIDItem>
			</SideMenuItem>			
			<SideMenuItem Type="MenuItem">
				<SideMenuName>Work Items</SideMenuName>
				<DocIDItem Type="DefaultDocID">
					<DocID>Work Items Index</DocID>
					<Xform>Index_WorkItems.xsl</Xform>
				</DocIDItem>
			</SideMenuItem>			
			<SideMenuItem Type="MenuItem">
		 		<SideMenuName>Work Products</SideMenuName>
				<DocIDItem Type="DefaultDocID">
					<DocID>Work Products Index</DocID>
					<Xform>Index_WorkProducts.xsl</Xform>
				</DocIDItem>
			</SideMenuItem>
			<SideMenuItem Type="MenuItem">
				<SideMenuName>Reports</SideMenuName>
				<DocIDItem Type="DefaultDocID">
					<DocID>Reports Index</DocID>
					<Xform>Index_Reports.xsl</Xform>
				</DocIDItem>
				<ShareSideMenuItem>
					<Query Type="NavLoc">//mstns:ContentItem[@ContentType='Report'][mstns:ContentName=$DocID]/mstns:ContentName</Query>
					<Xform>report_template_page.xsl</Xform>
					<DocIDLoc>//mstns:ContentItem[@ContentType='Report']/mstns:ContentName</DocIDLoc>
				</ShareSideMenuItem>
	
			</SideMenuItem>
			<SideMenuItem Type="MenuItem">
				<SideMenuName>Queries</SideMenuName>
				<DocIDItem Type="DefaultDocID">
					<DocID>Queries Index</DocID>
					<Xform>Index_Queries.xsl</Xform>
				</DocIDItem>
			</SideMenuItem>
			<SideMenuItem Type="MenuItem">
				<SideMenuName>How To's</SideMenuName>
				<DocIDItem Type="DefaultDocID">
					<DocID>Howto Index</DocID>
					<Xform>Index_HowTos.xsl</Xform>
				</DocIDItem>
				<ShareSideMenuItem>
					<Query Type="NavLoc">//mstns:ContentItem[@ContentType='HowTo'][mstns:ContentName=$DocID]/mstns:ContentName</Query>
					<DocIDLoc>//mstns:ContentItem[@ContentType='HowTo']/mstns:ContentName</DocIDLoc>
					<Xform>HowTo.xsl</Xform>
				</ShareSideMenuItem>	
				<ShareSideMenuItem>
					<Query Type="NavLoc">//mstns:ContentItem[@ContentType='HowToProcedure'][mstns:ContentName=$DocID]/mstns:ContentName</Query>
					<DocIDLoc>//mstns:ContentItem[@ContentType='HowToProcedure']/mstns:ContentName</DocIDLoc>
					<Xform>HowTo.xsl</Xform>
				</ShareSideMenuItem>
			</SideMenuItem>
			
		</SideMenu>
	</TabItem>
</Tabs>
