<?xml version="1.0" encoding="UTF-8"?><?mso-infoPathSolution PIVersion="1.0.0.0" language="en-us" name="urn:schemas-microsoft-com:office:infopath:template2:http---tempuri-org-XMLSchema-xsd" solutionVersion="1.0.0.157" productVersion="11.0.6565" ?><?mso-application progid="InfoPath.Document"?><mstns:ProcessGuidance xmlns:mstns="http://tempuri.org/XMLSchema.xsd" xmlns:xsi="http://www.w3.org/2001/XMLSchema-instance" xmlns:xhtml="http://www.w3.org/1999/xhtml" xmlns:my="http://schemas.microsoft.com/office/infopath/2003/myXSD/2004-10-13T22:49:49" xmlns:xd="http://schemas.microsoft.com/office/infopath/2003"><mstns:Content><mstns:ContentItem ContentType="Overview"><mstns:ContentOrder>1</mstns:ContentOrder><mstns:ContentName>About Cycles</mstns:ContentName><mstns:ContentDescription>Cycles describe the frequency with which activities are performed or work products produced and updated.  Cycles are about the execution of the project and its tasks.</mstns:ContentDescription><mstns:ContentLink>
            </mstns:ContentLink><mstns:Parts><mstns:Part PartType="ImageMenuReference"><mstns:PartName>About CyclesImageMenuClass</mstns:PartName><mstns:Sequence>1</mstns:Sequence><mstns:isRequired>false</mstns:isRequired><mstns:PartDescription>AboutCyclesImageMenu</mstns:PartDescription></mstns:Part></mstns:Parts><mstns:CrossReference><mstns:CrossReferenceItem CrossType="SeeAlso"><mstns:CrossName>Microsoft Solutions Framework Home Page</mstns:CrossName><mstns:CrossLink>http://go.microsoft.com/fwlink/?linkid=40663</mstns:CrossLink><mstns:CrossDescription>
                    </mstns:CrossDescription></mstns:CrossReferenceItem></mstns:CrossReference><mstns:When>
            </mstns:When><mstns:Dependencies><mstns:DependencyItem><mstns:DependencyName>
                    </mstns:DependencyName><mstns:DependencyDescription>
                    </mstns:DependencyDescription></mstns:DependencyItem></mstns:Dependencies><mstns:CMMI></mstns:CMMI><mstns:Criteria></mstns:Criteria></mstns:ContentItem><mstns:ContentItem ContentType="Overview"><mstns:ContentOrder>1</mstns:ContentOrder><mstns:ContentName>About Qualities of Service</mstns:ContentName><mstns:ContentDescription>A quality of service mindset is fundamental to MSF for Agile Software Development. Everyone on the team should be conscious of the qualities of service required for the project and use them to inform design, implementation, testing, and deployment. Security, performance, and user experience are three qualities of service that are of particular concern.</mstns:ContentDescription><mstns:ContentLink>
            </mstns:ContentLink><mstns:CrossReference><mstns:CrossReferenceItem CrossType="SeeAlso"><mstns:CrossName>Microsoft Solutions Framework Home Page</mstns:CrossName><mstns:CrossLink>http://go.microsoft.com/fwlink/?linkid=40663</mstns:CrossLink><mstns:CrossDescription>
                    </mstns:CrossDescription></mstns:CrossReferenceItem></mstns:CrossReference><mstns:When>
            </mstns:When><mstns:Dependencies><mstns:DependencyItem><mstns:DependencyName>
                    </mstns:DependencyName><mstns:DependencyDescription>
                    </mstns:DependencyDescription></mstns:DependencyItem></mstns:Dependencies><mstns:CMMI></mstns:CMMI><mstns:Criteria></mstns:Criteria></mstns:ContentItem><mstns:ContentItem ContentType="Overview"><mstns:ContentOrder>1</mstns:ContentOrder><mstns:ContentName>About Roles</mstns:ContentName><mstns:ContentDescription>In MSF for Agile Software Development, a team of peers is brought together to represent the entire set of constituents that are involved with the production, use, and maintenance of the product. Each team member, or role, is accountable for representing the specific needs of its constituencies and none is more important than another. Together these views provide the necessary checks and balances to ensure that the team produces the right solution.</mstns:ContentDescription><mstns:ContentLink>
            </mstns:ContentLink><mstns:Parts><mstns:Part PartType="ImageMenuReference"><mstns:PartName>AboutRolesImageMenuClass</mstns:PartName><mstns:Sequence>1</mstns:Sequence><mstns:isRequired>false</mstns:isRequired><mstns:PartDescription>AboutRolesImageMenu</mstns:PartDescription></mstns:Part></mstns:Parts><mstns:CrossReference><mstns:CrossReferenceItem CrossType="SeeAlso"><mstns:CrossName>Microsoft Solutions Framework Home Page</mstns:CrossName><mstns:CrossLink>http://msdn.microsoft.com/vstudio/enterprise/msf/default.aspx</mstns:CrossLink><mstns:CrossDescription>
                    </mstns:CrossDescription></mstns:CrossReferenceItem></mstns:CrossReference><mstns:When>
            </mstns:When><mstns:Dependencies><mstns:DependencyItem><mstns:DependencyName>
                    </mstns:DependencyName><mstns:DependencyDescription>
                    </mstns:DependencyDescription></mstns:DependencyItem></mstns:Dependencies><mstns:CMMI></mstns:CMMI><mstns:Criteria></mstns:Criteria></mstns:ContentItem><mstns:ContentItem ContentType="Overview"><mstns:ContentOrder>1</mstns:ContentOrder><mstns:ContentName>About Disciplines</mstns:ContentName><mstns:ContentDescription>Disciplines are tracks that span the entire project and concern all members of the team.   </mstns:ContentDescription><mstns:ContentLink>
            </mstns:ContentLink><mstns:CrossReference><mstns:CrossReferenceItem CrossType="SeeAlso"><mstns:CrossName>Microsoft Solutions Framework Home Page</mstns:CrossName><mstns:CrossLink>http://go.microsoft.com/fwlink/?linkid=40663</mstns:CrossLink><mstns:CrossDescription>
                    </mstns:CrossDescription></mstns:CrossReferenceItem></mstns:CrossReference><mstns:When>
            </mstns:When><mstns:Dependencies><mstns:DependencyItem><mstns:DependencyName>
                    </mstns:DependencyName><mstns:DependencyDescription>
                    </mstns:DependencyDescription></mstns:DependencyItem></mstns:Dependencies><mstns:CMMI></mstns:CMMI><mstns:Criteria></mstns:Criteria></mstns:ContentItem><mstns:ContentItem ContentType="Overview"><mstns:ContentOrder>1</mstns:ContentOrder><mstns:ContentName>About Tracks</mstns:ContentName><mstns:ContentDescription>Tracks group the activities that lead to governance checkpoints; i.e., addressing the questions that concern expenditure of time and money. Tracks are not necessarily about the execution of tasks or the work breakdown which are handled in cycles. Note that the tracks can overlap considerably and that there is continuous live feedback among activities in different tracks.</mstns:ContentDescription><mstns:ContentLink>
            </mstns:ContentLink><mstns:Parts><mstns:Part PartType="ImageMenuReference"><mstns:PartName>About TracksImageMenuClass</mstns:PartName><mstns:Sequence>1</mstns:Sequence><mstns:isRequired>false</mstns:isRequired><mstns:PartDescription>AboutTracksImageMenu</mstns:PartDescription></mstns:Part></mstns:Parts><mstns:CrossReference><mstns:CrossReferenceItem CrossType="SeeAlso"><mstns:CrossName>Microsoft Solutions Framework Home Page</mstns:CrossName><mstns:CrossLink>http://msdn.microsoft.com/vstudio/enterprise/msf/default.aspx</mstns:CrossLink><mstns:CrossDescription>
                    </mstns:CrossDescription></mstns:CrossReferenceItem></mstns:CrossReference><mstns:When>
            </mstns:When><mstns:Dependencies><mstns:DependencyItem><mstns:DependencyName>
                    </mstns:DependencyName><mstns:DependencyDescription>
                    </mstns:DependencyDescription></mstns:DependencyItem></mstns:Dependencies><mstns:CMMI></mstns:CMMI><mstns:Criteria></mstns:Criteria></mstns:ContentItem><mstns:ContentItem ContentType="Overview"><mstns:ContentOrder>1</mstns:ContentOrder><mstns:ContentName>About Views</mstns:ContentName><mstns:ContentDescription>Views provide alternative perspectives on the content of this site. Everything visible under the different views is also visible under the Roles pages, but here it is reorganized to highlight concerns that are relevant to all roles on the team. The view categories also overlap heavily, so you will see the same items repeated under different groups under the various views.</mstns:ContentDescription><mstns:ContentLink>
            </mstns:ContentLink><mstns:Parts><mstns:Part PartType="ImageMenuReference"><mstns:PartName>AboutViewsImageMenuClass</mstns:PartName><mstns:Sequence>1</mstns:Sequence><mstns:isRequired>false</mstns:isRequired><mstns:PartDescription>AboutViewsImageMenu</mstns:PartDescription></mstns:Part></mstns:Parts><mstns:CrossReference><mstns:CrossReferenceItem CrossType="SeeAlso"><mstns:CrossName>Microsoft Solutions Framework Home Page</mstns:CrossName><mstns:CrossLink>http://go.microsoft.com/fwlink/?linkid=40663</mstns:CrossLink><mstns:CrossDescription>
                    </mstns:CrossDescription></mstns:CrossReferenceItem></mstns:CrossReference><mstns:When>
            </mstns:When><mstns:Dependencies><mstns:DependencyItem><mstns:DependencyName>
                    </mstns:DependencyName><mstns:DependencyDescription>
                    </mstns:DependencyDescription></mstns:DependencyItem></mstns:Dependencies><mstns:CMMI></mstns:CMMI><mstns:Criteria></mstns:Criteria></mstns:ContentItem><mstns:ContentItem ContentType="Overview"><mstns:ContentOrder>1</mstns:ContentOrder><mstns:ContentName>Cycles and Iterations</mstns:ContentName><mstns:ContentDescription>The smooth integration of MSF for Agile Software Development in Visual Studio Team System supports rapid iterative development with continuous learning and refinement. Product definition, development, and testing occur in overlapping iterations resulting in incremental completion of the project. Different iterations have different focus as the project approaches release. Small iterations allow you to reduce the margin of error in your estimates and provide fast feedback about the accuracy of your project plans. Each iteration should result in a stable portion of the overall system.</mstns:ContentDescription><mstns:ContentLink>
            </mstns:ContentLink><mstns:Parts></mstns:Parts><mstns:CrossReference><mstns:CrossReferenceItem CrossType="SeeAlso"><mstns:CrossName>Microsoft Solutions Framework Home Page</mstns:CrossName><mstns:CrossLink>http://go.microsoft.com/fwlink/?linkid=40663</mstns:CrossLink><mstns:CrossDescription>
                    </mstns:CrossDescription></mstns:CrossReferenceItem></mstns:CrossReference><mstns:When>
            </mstns:When><mstns:Dependencies><mstns:DependencyItem><mstns:DependencyName>
                    </mstns:DependencyName><mstns:DependencyDescription>
                    </mstns:DependencyDescription></mstns:DependencyItem></mstns:Dependencies><mstns:CMMI></mstns:CMMI><mstns:Criteria></mstns:Criteria></mstns:ContentItem><mstns:ContentItem ContentType="Overview"><mstns:ContentOrder>1</mstns:ContentOrder><mstns:ContentName>Getting Started</mstns:ContentName><mstns:ContentDescription>Now that you have created a new team project based on the MSF for Agile Software Development process, you should read and understand the next steps for getting your team working on the team project, and research any additional information needed for understanding how to best use the MSF for Agile Software Development process.</mstns:ContentDescription><mstns:Parts><mstns:Part PartType="Step"><mstns:PartName>Your First Tasks</mstns:PartName><mstns:PartDescription>When the new team project was created, task work items were also created for you to assign and immediately begin work. To see these tasks, you can open the Project Checklist.xls spreadsheet from the project portal, or Team Explorer. Project Checklist.xls is located in the Project Management folder when viewing the project portal, or the Documents folder in Team Explorer. You can also see these tasks by running the Project Checklist query from Team Explorer.</mstns:PartDescription></mstns:Part><mstns:Part PartType="Step"><mstns:PartName>Exit Criteria</mstns:PartName><mstns:PartDescription>The project checklist contains all work items that are marked as exit criteria for the current iteration. For example, task work items have a field named Exit Criteria. If that field is set to yes for an individual task, it appears on the checklist. The project checklist is used to track all critical work that must be completed to successfully complete the iteration.</mstns:PartDescription></mstns:Part><mstns:Part PartType="Step"><mstns:PartName></mstns:PartName><mstns:PartDescription>The initial tasks in the project checklist comprise those tasks that must be completed before beginning your first iteration. The tasks begin with setup tasks to get team members informed and working on the team project, and conclude with tasks for planning your first iteration.</mstns:PartDescription></mstns:Part><mstns:Part PartType="Step"><mstns:PartName>Make the Team Project Current</mstns:PartName><mstns:PartDescription>Typically project work begins before the team project is created on a Team Foundation Server. If you already began working on product vision, have existing requirements, or have tasks assigned or being tracked, you should bring the team project up-to-date as soon as possible.</mstns:PartDescription></mstns:Part><mstns:Part PartType="Step"><mstns:PartName>Work Products</mstns:PartName><mstns:PartDescription>Review all of the MSF for Agile Software Development work product templates found in the Documents folder in Team Explorer, or on the project portal. If you have existing work products or related information, you can bring the team project up-to-date by uploading external documents to the project portal, or updating the existing MSF documents already on the project portal with existing information.</mstns:PartDescription></mstns:Part><mstns:Part PartType="Step"><mstns:PartName>Work Items</mstns:PartName><mstns:PartDescription>MSF for Agile Software Development uses bug, risk, task, scenario, and quality of service requirement work items. If you already have existing work items that apply to this team project, import them as appropriate. For example, if you have already identified several risks, use Team Explorer to document them as risk work items.</mstns:PartDescription></mstns:Part><mstns:Part PartType="Step"><mstns:PartName>Starting Point in the Workstreams</mstns:PartName><mstns:PartDescription>To begin your team project, the business analyst will begin by writing the vision statement as part of the Capture Project Vision workstream. Also, the project manager begins planning the first iteration as part of the Plan an Iteration workstream. After these two workstreams are under way, other workstreams will naturally begin and other roles will become involved in the team project.</mstns:PartDescription></mstns:Part><mstns:Part PartType="Step"><mstns:PartName>Important Information about MSF for Agile Software Development</mstns:PartName><mstns:PartDescription></mstns:PartDescription></mstns:Part><mstns:Part PartType="Step"><mstns:PartName>Work Item Types</mstns:PartName><mstns:PartDescription>There are five work item types in MSF for Agile Software Development. Each work item type generates metrics that are used in various reports. To keep the reports accurate and track work properly, the team must use the work item types consistently. For more information on the work item types, click the Work Items tab on this page.</mstns:PartDescription></mstns:Part><mstns:Part PartType="Step"><mstns:PartName>Queries</mstns:PartName><mstns:PartDescription>The team queries in the Work Items folder in Team Explorer can be used to obtain useful information about the state of work for the team project. For more information about team queries, click the Index tab, and then click Queries.</mstns:PartDescription></mstns:Part><mstns:Part PartType="Step"><mstns:PartName>Reports</mstns:PartName><mstns:PartDescription>Significant metrics to generate useful reports do not initially exist, but as each day passes on the team project, more and more data concerning the health of the team project is gathered for analysis. The first report to become familiar with is Remaining Work. In your first and remaining iterations, this report helps you monitor the progress of your project. For more information on reports, click the Index tab, and then click Reports.</mstns:PartDescription></mstns:Part><mstns:Part PartType="Step"><mstns:PartName>Setting a Start Page</mstns:PartName><mstns:PartDescription>You can establish a start page in the process guidance based upon your role. When you return to the process guidance later, you return to a page that is filtered for the workstreams that apply to your role. See the <a xmlns="http://www.w3.org/1999/xhtml" href="http://internallink:How To: Get started with MSF">'How To: Get started with MSF' </a>link in the See Also section on the left hand side of this page for more details.</mstns:PartDescription></mstns:Part></mstns:Parts><mstns:CrossReference><mstns:CrossReferenceItem CrossType="SeeAlso"><mstns:CrossName>To see a list of tasks to get started using MSF with VSTS</mstns:CrossName><mstns:CrossLink>../../Project Management/Project Checklist.xls</mstns:CrossLink><mstns:CrossDescription>
                    </mstns:CrossDescription></mstns:CrossReferenceItem><mstns:CrossReferenceItem CrossType="SeeAlso"><mstns:CrossName>How to: Get started with MSF</mstns:CrossName><mstns:CrossLink>
                    </mstns:CrossLink><mstns:CrossDescription>How to: Get started with MSF</mstns:CrossDescription></mstns:CrossReferenceItem><mstns:CrossReferenceItem CrossType="SeeAlso"><mstns:CrossName>Microsoft Solutions Framework Home Page</mstns:CrossName><mstns:CrossLink>http://go.microsoft.com/fwlink/?linkid=40663</mstns:CrossLink><mstns:CrossDescription>
                    </mstns:CrossDescription></mstns:CrossReferenceItem></mstns:CrossReference><mstns:When>
            </mstns:When><mstns:Dependencies><mstns:DependencyItem><mstns:DependencyName>
                    </mstns:DependencyName><mstns:DependencyDescription>
                    </mstns:DependencyDescription></mstns:DependencyItem></mstns:Dependencies><mstns:CMMI></mstns:CMMI><mstns:Criteria></mstns:Criteria></mstns:ContentItem><mstns:ContentItem ContentType="Overview"><mstns:ContentOrder>1</mstns:ContentOrder><mstns:ContentName>Mindsets</mstns:ContentName><mstns:ContentDescription><div xmlns="http://www.w3.org/1999/xhtml"><span>MSF is much more than a set of activities that you follow. It seeks to create a culture that fosters successful projects. A mindset is a collection of values that determine how we as individuals will interpret and respond to situations. Mindsets should be on every team member’s mind from project beginning to project end when making decisions, prioritizing work, representing their constituency, and interacting with team members and other stakeholders. There are nine mindsets in MSF.</span> </div></mstns:ContentDescription><mstns:ContentLink>
            </mstns:ContentLink><mstns:Parts><mstns:Part PartType="Step"><mstns:PartName>Focus on Business Value</mstns:PartName><mstns:Sequence>1</mstns:Sequence><mstns:isRequired>true</mstns:isRequired><mstns:PartDescription><div xmlns="http://www.w3.org/1999/xhtml" style="PADDING-RIGHT: 0in; MARGIN-TOP: 0in; PADDING-LEFT: 0in; FONT-SIZE: 12pt; MARGIN-BOTTOM: 0pt"><font face="Times New Roman">The first mindset sets the focus of each team member. Each software system is built for a particular reason such as to solve a business problem. There are a lot of dynamics that come into play when constructing software systems, especially larger ones. Some of these dynamics may consume great amounts of energy. Ultimately, a software development project is judged by its addition of business value. This business value should always be your focus. Keep your sites firmly focused on achieving this end.</font></div></mstns:PartDescription></mstns:Part><mstns:Part PartType="Step"><mstns:PartName>Advocate for Your Constituency</mstns:PartName><mstns:Sequence>2</mstns:Sequence><mstns:isRequired>true</mstns:isRequired><mstns:PartDescription><div xmlns="http://www.w3.org/1999/xhtml" style="PADDING-RIGHT: 0in; MARGIN-TOP: 0in; PADDING-LEFT: 0in; FONT-SIZE: 12pt; MARGIN-BOTTOM: 0pt"><font face="Times New Roman">There are many stakeholders in a software development project. Each of these stakeholders has some interest in the project. For example, the customers of the project want a system that they can successfully use. There are also nonhuman interests such as the system itself. The system might be in use for thirty years. It may also be in use for thirty minutes. When systems are intended to serve for longer periods of time, they must be built to last.</font></div>
<div xmlns="http://www.w3.org/1999/xhtml" style="PADDING-RIGHT: 0in; MARGIN-TOP: 0in; PADDING-LEFT: 0in; FONT-SIZE: 12pt; MARGIN-BOTTOM: 0pt"><font face="Times New Roman"></font> </div>
<div xmlns="http://www.w3.org/1999/xhtml" style="PADDING-RIGHT: 0in; MARGIN-TOP: 0in; PADDING-LEFT: 0in; FONT-SIZE: 12pt; MARGIN-BOTTOM: 0pt"><font face="Times New Roman">Each of these interested parties (human and nonhuman) is an <em>advocacy</em> and should be represented by someone on the project. It is important to understand whose interests you represent on the project. Keep in mind that the advocacy model is a set of constraints. Therefore, a certain amount of compromise is often necessary to achieve an optimal solution. We will examine this in more detail later in this chapter.</font></div></mstns:PartDescription></mstns:Part><mstns:Part PartType="Step"><mstns:PartName>Take Pride in Workmanship</mstns:PartName><mstns:Sequence>3</mstns:Sequence><mstns:isRequired>true</mstns:isRequired><mstns:PartDescription><div xmlns="http://www.w3.org/1999/xhtml" style="PADDING-RIGHT: 0in; MARGIN-TOP: 0in; PADDING-LEFT: 0in; FONT-SIZE: 12pt; MARGIN-BOTTOM: 0pt"><font face="Times New Roman">Taking pride in contributing to a solution is an important part of creating a quality product. Motivation and a sense of responsibility result from this pride. Since software development is a craft, quality systems are a product of the people who build them. Given a nurturing environment with trust and personal safety, good, motivated, skilled people will build quality products. Creating pride of workmanship is both an individual and organizational responsibility. Techniques that help maintain this sense of ownership include bottom-up estimating, giving projects code names to clearly identify the project, and clearly identifying the team. All of the MSF roles are responsible for building the best quality product.</font></div></mstns:PartDescription></mstns:Part><mstns:Part PartType="Step"><mstns:PartName>Deliver on your Commitments</mstns:PartName><mstns:Sequence>4</mstns:Sequence><mstns:isRequired>true</mstns:isRequired><mstns:PartDescription><div xmlns="http://www.w3.org/1999/xhtml" style="PADDING-RIGHT: 0in; MARGIN-TOP: 0in; PADDING-LEFT: 0in; FONT-SIZE: 12pt; MARGIN-BOTTOM: 0pt"><font face="Times New Roman">Most tasks on a software development project have dependencies. This means that there are times when we cannot complete our work without the help of one of our teammates. Being agile means proactively attacking the work on which others are dependent, delivering it at the earliest possible moment. Be proactive in keeping those dependent on your work informed of its progress. This will <em>unblock</em> and empower your teammates. Be reliable and dependable to earn and keep your team’s trust.</font></div></mstns:PartDescription></mstns:Part><mstns:Part PartType="Step"><mstns:PartName>Look at the Big Picture</mstns:PartName><mstns:Sequence>5</mstns:Sequence><mstns:isRequired>true</mstns:isRequired><mstns:PartDescription><div xmlns="http://www.w3.org/1999/xhtml" style="PADDING-RIGHT: 0in; MARGIN-TOP: 0in; PADDING-LEFT: 0.05in; FONT-SIZE: 12pt; MARGIN-BOTTOM: 0pt"><font face="Times New Roman">It is easy to become myopic when working on a single area of the system. However, it is not just about how a given role contributes to delivering a single piece of the solution but also how that piece fits into a broader solution. Looking at the big picture also means being more focused on execution and what is being delivered at the end of the project and less focused on the process of getting there. That doesn’t mean process is bad or unimportant, just that it should be used to accomplish the end goal and not just for the sake of using process. Clearly understand why you are doing something. Be accountable for the successful integration of your work into the broader solution. Focus on what is needed to deliver solutions and don’t be caught up in lower level details of how to deliver the solution. Practice active communication and frequently communicate with other team members both inside and outside of the iteration planning, issue, and retrospective meetings.</font></div></mstns:PartDescription></mstns:Part><mstns:Part PartType="Step"><mstns:PartName>Foster a Team of Peers</mstns:PartName><mstns:Sequence>6</mstns:Sequence><mstns:isRequired>true</mstns:isRequired><mstns:PartDescription><div xmlns="http://www.w3.org/1999/xhtml" style="PADDING-RIGHT: 0in; MARGIN-TOP: 0in; PADDING-LEFT: 0in; FONT-SIZE: 12pt; MARGIN-BOTTOM: 0pt"><font face="Times New Roman">The “team of peers” mindset places equal value on each advocacy and each role. Unrestricted communication between the roles and project transparency are the keys to fostering a team of peers. Additionally, this mindset places emphasis on an environment of mutual respect and personal safety. An environment of respect is necessary for any team to operate at peak efficiency. The result is increased team accountability, effective communication, and teamwork. To be successful with the team of peers, all roles must have ownership of the product’s quality, must act as customer advocates, and must understand the business problem they are trying to solve. </font></div></mstns:PartDescription></mstns:Part><mstns:Part PartType="Step"><mstns:PartName>Practice Good Citizenship</mstns:PartName><mstns:Sequence>7</mstns:Sequence><mstns:isRequired>true</mstns:isRequired><mstns:PartDescription><div xmlns="http://www.w3.org/1999/xhtml" style="PADDING-RIGHT: 0in; MARGIN-TOP: 0in; PADDING-LEFT: 0in; FONT-SIZE: 12pt; MARGIN-BOTTOM: 0pt"><font face="Times New Roman">The citizenship mindset focuses on stewardship of corporate, project, and computing resources. Citizenship manifests itself in many ways from conducting the project in an efficient manner to optimizing system resources such as web services. Techniques that support citizenship include reassigning bugs with all of the information necessary for someone else to hit the ground running and providing good estimates of the amount of work that a development or test task will take. Reuse of existing resources is encouraged wherever possible.</font></div></mstns:PartDescription></mstns:Part><mstns:Part PartType="Step"><mstns:PartName>Learn Continuously</mstns:PartName><mstns:Sequence>8</mstns:Sequence><mstns:isRequired>true</mstns:isRequired><mstns:PartDescription><div xmlns="http://www.w3.org/1999/xhtml" style="PADDING-RIGHT: 0in; MARGIN-TOP: 0in; PADDING-LEFT: 0in; FONT-SIZE: 12pt; MARGIN-BOTTOM: 0pt"><font face="Times New Roman">Willingness to learn includes a commitment to ongoing self improvement through the gathering and sharing of knowledge. It allows team members to benefit from the lessons learned by making mistakes, as well as to repeat success by implementing proven practices of others. Teams that commit time in the schedule for learning, reviews, and retrospectives create an environment of ongoing improvement and continuing success. In addition, one of the ways Microsoft is successful in creating a culture that is willing to learn is by adding learning and knowledge sharing as part of individual review goals. </font></div></mstns:PartDescription></mstns:Part><mstns:Part PartType="Step">
									<mstns:PartName>Internalize Qualities of Service</mstns:PartName>
									<mstns:Sequence>9</mstns:Sequence>
									<mstns:isRequired>true</mstns:isRequired>
									<mstns:PartDescription><div xmlns="http://www.w3.org/1999/xhtml" style="PADDING-RIGHT: 0in; MARGIN-TOP: 0in; PADDING-LEFT: 0in; FONT-SIZE: 12pt; MARGIN-BOTTOM: 0pt"><font face="Times New Roman">A quality of service mindset looks at the solution and develops plans based on every aspect of customer experience. The idea is that qualities of service such as performance and security should not be considered late in the project but throughout it. When ignored, these qualities of service are ultimately customer dissatisfiers and are usually implicit assumptions about how the solution will behave. With this mindset, we look at the big picture and turn implicit assumptions into explicit quality of service requirements. </font></div></mstns:PartDescription>
								</mstns:Part></mstns:Parts><mstns:CrossReference><mstns:CrossReferenceItem CrossType="SeeAlso"><mstns:CrossName>Microsoft Solutions Framework Home Page</mstns:CrossName><mstns:CrossLink>http://go.microsoft.com/fwlink/?linkid=40663</mstns:CrossLink><mstns:CrossDescription>
                    </mstns:CrossDescription></mstns:CrossReferenceItem><mstns:CrossReferenceItem CrossType="NextStep"><mstns:CrossName>Principles</mstns:CrossName><mstns:CrossLink>
                    </mstns:CrossLink><mstns:CrossDescription>
                    </mstns:CrossDescription></mstns:CrossReferenceItem></mstns:CrossReference><mstns:When>
            </mstns:When><mstns:Dependencies><mstns:DependencyItem><mstns:DependencyName>
                    </mstns:DependencyName><mstns:DependencyDescription>
                    </mstns:DependencyDescription></mstns:DependencyItem></mstns:Dependencies><mstns:CMMI></mstns:CMMI><mstns:Criteria></mstns:Criteria></mstns:ContentItem><mstns:ContentItem ContentType="Overview"><mstns:ContentOrder>1</mstns:ContentOrder><mstns:ContentName>Governance</mstns:ContentName><mstns:ContentDescription>Governance concerns the control of time and money relative to the flow of value. MSF for Agile Software Development defines five governance checkpoints, each of which focuses on a specific question to answer. The activities and workstreams leading to the checkpoints are called tracks. Do not confuse the tracks for governance with the organization of work which is grouped in iterations and the finer cycles within.</mstns:ContentDescription><mstns:ContentLink>
            </mstns:ContentLink><mstns:Parts></mstns:Parts><mstns:CrossReference><mstns:CrossReferenceItem CrossType="SeeAlso"><mstns:CrossName>Microsoft Solutions Framework Home Page</mstns:CrossName><mstns:CrossLink>http://go.microsoft.com/fwlink/?linkid=40663</mstns:CrossLink><mstns:CrossDescription>
                    </mstns:CrossDescription></mstns:CrossReferenceItem></mstns:CrossReference><mstns:When>
            </mstns:When><mstns:Dependencies><mstns:DependencyItem><mstns:DependencyName>
                    </mstns:DependencyName><mstns:DependencyDescription>
                    </mstns:DependencyDescription></mstns:DependencyItem></mstns:Dependencies><mstns:CMMI></mstns:CMMI><mstns:Criteria></mstns:Criteria></mstns:ContentItem><mstns:ContentItem ContentType="Overview"><mstns:ContentOrder>2</mstns:ContentOrder><mstns:ContentName>About Work Items</mstns:ContentName><mstns:ContentDescription>
                <div class="home" xmlns="http://www.w3.org/1999/xhtml">A work item is a database record which Visual Studio Team Foundation uses to track the assignment and state of work. The MSF for Agile Software Development process defines five work items to assign and track work. The common work item database and metrics warehouse make it possible to answer questions on project health in real time.</div>
                <div class="home" xmlns="http://www.w3.org/1999/xhtml">
                    <table class="msoUcTable" style="TABLE-LAYOUT: fixed; WIDTH: 674px; BORDER-TOP-STYLE: none; BORDER-RIGHT-STYLE: none; BORDER-LEFT-STYLE: none; BORDER-COLLAPSE: collapse; WORD-WRAP: break-word; BORDER-BOTTOM-STYLE: none" tabIndex="-1" cellPadding="0" width="100%" border="1">
                        <colgroup>
                            <col style="WIDTH: 14px"/>
                            <col style="WIDTH: 660px"/>
                        </colgroup>
                        <tbody>
                            <tr>
                                <td style="BORDER-TOP-STYLE: none; BORDER-RIGHT-STYLE: none; BORDER-LEFT-STYLE: none; BORDER-BOTTOM-STYLE: none"><img style="WIDTH: 12px; HEIGHT: 1px" tabIndex="-1" src="msoinline/31e69659f7584e53" xd:inline="R0lGODlhDAABAIAAAF98sP///ywAAAAADAABAAACBESOGQUAOw=="/></td>
                                <!-- Start XSL3 -->
                                <td bgColor="#ffffff" style="BORDER-TOP-STYLE: none; BORDER-RIGHT-STYLE: none; BORDER-LEFT-STYLE: none; BORDER-BOTTOM-STYLE: none">
<div>
<div> </div></div></td>
                            </tr>
                        </tbody>
                    </table>
                </div>
                <div class="home" xmlns="http://www.w3.org/1999/xhtml"> </div>
            </mstns:ContentDescription><mstns:ContentLink>
            </mstns:ContentLink><mstns:Parts></mstns:Parts><mstns:RACI></mstns:RACI><mstns:Verification></mstns:Verification><mstns:CrossReference></mstns:CrossReference><mstns:Dependencies></mstns:Dependencies><mstns:CMMI></mstns:CMMI><mstns:Criteria></mstns:Criteria></mstns:ContentItem><mstns:ContentItem ContentType="Overview"><mstns:ContentOrder>2</mstns:ContentOrder><mstns:ContentName>Principles</mstns:ContentName><mstns:ContentDescription>Microsoft Solutions Framework (MSF) for Agile Software Development is a scenario-driven, context-based, agile software development process for building .NET and other object-oriented applications. MSF for Agile Software Development directly incorporates practices for handling quality of service requirements such as performance and security. It is also context-based and uses a context-driven approach to determine how to operate the project. This approach helps create an adaptive process that overcomes the boundary conditions of most agile software development processes while achieving the objectives set out in the vision of the project.</mstns:ContentDescription><mstns:ContentLink>
            </mstns:ContentLink><mstns:States></mstns:States><mstns:Parts><mstns:Part PartType="Step"><mstns:PartName>Partner with Customers</mstns:PartName><mstns:Sequence>1</mstns:Sequence><mstns:isRequired>true</mstns:isRequired><mstns:PartDescription><div xmlns="http://www.w3.org/1999/xhtml" style="PADDING-RIGHT: 0in; MARGIN-TOP: 0in; PADDING-LEFT: 0in; FONT-SIZE: 12pt; MARGIN-BOTTOM: 0pt"><font face="Times New Roman">The MSF team model advocates basing team decisions on a sound understanding of the customer’s business and on active customer participation in project delivery. Satisfied customers are the top priority for any great team. A customer focus throughout development means having a team commitment to understand and solve the customer’s business problem. Once this business problem is understood, customer involvement must be maximized to the degree possible to ensure that the customer's expectations are met. Transparency, active, and regular communication must be maintained throughout the project. Customer validation is often the difference between real and fictional business value. </font></div></mstns:PartDescription></mstns:Part><mstns:Part PartType="Step"><mstns:PartName>Work Toward a Shared Vision </mstns:PartName><mstns:Sequence>2</mstns:Sequence><mstns:isRequired>true</mstns:isRequired><mstns:PartDescription><div xmlns="http://www.w3.org/1999/xhtml" style="PADDING-RIGHT: 0in; MARGIN-TOP: 0in; PADDING-LEFT: 0in; FONT-SIZE: 12pt; MARGIN-BOTTOM: 0pt"><font face="Times New Roman">MSF strongly advocates the adoption of a shared vision to focus the approach of a team. Shared vision ensures that all team members agree on what they are accomplishing by building the product. A shared vision aligns the team around a common goal and sets the customer’s expectations. Collaboration is improved because decisions are not arbitrary, but rather are determined in the context of achieving the vision that everyone agreed to. </font></div>
<div xmlns="http://www.w3.org/1999/xhtml" style="PADDING-RIGHT: 0in; MARGIN-TOP: 0in; PADDING-LEFT: 0in; FONT-SIZE: 12pt; MARGIN-BOTTOM: 0pt"><font face="Times New Roman">Without a shared vision, team members may have competing views of the goal, making it much more difficult to deliver as a cohesive group. And if the team does deliver, members will have difficulty determining their success because it depends on which vision they measure it by. Understanding the value proposition of your solution and communicating it effectively is often a key success factor.</font></div></mstns:PartDescription></mstns:Part><mstns:Part PartType="Step"><mstns:PartName>Deliver Incremental Value</mstns:PartName><mstns:Sequence>3</mstns:Sequence><mstns:isRequired>true</mstns:isRequired><mstns:PartDescription><div xmlns="http://www.w3.org/1999/xhtml" style="PADDING-RIGHT: 0in; MARGIN-TOP: 0in; PADDING-LEFT: 0in; FONT-SIZE: 12pt; MARGIN-BOTTOM: 0pt"><font face="Times New Roman">Nothing establishes credibility like frequent delivery. Having a nearly shippable product every day is important. Responding to the needs of your customers with small, quality deliverables shows progress. Through frequent delivery, process and infrastructure are proven and improved. Risks, bugs, and missing requirements are detected early. Incremental delivery forces key decisions. Feedback can be provided when it can make a difference. Some keys to frequent delivery are keeping the scope of an activity small, working on deliverables in a "just-in-time" manner, and leaving options open by eliminating premature decisions. </font></div>
<div xmlns="http://www.w3.org/1999/xhtml" style="PADDING-RIGHT: 0in; MARGIN-TOP: 0in; PADDING-LEFT: 0in; FONT-SIZE: 12pt; MARGIN-BOTTOM: 0pt"><font face="Times New Roman"></font> </div>
<div xmlns="http://www.w3.org/1999/xhtml" style="PADDING-RIGHT: 0in; MARGIN-TOP: 0in; PADDING-LEFT: 0in; FONT-SIZE: 12pt; MARGIN-BOTTOM: 0pt"><font face="Times New Roman">Plan, execute, and measure progress and team velocity based on the delivery of increasing value to the customer and rising return on investment.  Minimize those activities that do not add customer value.  Use iterations to maintain the cadence of work products that your customer can evaluate. Make the handoffs of work from one team member to another as efficient as possible. Developers should be constantly running the product and the company should be trialing new releases or <em>dogfooding</em>.</font></div></mstns:PartDescription></mstns:Part><mstns:Part PartType="Step"><mstns:PartName>Invest in Quality </mstns:PartName><mstns:Sequence>4</mstns:Sequence><mstns:isRequired>true</mstns:isRequired><mstns:PartDescription><div xmlns="http://www.w3.org/1999/xhtml" style="PADDING-RIGHT: 0in; MARGIN-TOP: 0in; PADDING-LEFT: 0in; FONT-SIZE: 12pt; MARGIN-BOTTOM: 0pt"><font face="Times New Roman">In a successful team, every member feels responsible for the quality of the product. Responsibility for quality cannot be delegated from one team member to another team member or function. Similarly, every team member must be a customer advocate, considering the eventual usability of the product throughout its development cycle. Quality has to be built into the plans and schedules. Use <em>bug allotments</em>, iterations devoted to fixing bugs, to bring down bug debt. This will reduce velocity which may provide enough slack in future iterations to reduce bug rates.</font></div></mstns:PartDescription></mstns:Part><mstns:Part PartType="Step"><mstns:PartName>Empower Team Members</mstns:PartName><mstns:Sequence>5</mstns:Sequence><mstns:isRequired>true</mstns:isRequired><mstns:PartDescription><div xmlns="http://www.w3.org/1999/xhtml" style="PADDING-RIGHT: 0in; MARGIN-TOP: 0in; PADDING-LEFT: 0in; FONT-SIZE: 12pt; MARGIN-BOTTOM: 0pt"><font face="Times New Roman">In an effective team, each member is empowered to deliver on their own commitments and has confidence that, where they depend on the commitments of other team members, that these will also be met. Likewise, the customer has a right to assume that the team will meet its commitments and will plan on this basis. At worst, the customer should be notified as soon as possible of any delay or change.</font></div></mstns:PartDescription></mstns:Part><mstns:Part PartType="Step"><mstns:PartName>Establish Clear Accountability</mstns:PartName><mstns:Sequence>6</mstns:Sequence><mstns:isRequired>true</mstns:isRequired><mstns:PartDescription><div xmlns="http://www.w3.org/1999/xhtml" style="PADDING-RIGHT: 0in; MARGIN-TOP: 0in; PADDING-LEFT: 0in; FONT-SIZE: 12pt; MARGIN-BOTTOM: 0pt"><font face="Times New Roman">The MSF team model is based on the premise that each role has equal weighted goals, presents a unique perspective on the project, and that no single individual can successfully represent all of the different goals. To resolve this dilemma, the team of peers needs to combine a clear line of accountability to the stakeholders with shared responsibility for overall success. Within the team, each role is accountable to the team itself (and to their own respective organizations) for achieving their role’s quality goals. In this sense, each role is accountable for a share of the quality of the eventual solution. </font></div>
<div xmlns="http://www.w3.org/1999/xhtml" style="PADDING-RIGHT: 0in; MARGIN-TOP: 0in; PADDING-LEFT: 0in; FONT-SIZE: 12pt; MARGIN-BOTTOM: 0pt"><font face="Times New Roman"></font> </div>
<div xmlns="http://www.w3.org/1999/xhtml" style="PADDING-RIGHT: 0in; MARGIN-TOP: 0in; PADDING-LEFT: 0in; FONT-SIZE: 12pt; MARGIN-BOTTOM: 0pt"><font face="Times New Roman">Responsibility is shared across the team of peers (allocated in line with the team roles). It is interdependent for two reasons: first, out of necessity, since it is impossible to isolate each role's work; second, by preference, since the team is more effective if each role is aware of the full picture. This mutual dependency encourages all team members to comment and contribute outside their direct area of accountability, ensuring that the full range of the team’s knowledge, competencies, and experience can be brought to bear. All team members own the success of the project; they share in the kudos and rewards of a successful project and are expected to improve their expertise by contributing to and learning from the lessons of a less successful one.</font></div></mstns:PartDescription></mstns:Part><mstns:Part PartType="Step"><mstns:PartName>Learn from all experiences</mstns:PartName><mstns:Sequence>7</mstns:Sequence><mstns:isRequired>true</mstns:isRequired><mstns:PartDescription><div xmlns="http://www.w3.org/1999/xhtml" style="PADDING-RIGHT: 0in; MARGIN-TOP: 0in; PADDING-LEFT: 0in; FONT-SIZE: 12pt; MARGIN-BOTTOM: 0pt"><font face="Times New Roman">Since each development project, environment, and team is unique, each project and iteration within the project creates a learning opportunity. However, there can be no learning without honest feedback and reflection. Unless there is a supportive environment that fosters courage and personal safety, feedback will be limited and not placed in a light of improvement. Once these factors are in place, individuals and teams can focus on ongoing self improvement, gathering and sharing of knowledge, and beneficial lessons learned. Additionally, there will be opportunities to implement proven practices of others and to commit time in the schedule for learning. Conducting blameless buddy reviews and productive retrospectives are key components of the MSF process which help teams commit to communicating.</font></div></mstns:PartDescription></mstns:Part><mstns:Part PartType="Step">
									<mstns:PartName>Foster open communications </mstns:PartName>
									<mstns:Sequence>8</mstns:Sequence>
									<mstns:isRequired>true</mstns:isRequired>
									<mstns:PartDescription><div xmlns="http://www.w3.org/1999/xhtml" style="PADDING-RIGHT: 0in; MARGIN-TOP: 0in; PADDING-LEFT: 0in; FONT-SIZE: 12pt; MARGIN-BOTTOM: 0pt"><font face="Times New Roman">Historically, many organizations and projects have operated purely on a need-to-know basis, which frequently leads to misunderstandings and impairs the ability of a team to deliver a successful solution. MSF proposes an open and honest approach to communications, both within the team and with key stakeholders. A free-flow of information not only reduces the chances of misunderstandings and wasted effort, but also ensures that all team members can contribute to reducing uncertainties surrounding the project.</font></div></mstns:PartDescription>
								</mstns:Part><mstns:Part PartType="Step">
									<mstns:PartName>Stay agile, adapt to change </mstns:PartName>
									<mstns:Sequence>9</mstns:Sequence>
									<mstns:isRequired>true</mstns:isRequired>
									<mstns:PartDescription><div xmlns="http://www.w3.org/1999/xhtml" style="PADDING-RIGHT: 0in; MARGIN-TOP: 0in; PADDING-LEFT: 0in; FONT-SIZE: 12pt; MARGIN-BOTTOM: 0pt"><font face="Times New Roman">The more an organization seeks to maximize the business impact of a technology investment, the more they venture into new territories. This new ground is inherently uncertain and subject to change as exploration and experimentation results in new needs and methods. To demand certainty in a changing environment is unrealistic and leads to unsuccessful results.</font></div>
<div xmlns="http://www.w3.org/1999/xhtml" style="PADDING-RIGHT: 0in; MARGIN-TOP: 0in; PADDING-LEFT: 0in; FONT-SIZE: 12pt; MARGIN-BOTTOM: 0pt"><font face="Times New Roman"></font> </div>
<div xmlns="http://www.w3.org/1999/xhtml" style="PADDING-RIGHT: 0in; MARGIN-TOP: 0in; PADDING-LEFT: 0in; FONT-SIZE: 12pt; MARGIN-BOTTOM: 0pt"><font face="Times New Roman">MSF assumes that things are continually changing and that it is impossible to isolate a project from these changes. The MSF Team Model ensures that all core roles are available throughout a project so that they can contribute to decisions arising from these changes. As new challenges arise, the MSF Team Model fosters agility to address these issues. The contribution of all team roles to decision-making ensures that matters can be explored and reviewed from all critical perspectives. </font></div></mstns:PartDescription>
								</mstns:Part></mstns:Parts><mstns:RACI></mstns:RACI><mstns:Verification></mstns:Verification><mstns:CrossReference><mstns:CrossReferenceItem CrossType="SeeAlso"><mstns:CrossName>Microsoft Solutions Framework Home Page</mstns:CrossName><mstns:CrossLink>http://go.microsoft.com/fwlink/?linkid=40663</mstns:CrossLink><mstns:CrossDescription>
                    </mstns:CrossDescription></mstns:CrossReferenceItem></mstns:CrossReference><mstns:When>
            </mstns:When><mstns:Dependencies><mstns:DependencyItem><mstns:DependencyName>
                    </mstns:DependencyName><mstns:DependencyDescription>
                    </mstns:DependencyDescription></mstns:DependencyItem></mstns:Dependencies><mstns:CMMI></mstns:CMMI><mstns:Criteria></mstns:Criteria></mstns:ContentItem></mstns:Content><mstns:NavStructure><mstns:Menu><mstns:MenuName>
            </mstns:MenuName><mstns:MenuItem><mstns:MenuItemName>
                </mstns:MenuItemName><mstns:MenuItemTransform>
                </mstns:MenuItemTransform><mstns:MenuItemDescription>
                </mstns:MenuItemDescription></mstns:MenuItem></mstns:Menu><mstns:ImageMenu></mstns:ImageMenu><mstns:BulletMenu><mstns:MenuName>
            </mstns:MenuName><mstns:MenuItem><mstns:MenuItemName>
                </mstns:MenuItemName><mstns:MenuItemTransform>
                </mstns:MenuItemTransform><mstns:MenuBulletImage>
                </mstns:MenuBulletImage><mstns:MenuItemDescription>
                </mstns:MenuItemDescription></mstns:MenuItem></mstns:BulletMenu></mstns:NavStructure><mstns:Glossary><mstns:GlossaryName>Glossary</mstns:GlossaryName><mstns:GlossaryItem><mstns:Term>
            </mstns:Term><mstns:Definition>
            </mstns:Definition><mstns:Reference>
            </mstns:Reference></mstns:GlossaryItem></mstns:Glossary><mstns:HelpContextMap><mstns:MapItem><mstns:Keyword>
            </mstns:Keyword><mstns:Context>
            </mstns:Context><mstns:ContentName>
            </mstns:ContentName></mstns:MapItem></mstns:HelpContextMap><mstns:Index><mstns:IndexItem><mstns:Keyword>
            </mstns:Keyword><mstns:ContentName>
            </mstns:ContentName></mstns:IndexItem></mstns:Index></mstns:ProcessGuidance>