<?xml version="1.0" encoding="UTF-8"?><?mso-infoPathSolution PIVersion="1.0.0.0" language="en-us" name="urn:schemas-microsoft-com:office:infopath:template2:http---tempuri-org-XMLSchema-xsd" solutionVersion="1.0.0.162" productVersion="11.0.8034" ?><?mso-application progid="InfoPath.Document"?><mstns:ProcessGuidance xmlns:mstns="http://tempuri.org/XMLSchema.xsd" xmlns:xsi="http://www.w3.org/2001/XMLSchema-instance" xmlns:xhtml="http://www.w3.org/1999/xhtml" xmlns:my="http://schemas.microsoft.com/office/infopath/2003/myXSD/2004-10-13T22:49:49" xmlns:xd="http://schemas.microsoft.com/office/infopath/2003"><mstns:Content><mstns:ContentItem ContentType="Workstream"><mstns:ContentOrder>1</mstns:ContentOrder><mstns:ContentName>Plan an Iteration</mstns:ContentName><mstns:ContentDescription>To plan an iteration, determine the right balance of scenarios, quality of service requirements, and bug allotments for the upcoming iteration. The amount of work that can be completed in an iteration is limited. The scenarios and quality of service requirements with the biggest business value are prioritized for inclusion in the current iteration. An initial iteration plan is created using the scenario entries and quality of service requirements which have rough order of magnitude estimates. Once the scenario entries are part of the iteration plan, the corresponding scenarios are written by the business analyst. Developers and testers then divide the scenarios into tasks. These new tasks are chosen by the developers and more detailed costs are provided. The new detailed estimates are used to load balance the tasks assigned to developers. The iteration planning meeting brings together the appropriate business analysts, project managers, and developers to finalize the iteration plan.</mstns:ContentDescription><mstns:ContentLink>
            </mstns:ContentLink><mstns:Parts><mstns:Part PartType="Step"><mstns:PartName>Determine Iteration Length</mstns:PartName><mstns:Sequence>1</mstns:Sequence><mstns:isRequired>true</mstns:isRequired><mstns:PartDescription>Work backward from the end date.</mstns:PartDescription><mstns:PartDescription>Check the scenario size.</mstns:PartDescription><mstns:PartDescription>Examine integration costs.</mstns:PartDescription><mstns:PartDescription>Review iteration length.</mstns:PartDescription></mstns:Part><mstns:Part PartType="Step"><mstns:PartName>Estimate Scenario</mstns:PartName><mstns:Sequence>2</mstns:Sequence><mstns:isRequired>true</mstns:isRequired><mstns:PartDescription>Identify a subset of the scenario list.</mstns:PartDescription><mstns:PartDescription>Create implementation estimates.</mstns:PartDescription><mstns:PartDescription>Identify special needs.</mstns:PartDescription></mstns:Part><mstns:Part PartType="Step"><mstns:PartName>Estimate Quality of Service Requirement</mstns:PartName><mstns:Sequence>3</mstns:Sequence><mstns:isRequired>true</mstns:isRequired><mstns:PartDescription>Identify a subset of the quality of service requirement list.</mstns:PartDescription><mstns:PartDescription>Create implementation estimates.</mstns:PartDescription><mstns:PartDescription>Identify constraints.</mstns:PartDescription></mstns:Part><mstns:Part PartType="Step"><mstns:PartName>Schedule Scenario</mstns:PartName><mstns:Sequence>4</mstns:Sequence><mstns:isRequired>true</mstns:isRequired><mstns:PartDescription>Create an initial iteration plan.</mstns:PartDescription><mstns:PartDescription>
                        <span xmlns="http://www.w3.org/1999/xhtml">Adjust the initial iteration plan.</span>
                    </mstns:PartDescription><mstns:PartDescription>Hold the iteration planning meeting.</mstns:PartDescription></mstns:Part><mstns:Part PartType="Step"><mstns:PartName>Schedule Quality of Service Requirement</mstns:PartName><mstns:Sequence>5</mstns:Sequence><mstns:isRequired>true</mstns:isRequired><mstns:PartDescription>
                        <span xmlns="http://www.w3.org/1999/xhtml">Create initial iteration plan.</span>
                    </mstns:PartDescription><mstns:PartDescription>
                        <span xmlns="http://www.w3.org/1999/xhtml">Adjust the initial iteration plan.</span>
                    </mstns:PartDescription><mstns:PartDescription>
                        <span xmlns="http://www.w3.org/1999/xhtml">Hold iteration kickoff meeting.</span>
                    </mstns:PartDescription></mstns:Part><mstns:Part PartType="Step"><mstns:PartName>Schedule Bug Fixing Allotment</mstns:PartName><mstns:Sequence>6</mstns:Sequence><mstns:isRequired>true</mstns:isRequired><mstns:PartDescription>Schedule the bug allotment.</mstns:PartDescription><mstns:PartDescription>Consider dependencies and other factors.</mstns:PartDescription><mstns:PartDescription>Hold the iteration planning meeting.</mstns:PartDescription></mstns:Part><mstns:Part PartType="Step"><mstns:PartName>Divide Scenarios into Tasks</mstns:PartName><mstns:Sequence>7</mstns:Sequence><mstns:isRequired>true</mstns:isRequired><mstns:PartDescription>Gather the team.</mstns:PartDescription><mstns:PartDescription>Create architecture and development tasks.</mstns:PartDescription><mstns:PartDescription>Choose architecture and development tasks.</mstns:PartDescription><mstns:PartDescription>Reassign the scenario.</mstns:PartDescription><mstns:PartDescription>Create test tasks.</mstns:PartDescription><mstns:PartDescription>Choose test tasks.</mstns:PartDescription></mstns:Part><mstns:Part PartType="Step"><mstns:PartName>Divide Quality of Service Requirements into Tasks</mstns:PartName><mstns:Sequence>8</mstns:Sequence><mstns:isRequired>true</mstns:isRequired><mstns:PartDescription>Gather the team.</mstns:PartDescription><mstns:PartDescription>Identify architecture and development tasks.</mstns:PartDescription><mstns:PartDescription>Choose architecture and development tasks.</mstns:PartDescription><mstns:PartDescription>Reassign the quality of service requirement.</mstns:PartDescription><mstns:PartDescription>Create test tasks.</mstns:PartDescription><mstns:PartDescription>Choose test tasks.</mstns:PartDescription></mstns:Part></mstns:Parts><mstns:RACI><mstns:RACIItem RACIType="Responsible"><mstns:RoleName>Project Manager</mstns:RoleName><mstns:RACIDescription>Project Manager</mstns:RACIDescription></mstns:RACIItem><mstns:RACIItem RACIType="Consulted">
									<mstns:RoleName>Business Analyst</mstns:RoleName>
									<mstns:RACIDescription></mstns:RACIDescription>
								</mstns:RACIItem><mstns:RACIItem RACIType="Consulted">
									<mstns:RoleName>Architect</mstns:RoleName>
									<mstns:RACIDescription></mstns:RACIDescription>
								</mstns:RACIItem><mstns:RACIItem RACIType="Consulted">
									<mstns:RoleName>Developer</mstns:RoleName>
									<mstns:RACIDescription></mstns:RACIDescription>
								</mstns:RACIItem><mstns:RACIItem RACIType="Consulted">
									<mstns:RoleName>Database Developer</mstns:RoleName>
									<mstns:RACIDescription></mstns:RACIDescription>
								</mstns:RACIItem><mstns:RACIItem RACIType="Consulted">
									<mstns:RoleName>Tester</mstns:RoleName>
									<mstns:RACIDescription></mstns:RACIDescription>
								</mstns:RACIItem></mstns:RACI><mstns:Verification></mstns:Verification><mstns:CrossReference><mstns:CrossReferenceItem CrossType="WorkItem"><mstns:CrossName>Scenario</mstns:CrossName><mstns:CrossLink>
                    </mstns:CrossLink><mstns:CrossDescription>
                    </mstns:CrossDescription></mstns:CrossReferenceItem><mstns:CrossReferenceItem CrossType="WorkItem"><mstns:CrossName>Quality of Service Requirement</mstns:CrossName><mstns:CrossLink>
                    </mstns:CrossLink><mstns:CrossDescription>
                    </mstns:CrossDescription></mstns:CrossReferenceItem><mstns:CrossReferenceItem CrossType="WorkProduct-Project"><mstns:CrossName>Iteration Plan</mstns:CrossName><mstns:CrossLink>
                    </mstns:CrossLink><mstns:CrossDescription>
                    </mstns:CrossDescription></mstns:CrossReferenceItem><mstns:CrossReferenceItem CrossType="WorkProduct-Excel"><mstns:CrossName>Scenario List</mstns:CrossName><mstns:CrossLink>
                    </mstns:CrossLink><mstns:CrossDescription>
                    </mstns:CrossDescription></mstns:CrossReferenceItem><mstns:CrossReferenceItem CrossType="WorkProduct-Excel">
									<mstns:CrossName>Project Checklist</mstns:CrossName>
									<mstns:CrossLink></mstns:CrossLink>
									<mstns:CrossDescription></mstns:CrossDescription>
								</mstns:CrossReferenceItem><mstns:CrossReferenceItem CrossType="WorkProduct-Excel"><mstns:CrossName>Quality of Service Requirement List</mstns:CrossName><mstns:CrossLink>
                    </mstns:CrossLink><mstns:CrossDescription>
                    </mstns:CrossDescription></mstns:CrossReferenceItem><mstns:CrossReferenceItem CrossType="Report"><mstns:CrossName>Bug Rates</mstns:CrossName><mstns:CrossLink>
                    </mstns:CrossLink><mstns:CrossDescription>
                    </mstns:CrossDescription></mstns:CrossReferenceItem><mstns:CrossReferenceItem CrossType="Report"><mstns:CrossName>Bugs by Priority</mstns:CrossName><mstns:CrossLink>
                    </mstns:CrossLink><mstns:CrossDescription>
                    </mstns:CrossDescription></mstns:CrossReferenceItem><mstns:CrossReferenceItem CrossType="SeeAlso"><mstns:CrossName>How To: Create an Iteration Plan</mstns:CrossName><mstns:CrossLink>
                    </mstns:CrossLink><mstns:CrossDescription>How To: Create an Iteration Plan</mstns:CrossDescription></mstns:CrossReferenceItem><mstns:CrossReferenceItem CrossType="SeeAlso"><mstns:CrossName>Create Solution Architecture</mstns:CrossName><mstns:CrossLink>
                    </mstns:CrossLink><mstns:CrossDescription>Create Solution Architecture</mstns:CrossDescription></mstns:CrossReferenceItem><mstns:CrossReferenceItem CrossType="SeeAlso"><mstns:CrossName>Implement a Development Task</mstns:CrossName><mstns:CrossLink>
                    </mstns:CrossLink><mstns:CrossDescription>Implement a Development Task</mstns:CrossDescription></mstns:CrossReferenceItem><mstns:CrossReferenceItem CrossType="SeeAlso"><mstns:CrossName>Fix a Bug</mstns:CrossName><mstns:CrossLink>
                    </mstns:CrossLink><mstns:CrossDescription>Fix a Bug</mstns:CrossDescription></mstns:CrossReferenceItem><mstns:CrossReferenceItem CrossType="NextStep">
									<mstns:CrossName>Guide Iteration</mstns:CrossName>
									<mstns:CrossLink></mstns:CrossLink>
									<mstns:CrossDescription>Guide Iteration</mstns:CrossDescription>
								</mstns:CrossReferenceItem><mstns:CrossReferenceItem CrossType="NextStep"><mstns:CrossName>Guide Project</mstns:CrossName><mstns:CrossLink>
                    </mstns:CrossLink><mstns:CrossDescription>Guide Project</mstns:CrossDescription></mstns:CrossReferenceItem></mstns:CrossReference><mstns:When>
            </mstns:When><mstns:Dependencies><mstns:DependencyItem><mstns:DependencyName>
                    </mstns:DependencyName><mstns:DependencyDescription>The scenario list and quality of service requirements list have been prioritized and published to the project portal. </mstns:DependencyDescription></mstns:DependencyItem></mstns:Dependencies><mstns:CMMI></mstns:CMMI><mstns:Criteria><mstns:CriteriaItem CriteriaType="Exit"><mstns:CriteriaName>The iteration plan is complete and published to the project portal.</mstns:CriteriaName><mstns:CriteriaDescription>The iteration plan is complete and published to the project portal.</mstns:CriteriaDescription></mstns:CriteriaItem><mstns:CriteriaItem CriteriaType="Exit"><mstns:CriteriaName>An appropriate amount of work is scheduled for the iteration.</mstns:CriteriaName><mstns:CriteriaLink>
                    </mstns:CriteriaLink><mstns:CriteriaDescription>An appropriate amount of work is scheduled for the iteration.</mstns:CriteriaDescription><mstns:WorkProductName>
                    </mstns:WorkProductName></mstns:CriteriaItem></mstns:Criteria></mstns:ContentItem><mstns:ContentItem ContentType="Activity"><mstns:ContentOrder>
            </mstns:ContentOrder><mstns:ContentName>Determine Iteration Length</mstns:ContentName><mstns:ContentDescription>An iteration is a set of tasks scheduled to occur in a fixed period of time. The length of time needed to complete the tasks is known as the iteration length. The project schedule is divided into a series of iterations and tasks are scheduled accordingly. Determining the iteration length includes the consideration of key factors including the delivery date if the project is date-driven, size of the scenarios, and integration time. Iteration length is usually specified in weeks although smaller periods are possible. The iteration length is established at the beginning of the project and this length is used for the duration of the project.</mstns:ContentDescription><mstns:ContentLink>
            </mstns:ContentLink><mstns:Parts><mstns:Part PartType="Step"><mstns:PartName>Work From End Date</mstns:PartName><mstns:Sequence>1</mstns:Sequence><mstns:isRequired>true</mstns:isRequired><mstns:PartDescription>If the project is date-driven, the end date often impacts iteration length. Create a project plan or use a calendar to determine how much time is available for development.</mstns:PartDescription><mstns:PartDescription>Divide the time period into a suitable number of iterations to allow a small number of scenarios, quality of service requirements, or bug fixes to be implemented. Map out the iterations between the start and the end date. </mstns:PartDescription></mstns:Part><mstns:Part PartType="Step"><mstns:PartName>Check Scenario Size</mstns:PartName><mstns:Sequence>2</mstns:Sequence><mstns:isRequired>true</mstns:isRequired><mstns:PartDescription>When the first iteration is being planned, recheck the iteration length to be sure that scenarios are not constantly getting unnecessarily split into smaller scenarios due to iteration length. Increase the iteration length, if necessary, to accommodate the actual scenario size.</mstns:PartDescription></mstns:Part><mstns:Part PartType="Step"><mstns:PartName>Examine Integration Costs</mstns:PartName><mstns:Sequence>3</mstns:Sequence><mstns:isRequired>true</mstns:isRequired><mstns:PartDescription>Integration is done throughout the iteration as the development tasks are completed. Consider any special needs or costs for integration in the iteration length.</mstns:PartDescription></mstns:Part><mstns:Part PartType="Step"><mstns:PartName>Review Iteration Length</mstns:PartName><mstns:Sequence>4</mstns:Sequence><mstns:isRequired>true</mstns:isRequired><mstns:PartDescription>Review the iteration length with the project team. The optimal iteration length provides just enough time to get a small number of scenarios or quality of service requirements done. Each iteration should result in an internal or external release with the additional functionality of the scenarios, quality of service requirements, or bug fixes scheduled for the iteration.</mstns:PartDescription></mstns:Part></mstns:Parts><mstns:RACI><mstns:RACIItem RACIType="Responsible"><mstns:RoleName>Project Manager</mstns:RoleName><mstns:RACIDescription>Project Manager</mstns:RACIDescription></mstns:RACIItem><mstns:RACIItem RACIType="Consulted"><mstns:RoleName>Developer</mstns:RoleName><mstns:RACIDescription>
                    </mstns:RACIDescription></mstns:RACIItem><mstns:RACIItem RACIType="Consulted">
									<mstns:RoleName>Database Developer</mstns:RoleName>
									<mstns:RACIDescription></mstns:RACIDescription>
								</mstns:RACIItem></mstns:RACI><mstns:Verification></mstns:Verification><mstns:CrossReference><mstns:CrossReferenceItem CrossType="NextStep"><mstns:CrossName>Estimate Scenario</mstns:CrossName><mstns:CrossLink>
                    </mstns:CrossLink><mstns:CrossDescription>Estimate Scenario</mstns:CrossDescription></mstns:CrossReferenceItem><mstns:CrossReferenceItem CrossType="NextStep"><mstns:CrossName>Estimate Quality of Service Requirement</mstns:CrossName><mstns:CrossLink>
                    </mstns:CrossLink><mstns:CrossDescription>Estimate Quality of Service Requirement</mstns:CrossDescription></mstns:CrossReferenceItem><mstns:CrossReferenceItem CrossType="Cycles"><mstns:CrossName>Project</mstns:CrossName><mstns:CrossLink>
                    </mstns:CrossLink><mstns:CrossDescription>
                    </mstns:CrossDescription></mstns:CrossReferenceItem><mstns:CrossReferenceItem CrossType="Tracks"><mstns:CrossName>Envision</mstns:CrossName><mstns:CrossLink>
                    </mstns:CrossLink><mstns:CrossDescription>
                    </mstns:CrossDescription></mstns:CrossReferenceItem></mstns:CrossReference><mstns:When>
            </mstns:When><mstns:Dependencies><mstns:DependencyItem><mstns:DependencyName>
                    </mstns:DependencyName><mstns:DependencyDescription>The vision statement has been published to the project portal.</mstns:DependencyDescription></mstns:DependencyItem></mstns:Dependencies><mstns:CMMI></mstns:CMMI><mstns:Criteria><mstns:CriteriaItem CriteriaType="Exit"><mstns:CriteriaName>The iteration length is understood and agreed upon by the project team.</mstns:CriteriaName><mstns:CriteriaDescription>The iteration length is understood and agreed upon by the project team.</mstns:CriteriaDescription><mstns:WorkProductName>
                    </mstns:WorkProductName></mstns:CriteriaItem></mstns:Criteria></mstns:ContentItem><mstns:ContentItem ContentType="Activity"><mstns:ContentOrder>
            </mstns:ContentOrder><mstns:ContentName>Estimate Scenario</mstns:ContentName><mstns:ContentDescription>Scenario estimates are used to provide a general picture for understanding how much effort the scenario requires. These estimates aid the business analyst in making priority decisions and setting external expectations. The project manager works with the developers to collect estimates for the top ranked scenarios in the scenario list.</mstns:ContentDescription><mstns:ContentLink>
            </mstns:ContentLink><mstns:Parts><mstns:Part PartType="Step"><mstns:PartName>Identify a Subset of the Scenario List</mstns:PartName><mstns:Sequence>1</mstns:Sequence><mstns:isRequired>true</mstns:isRequired><mstns:PartDescription>Open the scenario list from the project portal. For each of the highest priority scenarios, determine the appropriate developer or development group to provide an estimate.</mstns:PartDescription><mstns:PartDescription>Provide estimates for enough of the highest priority scenarios to provide options for the business analyst.</mstns:PartDescription><mstns:PartDescription>
Provide estimates for enough scenarios to encompass approximately twice the average velocity.</mstns:PartDescription></mstns:Part><mstns:Part PartType="Step"><mstns:PartName>Create Implementation Estimates</mstns:PartName><mstns:Sequence>2</mstns:Sequence><mstns:isRequired>true</mstns:isRequired><mstns:PartDescription><div xmlns="http://www.w3.org/1999/xhtml">Work with the developers to do a rough order of magnitude estimate (ROM) of the complexity of each scenario. Many projects can use the following heuristic. If the work item requires a half dozen or less 1-2 day development tasks to implement, choose 1. If the work item requires between a half dozen and a dozen 1-2 day development tasks to implement, choose 2. If it is larger than this, choose 3 and consider splitting the scenario. It is important to keep the rough order of magnitude estimates relative. That is, a scenario with a rough order of magnitude of 2 should be approximately twice as big as another with a ROM of 1. </div></mstns:PartDescription><mstns:PartDescription>Use a rough order of magnitude of 0 for trivial scenarios. Group together these smaller work items until they are big enough to be a 1.</mstns:PartDescription><mstns:PartDescription>If further elaboration is necessary, work with the business analyst and the developers to add more detail to the scenario. Revise the rough order of magnitude estimate if needed.</mstns:PartDescription><mstns:PartDescription>Resynchronize the scenario list to publish/reflect these estimates.</mstns:PartDescription></mstns:Part><mstns:Part PartType="Step"><mstns:PartName>Identify Special Needs</mstns:PartName><mstns:Sequence>3</mstns:Sequence><mstns:isRequired>true</mstns:isRequired><mstns:PartDescription>Work with the developers to identify risks that can delay or prevent successful completion of the work required for realizing the scenarios, such as knowledge deficiencies and third-party software dependencies. Create a risk work item describing any identified risks.</mstns:PartDescription><mstns:PartDescription>Communicate any special needs that a scenario might have. Look for potentially overloaded developers or dependencies that might affect the scheduling.</mstns:PartDescription></mstns:Part></mstns:Parts><mstns:RACI><mstns:RACIItem RACIType="Responsible"><mstns:RoleName>Project Manager</mstns:RoleName><mstns:RACIDescription>Project Manager</mstns:RACIDescription></mstns:RACIItem><mstns:RACIItem RACIType="Consulted">
									<mstns:RoleName>Business Analyst</mstns:RoleName>
									<mstns:RACIDescription></mstns:RACIDescription>
								</mstns:RACIItem><mstns:RACIItem RACIType="Consulted"><mstns:RoleName>Developer</mstns:RoleName><mstns:RACIDescription>
                    </mstns:RACIDescription></mstns:RACIItem><mstns:RACIItem RACIType="Consulted">
									<mstns:RoleName>Database Developer</mstns:RoleName>
									<mstns:RACIDescription></mstns:RACIDescription>
								</mstns:RACIItem></mstns:RACI><mstns:Verification></mstns:Verification><mstns:CrossReference><mstns:CrossReferenceItem CrossType="WorkItem"><mstns:CrossName>Scenario</mstns:CrossName><mstns:CrossLink>
                    </mstns:CrossLink><mstns:CrossDescription>
                    </mstns:CrossDescription></mstns:CrossReferenceItem><mstns:CrossReferenceItem CrossType="Cycles"><mstns:CrossName>Iteration</mstns:CrossName><mstns:CrossLink>
                    </mstns:CrossLink><mstns:CrossDescription>
                    </mstns:CrossDescription></mstns:CrossReferenceItem><mstns:CrossReferenceItem CrossType="Disciplines"><mstns:CrossName>Project Management</mstns:CrossName><mstns:CrossLink>
                    </mstns:CrossLink><mstns:CrossDescription>
                    </mstns:CrossDescription></mstns:CrossReferenceItem><mstns:CrossReferenceItem CrossType="Tracks"><mstns:CrossName>Build</mstns:CrossName><mstns:CrossLink>
                    </mstns:CrossLink><mstns:CrossDescription>
                    </mstns:CrossDescription></mstns:CrossReferenceItem><mstns:CrossReferenceItem CrossType="WorkProduct-Excel"><mstns:CrossName>Scenario List</mstns:CrossName><mstns:CrossLink>
                    </mstns:CrossLink><mstns:CrossDescription>Scenario List</mstns:CrossDescription></mstns:CrossReferenceItem><mstns:CrossReferenceItem CrossType="Report"><mstns:CrossName>Velocity</mstns:CrossName><mstns:CrossLink>
                    </mstns:CrossLink><mstns:CrossDescription>
                    </mstns:CrossDescription></mstns:CrossReferenceItem><mstns:CrossReferenceItem CrossType="NextStep"><mstns:CrossName>Schedule Scenario</mstns:CrossName><mstns:CrossLink>
                    </mstns:CrossLink><mstns:CrossDescription>Schedule Scenario</mstns:CrossDescription></mstns:CrossReferenceItem></mstns:CrossReference><mstns:When>
            </mstns:When><mstns:Dependencies><mstns:DependencyItem><mstns:DependencyName>
                    </mstns:DependencyName><mstns:DependencyDescription>The length of the iteration is defined for the project.</mstns:DependencyDescription></mstns:DependencyItem><mstns:DependencyItem><mstns:DependencyName>
                    </mstns:DependencyName><mstns:DependencyDescription>Notification has been received that the scenarios in the scenario list have been prioritized, published, and are ready to be estimated.</mstns:DependencyDescription></mstns:DependencyItem></mstns:Dependencies><mstns:CMMI></mstns:CMMI><mstns:Criteria><mstns:CriteriaItem CriteriaType="Exit"><mstns:CriteriaName>The highest priority scenarios have estimates that indicate ideal person days needed.</mstns:CriteriaName><mstns:CriteriaDescription><span xmlns="http://www.w3.org/1999/xhtml">The highest priority scenarios have estimates that indicate their complexity</span><span xmlns="http://www.w3.org/1999/xhtml">.</span> </mstns:CriteriaDescription></mstns:CriteriaItem><mstns:CriteriaItem CriteriaType="Exit"><mstns:CriteriaName>The updated scenario list is published to the project portal.</mstns:CriteriaName><mstns:CriteriaLink>
                    </mstns:CriteriaLink><mstns:CriteriaDescription>The updated scenario list is published to the project portal.</mstns:CriteriaDescription><mstns:WorkProductName>
                    </mstns:WorkProductName></mstns:CriteriaItem><mstns:CriteriaItem CriteriaType="Exit"><mstns:CriteriaName>Special resources, risks, or constraints associated with realizing a scenario are communicated.</mstns:CriteriaName><mstns:CriteriaDescription>
                        <span xmlns="http://www.w3.org/1999/xhtml">Special resources, risks, or constraints associated with realizing a scenario are communicated and if necessary, recorded in the scenario work item.</span>
                    </mstns:CriteriaDescription><mstns:WorkProductName>
                    </mstns:WorkProductName></mstns:CriteriaItem></mstns:Criteria></mstns:ContentItem><mstns:ContentItem ContentType="Activity"><mstns:ContentOrder>
            </mstns:ContentOrder><mstns:ContentName>Estimate Quality of Service Requirement</mstns:ContentName><mstns:ContentDescription>
                <span xmlns="http://www.w3.org/1999/xhtml">Quality of service requirement estimates are used to provide a general idea of how much effort is needed to implement the requirements. The estimates also assist the business analyst who must make priority decisions and set external expectations. The project manager works with the developers to collect estimates for the top ranked quality of service requirements in the quality of service requirements list.</span>
            </mstns:ContentDescription><mstns:ContentLink>
            </mstns:ContentLink><mstns:Parts><mstns:Part PartType="Step"><mstns:PartName>Identify a Subset of the Quality of Service Requirement List</mstns:PartName><mstns:Sequence>1</mstns:Sequence><mstns:isRequired>true</mstns:isRequired><mstns:PartDescription>
                        <span xmlns="http://www.w3.org/1999/xhtml">Open the quality of service requirements list on the project portal. For each of the highest priority quality of service requirements, determine the appropriate developer or development group to provide an estimate.</span>
                    </mstns:PartDescription><mstns:PartDescription>Trace the quality of service requirement to affected scenarios if applicable.</mstns:PartDescription><mstns:PartDescription>Provide estimates for enough of the highest priority quality of service requirements to allow for large and small scenario options by the business analyst.</mstns:PartDescription><mstns:PartDescription>Provide estimates for enough quality of service requirements to encompass approximately twice the number of ideal person days in an iteration.</mstns:PartDescription></mstns:Part><mstns:Part PartType="Step"><mstns:PartName>Create Implementation Estimates</mstns:PartName><mstns:Sequence>2</mstns:Sequence><mstns:isRequired>true</mstns:isRequired><mstns:PartDescription><div xmlns="http://www.w3.org/1999/xhtml">Work with the developers to do a rough order of magnitude estimate (ROM) of the complexity of each quality of service requirement. Many projects can use the following heuristic. If the work item requires a half dozen or less 1-2 day development tasks to implement, choose 1. If the work item requires between a half dozen and a dozen 1-2 day development tasks to implement, choose 2. If it is larger than this, choose 3 and consider splitting the quality of service requirement. It is important to keep the rough order of magnitude estimates relative. That is, a quality of service requirement with a rough order of magnitude of 2 should be approximately twice as big as another with a ROM of 1.</div></mstns:PartDescription><mstns:PartDescription>Use a rough order of magnitude of 0 for trivial scenarios. Group together these smaller work items until they are big enough to be a 1.</mstns:PartDescription><mstns:PartDescription><div xmlns="http://www.w3.org/1999/xhtml">If further elaboration is necessary, work with the business analyst and the developers to add more detail to the quality of service requirement. Revise the rough order of magnitude estimate if needed.</div></mstns:PartDescription><mstns:PartDescription><span xmlns="http://www.w3.org/1999/xhtml">Resynchronize the quality of service requirements list to publish/reflect these estimates.</span> </mstns:PartDescription></mstns:Part><mstns:Part PartType="Step"><mstns:PartName>Identify Constraints</mstns:PartName><mstns:Sequence>3</mstns:Sequence><mstns:isRequired>true</mstns:isRequired><mstns:PartDescription>Work with the developers to identify risks that can delay or prevent successful completion of the work required for realizing the quality of service requirements, such as knowledge deficiencies and third-party software dependencies. If a new risk work item is created, attach risk work items to the quality of service requirement to show the relationship.</mstns:PartDescription><mstns:PartDescription>Document any special needs that a quality of service requirement might have. Look for potentially overloaded developers or dependencies that might affect the scheduling. Additionally, consider the architectural impacts. Note any impacts in the description of the quality of service requirement.</mstns:PartDescription></mstns:Part></mstns:Parts><mstns:RACI><mstns:RACIItem RACIType="Responsible"><mstns:RoleName>Project Manager</mstns:RoleName><mstns:RACIDescription>Project Manager</mstns:RACIDescription></mstns:RACIItem><mstns:RACIItem RACIType="Consulted">
									<mstns:RoleName>Business Analyst</mstns:RoleName>
									<mstns:RACIDescription></mstns:RACIDescription>
								</mstns:RACIItem><mstns:RACIItem RACIType="Consulted"><mstns:RoleName>Developer</mstns:RoleName><mstns:RACIDescription>Developer</mstns:RACIDescription></mstns:RACIItem><mstns:RACIItem RACIType="Consulted">
									<mstns:RoleName>Database Developer</mstns:RoleName>
									<mstns:RACIDescription></mstns:RACIDescription>
								</mstns:RACIItem></mstns:RACI><mstns:Verification></mstns:Verification><mstns:CrossReference><mstns:CrossReferenceItem CrossType="NextStep"><mstns:CrossName>Schedule Quality of Service Requirement</mstns:CrossName><mstns:CrossLink>
                    </mstns:CrossLink><mstns:CrossDescription>Schedule Quality of Service Requirement</mstns:CrossDescription></mstns:CrossReferenceItem><mstns:CrossReferenceItem CrossType="Cycles"><mstns:CrossName>Iteration</mstns:CrossName><mstns:CrossLink>
                    </mstns:CrossLink><mstns:CrossDescription>
                    </mstns:CrossDescription></mstns:CrossReferenceItem><mstns:CrossReferenceItem CrossType="Disciplines"><mstns:CrossName>Project Management</mstns:CrossName><mstns:CrossLink>
                    </mstns:CrossLink><mstns:CrossDescription>
                    </mstns:CrossDescription></mstns:CrossReferenceItem><mstns:CrossReferenceItem CrossType="Tracks"><mstns:CrossName>Build</mstns:CrossName><mstns:CrossLink>
                    </mstns:CrossLink><mstns:CrossDescription>
                    </mstns:CrossDescription></mstns:CrossReferenceItem></mstns:CrossReference><mstns:When>
            </mstns:When><mstns:Dependencies><mstns:DependencyItem><mstns:DependencyName>
                    </mstns:DependencyName><mstns:DependencyDescription>The length of the iteration is defined for the project.</mstns:DependencyDescription></mstns:DependencyItem><mstns:DependencyItem><mstns:DependencyName>
                    </mstns:DependencyName><mstns:DependencyDescription>Notification has been received that quality of service requirements in the quality of service requirements list have been prioritized, published, and are ready to be estimated.</mstns:DependencyDescription></mstns:DependencyItem></mstns:Dependencies><mstns:CMMI></mstns:CMMI><mstns:Criteria><mstns:CriteriaItem CriteriaType="Exit"><mstns:CriteriaName>The highest priority quality of service requirements in the quality of service requirement list have estimates that indicate the ideal person days needed. The updated list is published to the project portal.</mstns:CriteriaName><mstns:CriteriaDescription>The highest priority quality of service requirements in the quality of service requirements list have estimates that indicate the complexity.</mstns:CriteriaDescription></mstns:CriteriaItem><mstns:CriteriaItem CriteriaType="Exit"><mstns:CriteriaName>The updated quality of service requirements list is published to the project portal.</mstns:CriteriaName><mstns:CriteriaLink>
                    </mstns:CriteriaLink><mstns:CriteriaDescription>The updated quality of service requirements list is published to the project portal.</mstns:CriteriaDescription><mstns:WorkProductName>
                    </mstns:WorkProductName></mstns:CriteriaItem><mstns:CriteriaItem CriteriaType="Exit"><mstns:CriteriaName>Special resources, risks, or constraints associated with realizing a quality of service requirement have been communicated. </mstns:CriteriaName><mstns:CriteriaDescription>Special resources, risks, or constraints associated with realizing a quality of service requirement have been communicated within the work item or with attached work items. </mstns:CriteriaDescription><mstns:WorkProductName>
                    </mstns:WorkProductName></mstns:CriteriaItem></mstns:Criteria></mstns:ContentItem><mstns:ContentItem ContentType="Activity"><mstns:ContentOrder>
            </mstns:ContentOrder><mstns:ContentName>Divide Scenarios into Tasks</mstns:ContentName><mstns:ContentDescription>A scenario is divided into the development tasks to implement the scenario. Dividing scenarios further provides better cost estimates and divides the work among the developers. Some scenarios might impact multiple subsystems within an application. In this case, separate tasks are created for each affected area. The key to successfully dividing the scenario into tasks is to have developers and testers do the division and encourage them to select their own tasks. All tasks must be selected.</mstns:ContentDescription><mstns:ContentLink>
            </mstns:ContentLink><mstns:Parts><mstns:Part PartType="Step">
									<mstns:PartName>Gather the Team</mstns:PartName>
									<mstns:Sequence>1</mstns:Sequence>
									<mstns:isRequired>true</mstns:isRequired>
									<mstns:PartDescription>Gather the architects, developers, and testers who will be working on or impacted by this scenario. The project manager facilitates this brief meeting or email discussion and records the tasks.</mstns:PartDescription>
								</mstns:Part><mstns:Part PartType="Step"><mstns:PartName>Identify Architecture and Development Tasks</mstns:PartName><mstns:Sequence>2</mstns:Sequence><mstns:isRequired>true</mstns:isRequired><mstns:PartDescription>Begin where the scenario differs from previously implemented scenarios and follow the control path through the system. Consider user visible features, changes to the underlying infrastructure or data structures and items that have architectural impact. Identify how system components are affected when implementing the planned scenario.</mstns:PartDescription><mstns:PartDescription>Ensure that the architecture will be able to handle the scenario. If architectural changes are necessary, create the roadmap and tasks for refactoring the architecture to the new state. Split the scenario if necessary. </mstns:PartDescription><mstns:PartDescription>Create a new development task for each major area of the system impacted by the scenario. For each task, describe the new or changed functionality. Keep the tasks broad enough to allow design to emerge but focused enough that a single person could complete them in one to three days. Group low level changes that are logically related into higher level tasks. Further divide high level changes and additions into lower level tasks if they are broad.</mstns:PartDescription><mstns:PartDescription>Review the set of tasks to ensure that they adequately address the scenario.</mstns:PartDescription></mstns:Part><mstns:Part PartType="Step"><mstns:PartName>Choose Architecture and Development Tasks</mstns:PartName><mstns:Sequence>3</mstns:Sequence><mstns:isRequired>true</mstns:isRequired><mstns:PartDescription>Allow the architects and developers choose their own tasks.</mstns:PartDescription><mstns:PartDescription>Check to make sure all architecture and development tasks are chosen.</mstns:PartDescription></mstns:Part><mstns:Part PartType="Step"><mstns:PartName>Reassign Scenario to a Developer</mstns:PartName><mstns:Sequence>4</mstns:Sequence><mstns:isRequired>true</mstns:isRequired><mstns:PartDescription>Reassign the scenario to one of the developers who owns development tasks for that scenario. This developer’s job is to test the end-to-end integration of the development tasks.</mstns:PartDescription></mstns:Part><mstns:Part PartType="Step"><mstns:PartName>Create Test Tasks</mstns:PartName><mstns:Sequence>5</mstns:Sequence><mstns:isRequired>true</mstns:isRequired><mstns:PartDescription>Update the test approach document for the iteration, filling in the test data and other sections. Create a set of tasks to build the necessary test cases to achieve any goals of the iteration related to this scenario.</mstns:PartDescription><mstns:PartDescription>
                        <span xmlns="http://www.w3.org/1999/xhtml">Determine which tests can be automated and added to the iteration tests. The iteration tests run after the build verification tests.</span>
                    </mstns:PartDescription></mstns:Part><mstns:Part PartType="Step">
									<mstns:PartName>Choose the Test Tasks</mstns:PartName>
									<mstns:Sequence>6</mstns:Sequence>
									<mstns:isRequired>true</mstns:isRequired>
									<mstns:PartDescription>Allow the testers to choose their test tasks.</mstns:PartDescription>
								<mstns:PartDescription>Check to make sure all test tasks are chosen.</mstns:PartDescription></mstns:Part></mstns:Parts><mstns:RACI><mstns:RACIItem RACIType="Responsible"><mstns:RoleName>Project Manager</mstns:RoleName><mstns:RACIDescription>Project Manager</mstns:RACIDescription></mstns:RACIItem><mstns:RACIItem RACIType="Consulted">
									<mstns:RoleName>Architect</mstns:RoleName>
									<mstns:RACIDescription></mstns:RACIDescription>
								</mstns:RACIItem><mstns:RACIItem RACIType="Consulted"><mstns:RoleName>Developer</mstns:RoleName><mstns:RACIDescription>Developer</mstns:RACIDescription></mstns:RACIItem><mstns:RACIItem RACIType="Consulted">
									<mstns:RoleName>Database Developer</mstns:RoleName>
									<mstns:RACIDescription></mstns:RACIDescription>
								</mstns:RACIItem><mstns:RACIItem RACIType="Consulted">
									<mstns:RoleName>Tester</mstns:RoleName>
									<mstns:RACIDescription></mstns:RACIDescription>
								</mstns:RACIItem></mstns:RACI><mstns:CrossReference><mstns:CrossReferenceItem CrossType="WorkItem"><mstns:CrossName>Scenario</mstns:CrossName><mstns:CrossLink>
                    </mstns:CrossLink><mstns:CrossDescription>Active</mstns:CrossDescription></mstns:CrossReferenceItem><mstns:CrossReferenceItem CrossType="WorkItem"><mstns:CrossName>Task</mstns:CrossName><mstns:CrossLink>
                    </mstns:CrossLink><mstns:CrossDescription>New</mstns:CrossDescription></mstns:CrossReferenceItem><mstns:CrossReferenceItem CrossType="WorkProduct-Project"><mstns:CrossName>Iteration Plan</mstns:CrossName><mstns:CrossLink>
                    </mstns:CrossLink><mstns:CrossDescription>
                    </mstns:CrossDescription></mstns:CrossReferenceItem><mstns:CrossReferenceItem CrossType="WorkProduct-Excel">
									<mstns:CrossName>Project Checklist</mstns:CrossName>
									<mstns:CrossLink></mstns:CrossLink>
									<mstns:CrossDescription></mstns:CrossDescription>
								</mstns:CrossReferenceItem><mstns:CrossReferenceItem CrossType="WorkItem"><mstns:CrossName>Task</mstns:CrossName><mstns:CrossLink>
                    </mstns:CrossLink><mstns:CrossDescription>
                    </mstns:CrossDescription></mstns:CrossReferenceItem><mstns:CrossReferenceItem CrossType="NextStep"><mstns:CrossName>Schedule Scenario</mstns:CrossName><mstns:CrossLink>
                    </mstns:CrossLink><mstns:CrossDescription>Schedule Scenario</mstns:CrossDescription></mstns:CrossReferenceItem><mstns:CrossReferenceItem CrossType="NextStep"><mstns:CrossName>Implement a Development Task</mstns:CrossName><mstns:CrossLink>
                    </mstns:CrossLink><mstns:CrossDescription>Implement a Development Task</mstns:CrossDescription></mstns:CrossReferenceItem><mstns:CrossReferenceItem CrossType="NextStep"><mstns:CrossName>Test a Scenario</mstns:CrossName><mstns:CrossLink>
                    </mstns:CrossLink><mstns:CrossDescription>Test a Scenario</mstns:CrossDescription></mstns:CrossReferenceItem><mstns:CrossReferenceItem CrossType="Cycles"><mstns:CrossName>Iteration</mstns:CrossName><mstns:CrossLink>
                    </mstns:CrossLink><mstns:CrossDescription>
                    </mstns:CrossDescription></mstns:CrossReferenceItem><mstns:CrossReferenceItem CrossType="Tracks"><mstns:CrossName>Build</mstns:CrossName><mstns:CrossLink>
                    </mstns:CrossLink><mstns:CrossDescription>
                    </mstns:CrossDescription></mstns:CrossReferenceItem></mstns:CrossReference><mstns:When>
            </mstns:When><mstns:Dependencies><mstns:DependencyItem><mstns:DependencyName>
                    </mstns:DependencyName><mstns:DependencyDescription>The scheduled scenario description is written and storyboarded if necessary.</mstns:DependencyDescription></mstns:DependencyItem></mstns:Dependencies><mstns:Criteria><mstns:CriteriaItem CriteriaType="Exit"><mstns:CriteriaName>The initial iteration plan contains tasks describing all work necessary to fulfill all the scenarios scheduled for the iteration.</mstns:CriteriaName><mstns:CriteriaDescription>The initial iteration plan contains tasks describing all work necessary to fulfill all the scenarios scheduled for the iteration.</mstns:CriteriaDescription></mstns:CriteriaItem><mstns:CriteriaItem CriteriaType="Exit">
									<mstns:CriteriaName>All tasks are chosen</mstns:CriteriaName>
									<mstns:CriteriaLink></mstns:CriteriaLink>
									<mstns:CriteriaDescription>All tasks created during the brief meeting are chosen.</mstns:CriteriaDescription>
									<mstns:WorkProductName></mstns:WorkProductName>
								</mstns:CriteriaItem></mstns:Criteria></mstns:ContentItem><mstns:ContentItem ContentType="Activity"><mstns:ContentOrder>
            </mstns:ContentOrder><mstns:ContentName>Divide Quality of Service Requirements into Tasks</mstns:ContentName><mstns:ContentDescription>Each quality of service requirement is divided into development tasks for implementation. Dividing a requirement into smaller development tasks improves the accuracy of cost estimates and provides developers with a better understanding of the work needed. There are often multiple development tasks that are needed to fulfill a given quality of service requirement. The key to successfully dividing the quality of service requirement into tasks is to have developers and testers do the division and encourage them to select their own tasks. All tasks must be selected.</mstns:ContentDescription><mstns:ContentLink>
            </mstns:ContentLink><mstns:Parts><mstns:Part PartType="Step">
									<mstns:PartName>Gather the Team</mstns:PartName>
									<mstns:Sequence>1</mstns:Sequence>
									<mstns:isRequired>true</mstns:isRequired>
									<mstns:PartDescription>Gather the architects, developers, and testers who will be working on or impacted by this quality of service requirement. The project manager facilitates the brief meeting or email discussion and records the tasks.</mstns:PartDescription>
								</mstns:Part><mstns:Part PartType="Step">
									<mstns:PartName>Identify Architecture and Development Tasks</mstns:PartName>
									<mstns:Sequence>2</mstns:Sequence>
									<mstns:isRequired>true</mstns:isRequired>
									<mstns:PartDescription>Find the related scenarios from the links in the quality of service requirement and review them. Quality of service requirements vary in their total impact. Some impact a single scenario while others might affect multiple scenarios. Add any scenarios that were left out by the business analyst.</mstns:PartDescription><mstns:PartDescription>Ensure that the architecture will be able to handle the quality of service requirement. If architectural changes are necessary, create the roadmap and tasks for refactoring the architecture to the new state. Split the quality of service requirement if necessary. </mstns:PartDescription>
								<mstns:PartDescription>Create a new development task for each major area of the system impacted by the requirement. For each task, describe the new or changed functionality. Keep the tasks broad enough to allow design to emerge but focused enough that a single person could complete them in one to three days. Group low level changes that are logically related into higher level tasks. Further divide high level changes and additions into lower level tasks if they are broad.</mstns:PartDescription><mstns:PartDescription>Review the set of tasks to ensure that they adequately address the quality of service requirement.</mstns:PartDescription></mstns:Part><mstns:Part PartType="Step"><mstns:PartName>Choose Architecture and Development Tasks</mstns:PartName><mstns:Sequence>3</mstns:Sequence><mstns:isRequired>true</mstns:isRequired><mstns:PartDescription>Architects and developers choose their development tasks.</mstns:PartDescription><mstns:PartDescription>Check to make sure all of the tasks are chosen.</mstns:PartDescription></mstns:Part><mstns:Part PartType="Step"><mstns:PartName>Reassign the Quality of Service Requirement</mstns:PartName><mstns:Sequence>4</mstns:Sequence><mstns:isRequired>true</mstns:isRequired><mstns:PartDescription>Reassign the quality of service requirement to the developer who owns development tasks for that scenario. This developer’s job is to test the end-to-end integration of the development tasks.</mstns:PartDescription></mstns:Part><mstns:Part PartType="Step"><mstns:PartName>Create Test Tasks</mstns:PartName><mstns:Sequence>5</mstns:Sequence><mstns:isRequired>true</mstns:isRequired><mstns:PartDescription>Update the test approach document for the iteration, filling in the test data and other sections. Create a set of tasks to create the necessary test cases to achieve the goal of the iteration.</mstns:PartDescription><mstns:PartDescription><span xmlns="http://www.w3.org/1999/xhtml">Determine which tests can be automated and added to the iteration tests. The iteration tests run after the build verification tests.</span> </mstns:PartDescription></mstns:Part><mstns:Part PartType="Step">
									<mstns:PartName>Choose the Test Tasks</mstns:PartName>
									<mstns:Sequence>6</mstns:Sequence>
									<mstns:isRequired>true</mstns:isRequired>
									<mstns:PartDescription>Allow testers to choose their test tasks.</mstns:PartDescription>
								<mstns:PartDescription>Check to make sure all test tasks are chosen.</mstns:PartDescription></mstns:Part></mstns:Parts><mstns:RACI><mstns:RACIItem RACIType="Responsible"><mstns:RoleName>Project Manager</mstns:RoleName><mstns:RACIDescription>Project Manager</mstns:RACIDescription></mstns:RACIItem><mstns:RACIItem RACIType="Consulted">
									<mstns:RoleName>Architect</mstns:RoleName>
									<mstns:RACIDescription></mstns:RACIDescription>
								</mstns:RACIItem><mstns:RACIItem RACIType="Consulted"><mstns:RoleName>Developer</mstns:RoleName><mstns:RACIDescription>Developer</mstns:RACIDescription></mstns:RACIItem><mstns:RACIItem RACIType="Consulted">
									<mstns:RoleName>Database Developer</mstns:RoleName>
									<mstns:RACIDescription></mstns:RACIDescription>
								</mstns:RACIItem><mstns:RACIItem RACIType="Consulted">
									<mstns:RoleName>Tester</mstns:RoleName>
									<mstns:RACIDescription></mstns:RACIDescription>
								</mstns:RACIItem></mstns:RACI><mstns:Verification></mstns:Verification><mstns:CrossReference><mstns:CrossReferenceItem CrossType="WorkItem"><mstns:CrossName>Quality of Service Requirement</mstns:CrossName><mstns:CrossLink>
                    </mstns:CrossLink><mstns:CrossDescription>Active</mstns:CrossDescription></mstns:CrossReferenceItem><mstns:CrossReferenceItem CrossType="WorkItem"><mstns:CrossName>Task</mstns:CrossName><mstns:CrossLink>
                    </mstns:CrossLink><mstns:CrossDescription>New</mstns:CrossDescription></mstns:CrossReferenceItem><mstns:CrossReferenceItem CrossType="WorkProduct-Project"><mstns:CrossName>Iteration Plan</mstns:CrossName><mstns:CrossLink>
                    </mstns:CrossLink><mstns:CrossDescription>
                    </mstns:CrossDescription></mstns:CrossReferenceItem><mstns:CrossReferenceItem CrossType="WorkProduct-Excel">
									<mstns:CrossName>Project Checklist</mstns:CrossName>
									<mstns:CrossLink></mstns:CrossLink>
									<mstns:CrossDescription></mstns:CrossDescription>
								</mstns:CrossReferenceItem><mstns:CrossReferenceItem CrossType="NextStep"><mstns:CrossName>Develop Performance Model</mstns:CrossName><mstns:CrossLink>
                    </mstns:CrossLink><mstns:CrossDescription>Develop Performance Model</mstns:CrossDescription></mstns:CrossReferenceItem><mstns:CrossReferenceItem CrossType="NextStep"><mstns:CrossName>Schedule Quality of Service Requirement</mstns:CrossName><mstns:CrossLink>
                    </mstns:CrossLink><mstns:CrossDescription>Schedule Quality of Service Requirement</mstns:CrossDescription></mstns:CrossReferenceItem><mstns:CrossReferenceItem CrossType="NextStep"><mstns:CrossName>Implement a Development Task</mstns:CrossName><mstns:CrossLink>
                    </mstns:CrossLink><mstns:CrossDescription>Implement a Development Task</mstns:CrossDescription></mstns:CrossReferenceItem><mstns:CrossReferenceItem CrossType="NextStep"><mstns:CrossName>Test a Quality of Service Requirement</mstns:CrossName><mstns:CrossLink>
                    </mstns:CrossLink><mstns:CrossDescription>Test a Quality of Service Requirement</mstns:CrossDescription></mstns:CrossReferenceItem><mstns:CrossReferenceItem CrossType="Cycles"><mstns:CrossName>Iteration</mstns:CrossName><mstns:CrossLink>
                    </mstns:CrossLink><mstns:CrossDescription>
                    </mstns:CrossDescription></mstns:CrossReferenceItem><mstns:CrossReferenceItem CrossType="Tracks"><mstns:CrossName>Team Build</mstns:CrossName><mstns:CrossLink>
                    </mstns:CrossLink><mstns:CrossDescription>
                    </mstns:CrossDescription></mstns:CrossReferenceItem><mstns:CrossReferenceItem CrossType="Qualities of Service"><mstns:CrossName>Performance</mstns:CrossName><mstns:CrossLink>
                    </mstns:CrossLink><mstns:CrossDescription>
                    </mstns:CrossDescription></mstns:CrossReferenceItem><mstns:CrossReferenceItem CrossType="Tracks"><mstns:CrossName>Build</mstns:CrossName><mstns:CrossLink>
                    </mstns:CrossLink><mstns:CrossDescription>
                    </mstns:CrossDescription></mstns:CrossReferenceItem></mstns:CrossReference><mstns:When>A performance requirement is scheduled for the upcoming iteration.</mstns:When><mstns:Dependencies><mstns:DependencyItem><mstns:DependencyName>
                    </mstns:DependencyName><mstns:DependencyDescription>The performance requirement has broken down into individual tasks.</mstns:DependencyDescription></mstns:DependencyItem></mstns:Dependencies><mstns:CMMI></mstns:CMMI><mstns:Criteria><mstns:CriteriaItem CriteriaType="Exit"><mstns:CriteriaName>The initial iteration plan contains tasks describing all work necessary to fulfill all the quality of service requirements scheduled for the iteration.</mstns:CriteriaName><mstns:CriteriaDescription>The initial iteration plan contains tasks describing all work necessary to fulfill all the quality of service requirements scheduled for the iteration.</mstns:CriteriaDescription></mstns:CriteriaItem><mstns:CriteriaItem CriteriaType="Exit">
									<mstns:CriteriaName>All tasks are chosen</mstns:CriteriaName>
									<mstns:CriteriaLink></mstns:CriteriaLink>
									<mstns:CriteriaDescription>All tasks created during the brief meeting are chosen.</mstns:CriteriaDescription>
									<mstns:WorkProductName></mstns:WorkProductName>
								</mstns:CriteriaItem></mstns:Criteria></mstns:ContentItem><mstns:ContentItem ContentType="Activity"><mstns:ContentOrder>
            </mstns:ContentOrder><mstns:ContentName>Schedule Bug Fixing Allotment</mstns:ContentName><mstns:ContentDescription>Scheduling a bug fixing allotment sets the expectations for fixing triaged bugs. Generally, a bug allotment spans the development group but can also be restricted to a single or set of individuals on the team. Bug allotments must be taken from the total development budget.</mstns:ContentDescription><mstns:ContentLink>
            </mstns:ContentLink><mstns:Parts><mstns:Part PartType="Step"><mstns:PartName>Schedule Bug Allotment</mstns:PartName><mstns:Sequence>1</mstns:Sequence><mstns:isRequired>true</mstns:isRequired><mstns:PartDescription>Determine the amount of the development budget required to fix bugs in ideal person days. Leave the allotment as slack in the budget if the Microsoft Excel iteration plan is used. It can optionally be scheduled if the Microsoft Project version of the iteration plan is used.</mstns:PartDescription></mstns:Part><mstns:Part PartType="Step"><mstns:PartName>Consider Dependencies and Other Factors</mstns:PartName><mstns:Sequence>2</mstns:Sequence><mstns:isRequired>true</mstns:isRequired><mstns:PartDescription>If scenarios or quality of service requirements are scheduled along with a bug allotment, be sure that key developers with high bug backlogs have enough slack to work on their high priority bugs. Examine the development tasks to be sure of this slack. Reallocate bugs or tasks to ensure that bugs are fixed.</mstns:PartDescription></mstns:Part><mstns:Part PartType="Step"><mstns:PartName>Hold Iteration Kickoff Meeting</mstns:PartName><mstns:Sequence>3</mstns:Sequence><mstns:isRequired>true</mstns:isRequired><mstns:PartDescription>Finalize the iteration plan by holding an iteration planning meeting to present the content for the upcoming iteration. This meeting should include all of the members of the team to review the goals of the upcoming iteration. </mstns:PartDescription><mstns:PartDescription>Communicate any priorities within the iteration. Mark a small set of the highest priority bugs as exit criteria. Use this mechanism sparingly. </mstns:PartDescription></mstns:Part></mstns:Parts><mstns:RACI><mstns:RACIItem RACIType="Responsible"><mstns:RoleName>Project Manager</mstns:RoleName><mstns:RACIDescription>Project Manager</mstns:RACIDescription></mstns:RACIItem><mstns:RACIItem RACIType="Consulted"><mstns:RoleName>Business Analyst</mstns:RoleName><mstns:RACIDescription>
                    </mstns:RACIDescription></mstns:RACIItem></mstns:RACI><mstns:CrossReference><mstns:CrossReferenceItem CrossType="Cycles"><mstns:CrossName>Iteration</mstns:CrossName><mstns:CrossLink>
                    </mstns:CrossLink><mstns:CrossDescription>
                    </mstns:CrossDescription></mstns:CrossReferenceItem><mstns:CrossReferenceItem CrossType="Disciplines"><mstns:CrossName>Project Management</mstns:CrossName><mstns:CrossLink>
                    </mstns:CrossLink><mstns:CrossDescription>
                    </mstns:CrossDescription></mstns:CrossReferenceItem><mstns:CrossReferenceItem CrossType="Tracks"><mstns:CrossName>Build</mstns:CrossName><mstns:CrossLink>
                    </mstns:CrossLink><mstns:CrossDescription>
                    </mstns:CrossDescription></mstns:CrossReferenceItem><mstns:CrossReferenceItem CrossType="WorkProduct-Project"><mstns:CrossName>Iteration Plan</mstns:CrossName><mstns:CrossLink>
                    </mstns:CrossLink><mstns:CrossDescription>
                    </mstns:CrossDescription></mstns:CrossReferenceItem><mstns:CrossReferenceItem CrossType="Report"><mstns:CrossName>Bugs by Priority</mstns:CrossName><mstns:CrossLink>
                    </mstns:CrossLink><mstns:CrossDescription>
                    </mstns:CrossDescription></mstns:CrossReferenceItem><mstns:CrossReferenceItem CrossType="Report">
									<mstns:CrossName>Bug Rates</mstns:CrossName>
									<mstns:CrossLink></mstns:CrossLink>
									<mstns:CrossDescription></mstns:CrossDescription>
								</mstns:CrossReferenceItem><mstns:CrossReferenceItem CrossType="SeeAlso"><mstns:CrossName>Triage Bugs</mstns:CrossName><mstns:CrossLink>
                    </mstns:CrossLink><mstns:CrossDescription>Triage Bugs</mstns:CrossDescription></mstns:CrossReferenceItem><mstns:CrossReferenceItem CrossType="NextStep"><mstns:CrossName>Fix a Bug</mstns:CrossName><mstns:CrossLink>
                    </mstns:CrossLink><mstns:CrossDescription>Fix a Bug</mstns:CrossDescription></mstns:CrossReferenceItem></mstns:CrossReference><mstns:When>
            </mstns:When><mstns:Dependencies><mstns:DependencyItem><mstns:DependencyName>
                    </mstns:DependencyName><mstns:DependencyDescription>The bugs have been triaged.</mstns:DependencyDescription></mstns:DependencyItem></mstns:Dependencies><mstns:CMMI></mstns:CMMI><mstns:Criteria><mstns:CriteriaItem CriteriaType="Exit"><mstns:CriteriaName>The bug allotment is scheduled.</mstns:CriteriaName><mstns:CriteriaDescription>
                        <span xmlns="http://www.w3.org/1999/xhtml">The bug allotment is scheduled for the upcoming iteration.</span>
                    </mstns:CriteriaDescription></mstns:CriteriaItem></mstns:Criteria></mstns:ContentItem><mstns:ContentItem ContentType="Activity"><mstns:ContentOrder>
            </mstns:ContentOrder><mstns:ContentName>Schedule Scenario</mstns:ContentName><mstns:ContentDescription>
                <span xmlns="http://www.w3.org/1999/xhtml">A scenario is scheduled for development and initial testing in a specific iteration. The iteration plan reflects the most current understanding of what must be accomplished within an iteration. The plan must be completed before the iteration starts. An initial plan is created based on estimates and refined as the scenarios and quality of service requirements are broken into tasks. These tasks are provided with a cost and chosen by the owning developers. If the iteration plan can still be accomplished with the iteration budget, an iteration planning meeting is called. The iteration planning meeting allows all of the appropriate team members to come together to discuss any issues and finalize the iteration plan.</span>
            </mstns:ContentDescription><mstns:ContentLink>
            </mstns:ContentLink><mstns:Parts><mstns:Part PartType="Step"><mstns:PartName>Create Initial Iteration Plan</mstns:PartName><mstns:Sequence>1</mstns:Sequence><mstns:isRequired>true</mstns:isRequired><mstns:PartDescription>
                        <span xmlns="http://www.w3.org/1999/xhtml">Coordinate with the business analyst to create an initial iteration plan.</span>
                    </mstns:PartDescription><mstns:PartDescription>
                        <span xmlns="http://www.w3.org/1999/xhtml">Obtain the latest prioritized and estimated scenario list. Work with the business analyst to determine the scenarios that will fit in the iteration plan balancing the estimates against the average velocity from the report of the previous iterations and the quality of service requirements and bug allotments.</span>
                    </mstns:PartDescription><mstns:PartDescription>Reprioritize and obtain estimates for additional scenarios if necessary to fill in the iteration plan.</mstns:PartDescription><mstns:PartDescription>
                        <span xmlns="http://www.w3.org/1999/xhtml">Consider any changes to the team velocity, such as vacations or new members, to calculate the iteration budget.</span>
                    </mstns:PartDescription><mstns:PartDescription>
                        <span xmlns="http://www.w3.org/1999/xhtml">Set the iteration field of the scenario work item to the upcoming iteration. Save and publish the initial iteration plan. The scenario is now ready to be written by the business analyst.</span>
                    </mstns:PartDescription></mstns:Part><mstns:Part PartType="Step"><mstns:PartName>Adjust the Initial Iteration Plan</mstns:PartName><mstns:Sequence>2</mstns:Sequence><mstns:isRequired>true</mstns:isRequired><mstns:PartDescription>
                        <span xmlns="http://www.w3.org/1999/xhtml">When the scenario is written and the development tasks are added to the iteration plan, the total cost of the work items in the plan should not exceed the average velocity of the development team.</span>
                    </mstns:PartDescription><mstns:PartDescription>
                        <span xmlns="http://www.w3.org/1999/xhtml">If the total work item cost exceeds the budget, move scenarios, quality of service requirements, or bug allotments to the following iteration. Set the iteration field of the work item to that iteration.</span>
                    </mstns:PartDescription><mstns:PartDescription>
                        <span xmlns="http://www.w3.org/1999/xhtml">If the cost of the work items is less than the average velocity, consider adding new scenarios, quality of service requirements, or bug allotments to fill in the schedule.</span>
                    </mstns:PartDescription></mstns:Part><mstns:Part PartType="Step"><mstns:PartName>Hold Iteration Kickoff Meeting</mstns:PartName><mstns:Sequence>3</mstns:Sequence><mstns:isRequired>true</mstns:isRequired><mstns:PartDescription>
                        <span xmlns="http://www.w3.org/1999/xhtml">Finalize the iteration plan by holding an iteration planning meeting to present the content for the upcoming iteration. This meeting should include all of the members of the team to review the goals of the upcoming iteration.</span>
                    </mstns:PartDescription><mstns:PartDescription>
                        <span xmlns="http://www.w3.org/1999/xhtml">Communicate any priorities within the iteration. If a scenario or quality of service requirement is critical, mark it as an exit criteria. Use this mechanism sparingly.</span>
                    </mstns:PartDescription><mstns:PartDescription>
                        <span xmlns="http://www.w3.org/1999/xhtml">Risks within the iteration should be determined. If the risk warrants attention, capture it as a risk work item.</span>
                    </mstns:PartDescription></mstns:Part></mstns:Parts><mstns:RACI><mstns:RACIItem RACIType="Responsible"><mstns:RoleName>Project Manager</mstns:RoleName><mstns:RACIDescription>Project Manager</mstns:RACIDescription></mstns:RACIItem><mstns:RACIItem RACIType="Consulted"><mstns:RoleName>Business Analyst</mstns:RoleName><mstns:RACIDescription>Business Analyst</mstns:RACIDescription></mstns:RACIItem></mstns:RACI><mstns:Verification></mstns:Verification><mstns:CrossReference><mstns:CrossReferenceItem CrossType="Cycles"><mstns:CrossName>Iteration</mstns:CrossName><mstns:CrossLink>
                    </mstns:CrossLink><mstns:CrossDescription>
                    </mstns:CrossDescription></mstns:CrossReferenceItem><mstns:CrossReferenceItem CrossType="Disciplines"><mstns:CrossName>Project Management</mstns:CrossName><mstns:CrossLink>
                    </mstns:CrossLink><mstns:CrossDescription>
                    </mstns:CrossDescription></mstns:CrossReferenceItem><mstns:CrossReferenceItem CrossType="Tracks"><mstns:CrossName>Build</mstns:CrossName><mstns:CrossLink>
                    </mstns:CrossLink><mstns:CrossDescription>
                    </mstns:CrossDescription></mstns:CrossReferenceItem><mstns:CrossReferenceItem CrossType="WorkItem"><mstns:CrossName>Scenario</mstns:CrossName><mstns:CrossLink>
                    </mstns:CrossLink><mstns:CrossDescription>
                    </mstns:CrossDescription></mstns:CrossReferenceItem><mstns:CrossReferenceItem CrossType="WorkProduct-Project"><mstns:CrossName>Iteration Plan</mstns:CrossName><mstns:CrossLink>
                    </mstns:CrossLink><mstns:CrossDescription>
                    </mstns:CrossDescription></mstns:CrossReferenceItem><mstns:CrossReferenceItem CrossType="Report"><mstns:CrossName>Velocity</mstns:CrossName><mstns:CrossLink>
                    </mstns:CrossLink><mstns:CrossDescription>
                    </mstns:CrossDescription></mstns:CrossReferenceItem><mstns:CrossReferenceItem CrossType="SeeAlso"><mstns:CrossName>How To: Create an Iteration Plan</mstns:CrossName><mstns:CrossLink>
                    </mstns:CrossLink><mstns:CrossDescription>How To: Create an Iteration Plan</mstns:CrossDescription></mstns:CrossReferenceItem><mstns:CrossReferenceItem CrossType="NextStep"><mstns:CrossName>Write Scenario Description</mstns:CrossName><mstns:CrossLink>
                    </mstns:CrossLink><mstns:CrossDescription>Write Scenario Description</mstns:CrossDescription></mstns:CrossReferenceItem><mstns:CrossReferenceItem CrossType="NextStep"><mstns:CrossName>Divide Scenarios into Tasks</mstns:CrossName><mstns:CrossLink>
                    </mstns:CrossLink><mstns:CrossDescription>Divide Scenarios into Tasks</mstns:CrossDescription></mstns:CrossReferenceItem><mstns:CrossReferenceItem CrossType="Query">
									<mstns:CrossName>Project Checklist</mstns:CrossName>
									<mstns:CrossLink></mstns:CrossLink>
									<mstns:CrossDescription><span xmlns="http://www.w3.org/1999/xhtml" class="colorhead"><strong>Project Checklist</strong></span></mstns:CrossDescription>
								</mstns:CrossReferenceItem></mstns:CrossReference><mstns:When>
            </mstns:When><mstns:Dependencies><mstns:DependencyItem><mstns:DependencyName>
                    </mstns:DependencyName><mstns:DependencyDescription>The scenarios have estimates with the time and resources needed and constraints and the risks identified.</mstns:DependencyDescription></mstns:DependencyItem><mstns:DependencyItem><mstns:DependencyName>
                    </mstns:DependencyName><mstns:DependencyDescription>The priorities in the scenario list reflect the latest information available on user needs, customer needs, and business goals.</mstns:DependencyDescription></mstns:DependencyItem></mstns:Dependencies><mstns:CMMI></mstns:CMMI><mstns:Criteria><mstns:CriteriaItem CriteriaType="Exit"><mstns:CriteriaName>The final iteration plan reflects a reviewed and agreed upon set of scenarios, quality of service requirements, tasks and slack for bug allotments scheduled for the upcoming iteration. </mstns:CriteriaName><mstns:CriteriaDescription>
                        <span style="FONT-SIZE: 10pt" xmlns="http://www.w3.org/1999/xhtml">The final iteration plan reflects a reviewed and agreed upon set of scenarios, quality of service requirements, tasks, and slack for bug allotments scheduled for the upcoming iteration. </span>
                    </mstns:CriteriaDescription></mstns:CriteriaItem></mstns:Criteria></mstns:ContentItem><mstns:ContentItem ContentType="Activity"><mstns:ContentOrder>
            </mstns:ContentOrder><mstns:ContentName>Schedule Quality of Service Requirement</mstns:ContentName><mstns:ContentDescription>
                <span xmlns="http://www.w3.org/1999/xhtml">The implementation of quality of service requirements should be scheduled. Quality of service requirements specify non-functional requirements such as performance goals. Some requirements do not have specific tasks associated with them. However, they can be associated with specific scenarios that meet the requirement. Thus a quality of service requirement should be scheduled along with a corresponding scenario to ensure that any work items needed to meet the requirement are completed.</span>
            </mstns:ContentDescription><mstns:ContentLink>
            </mstns:ContentLink><mstns:Parts><mstns:Part PartType="Step"><mstns:PartName>Create Initial Iteration Plan</mstns:PartName><mstns:Sequence>1</mstns:Sequence><mstns:isRequired>true</mstns:isRequired><mstns:PartDescription>
                        <div style="PADDING-RIGHT: 0in; MARGIN-TOP: 0in; PADDING-LEFT: 0in; MARGIN-BOTTOM: 0pt" xmlns="http://www.w3.org/1999/xhtml">Coordinate with the business analyst to create an initial iteration plan. Obtain the latest prioritized and estimated quality of service requirements list. Work with the business analyst to determine the quality of service requirements that will fit in the iteration plan balancing the rough order of magnitude estimates against the average velocity of the previous iterations; and the scenarios and bug allotments currently scheduled for the iteration. </div>
                    </mstns:PartDescription><mstns:PartDescription>Reprioritize and obtain estimates for additional quality of service requirements if necessary to fill in the iteration plan.</mstns:PartDescription><mstns:PartDescription>
                        <font face="Times New Roman" xmlns="http://www.w3.org/1999/xhtml">
                            <span>
                                <font face="Verdana">Set the iteration field of the quality of service requirement work item to the upcoming iteration. Save and publish the initial iteration plan. </font>
                            </span>
                            <span>
                                <font face="Verdana">The quality of service requirement is now ready to be written by the business analyst</font>
                                <font style="FONT-SIZE: 12pt">.</font>
                            </span>
                        </font>
                    </mstns:PartDescription></mstns:Part><mstns:Part PartType="Step"><mstns:PartName>Adjust the Initial Iteration Plan</mstns:PartName><mstns:Sequence>2</mstns:Sequence><mstns:isRequired>true</mstns:isRequired><mstns:PartDescription>When the development tasks have been added to the iteration plan, ensure that the total cost of the work items in the plan does not exceed the average velocity of the development team.</mstns:PartDescription><mstns:PartDescription>If the quality of service requirement is a performance requirement, ensure that the development tasks contain performance budgets.</mstns:PartDescription><mstns:PartDescription>
                        <div xmlns="http://www.w3.org/1999/xhtml">If the total work item cost exceeds the budget, move scenarios, quality of service requirements, or bug allotments to the following iteration. Set the iteration field of the work item to that iteration. </div>
                    </mstns:PartDescription><mstns:PartDescription>
                        <span xmlns="http://www.w3.org/1999/xhtml">If the cost of the work items is less than the average velocity, consider adding new scenarios, quality of service requirements, or bug allotments to fill in the schedule.</span>
                    </mstns:PartDescription></mstns:Part><mstns:Part PartType="Step"><mstns:PartName>Hold Iteration Kickoff Meeting</mstns:PartName><mstns:Sequence>3</mstns:Sequence><mstns:isRequired>true</mstns:isRequired><mstns:PartDescription>Finalize the iteration plan by holding an iteration planning meeting to present the content for the upcoming iteration. This meeting should include all of the members of the team to review the goals of the upcoming iteration.</mstns:PartDescription><mstns:PartDescription>Communicate any priorities within the iteration. If a scenario or quality of service requirement is critical, mark it as an exit criteria. Use this mechanism sparingly.</mstns:PartDescription><mstns:PartDescription>Any risks within the iteration should be determined such as a dependency on an external resource. If the risk warrants attention, capture it as a risk work item.</mstns:PartDescription></mstns:Part></mstns:Parts><mstns:RACI><mstns:RACIItem RACIType="Responsible"><mstns:RoleName>Project Manager</mstns:RoleName><mstns:RACIDescription>Project Manager</mstns:RACIDescription></mstns:RACIItem><mstns:RACIItem RACIType="Consulted"><mstns:RoleName>Business Analyst</mstns:RoleName><mstns:RACIDescription>Business Analyst</mstns:RACIDescription></mstns:RACIItem></mstns:RACI><mstns:Verification></mstns:Verification><mstns:CrossReference><mstns:CrossReferenceItem CrossType="Cycles"><mstns:CrossName>Iteration</mstns:CrossName><mstns:CrossLink>
                    </mstns:CrossLink><mstns:CrossDescription>
                    </mstns:CrossDescription></mstns:CrossReferenceItem><mstns:CrossReferenceItem CrossType="Tracks"><mstns:CrossName>Build</mstns:CrossName><mstns:CrossLink>
                    </mstns:CrossLink><mstns:CrossDescription>
                    </mstns:CrossDescription></mstns:CrossReferenceItem><mstns:CrossReferenceItem CrossType="Disciplines"><mstns:CrossName>Project Management</mstns:CrossName><mstns:CrossLink>
                    </mstns:CrossLink><mstns:CrossDescription>
                    </mstns:CrossDescription></mstns:CrossReferenceItem><mstns:CrossReferenceItem CrossType="WorkItem"><mstns:CrossName>Quality of Service Requirement</mstns:CrossName><mstns:CrossLink>
                    </mstns:CrossLink><mstns:CrossDescription>
                    </mstns:CrossDescription></mstns:CrossReferenceItem><mstns:CrossReferenceItem CrossType="WorkProduct-Project"><mstns:CrossName>Iteration Plan</mstns:CrossName><mstns:CrossLink>
                    </mstns:CrossLink><mstns:CrossDescription>
                    </mstns:CrossDescription></mstns:CrossReferenceItem><mstns:CrossReferenceItem CrossType="Report"><mstns:CrossName>Velocity</mstns:CrossName><mstns:CrossLink>
                    </mstns:CrossLink><mstns:CrossDescription>
                    </mstns:CrossDescription></mstns:CrossReferenceItem><mstns:CrossReferenceItem CrossType="SeeAlso"><mstns:CrossName>How To: Create an Iteration Plan</mstns:CrossName><mstns:CrossLink>
                    </mstns:CrossLink><mstns:CrossDescription>How To: Create an Iteration Plan</mstns:CrossDescription></mstns:CrossReferenceItem><mstns:CrossReferenceItem CrossType="NextStep"><mstns:CrossName>Write Quality of Service Requirement</mstns:CrossName><mstns:CrossLink>
                    </mstns:CrossLink><mstns:CrossDescription>Write Quality of Service Requirement</mstns:CrossDescription></mstns:CrossReferenceItem><mstns:CrossReferenceItem CrossType="NextStep"><mstns:CrossName>Identify Security Objectives</mstns:CrossName><mstns:CrossLink>
                    </mstns:CrossLink><mstns:CrossDescription>Identify Security Objectives</mstns:CrossDescription></mstns:CrossReferenceItem><mstns:CrossReferenceItem CrossType="NextStep"><mstns:CrossName>Divide Quality of Service Requirements into Tasks</mstns:CrossName><mstns:CrossLink>
                    </mstns:CrossLink><mstns:CrossDescription>Divide Quality of Service Requirements into Tasks</mstns:CrossDescription></mstns:CrossReferenceItem><mstns:CrossReferenceItem CrossType="Query">
									<mstns:CrossName>Project Checklist</mstns:CrossName>
									<mstns:CrossLink></mstns:CrossLink>
									<mstns:CrossDescription><span xmlns="http://www.w3.org/1999/xhtml" class="colorhead"><strong>Project Checklist</strong></span></mstns:CrossDescription>
								</mstns:CrossReferenceItem></mstns:CrossReference><mstns:When>
            </mstns:When><mstns:Dependencies><mstns:DependencyItem><mstns:DependencyName>
                    </mstns:DependencyName><mstns:DependencyDescription>The quality of service requirements have estimates with the time and resources needed and the constraints and risks identified.</mstns:DependencyDescription></mstns:DependencyItem><mstns:DependencyItem><mstns:DependencyName>
                    </mstns:DependencyName><mstns:DependencyDescription>The priorities in the quality of service requirements list reflect the latest information available on user needs, customer needs, and business goals.</mstns:DependencyDescription></mstns:DependencyItem></mstns:Dependencies><mstns:CMMI></mstns:CMMI><mstns:Criteria><mstns:CriteriaItem CriteriaType="Exit"><mstns:CriteriaName>The final iteration plan reflects a reviewed and agreed upon set of scenarios, quality of service requirements, tasks and slack for bug allotments scheduled for the upcoming iteration. </mstns:CriteriaName><mstns:CriteriaDescription>The final iteration plan reflects a reviewed and agreed upon set of scenarios, quality of service requirements, tasks, and slack for bug allotments scheduled for the upcoming iteration.</mstns:CriteriaDescription></mstns:CriteriaItem></mstns:Criteria></mstns:ContentItem></mstns:Content><mstns:NavStructure><mstns:Menu><mstns:MenuName>
            </mstns:MenuName><mstns:MenuItem><mstns:MenuItemName>
                </mstns:MenuItemName><mstns:MenuItemTransform>
                </mstns:MenuItemTransform><mstns:MenuItemDescription>
                </mstns:MenuItemDescription></mstns:MenuItem></mstns:Menu><mstns:ImageMenu></mstns:ImageMenu><mstns:BulletMenu><mstns:MenuName>
            </mstns:MenuName><mstns:MenuItem><mstns:MenuItemName>
                </mstns:MenuItemName><mstns:MenuItemTransform>
                </mstns:MenuItemTransform><mstns:MenuBulletImage>
                </mstns:MenuBulletImage><mstns:MenuItemDescription>
                </mstns:MenuItemDescription></mstns:MenuItem></mstns:BulletMenu></mstns:NavStructure><mstns:Glossary><mstns:GlossaryName>Glossary</mstns:GlossaryName><mstns:GlossaryItem><mstns:Term>
            </mstns:Term><mstns:Definition>
            </mstns:Definition><mstns:Reference>
            </mstns:Reference></mstns:GlossaryItem></mstns:Glossary><mstns:HelpContextMap><mstns:MapItem><mstns:Keyword>
            </mstns:Keyword><mstns:Context>
            </mstns:Context><mstns:ContentName>
            </mstns:ContentName></mstns:MapItem></mstns:HelpContextMap><mstns:Index><mstns:IndexItem><mstns:Keyword>
            </mstns:Keyword><mstns:ContentName>
            </mstns:ContentName></mstns:IndexItem></mstns:Index></mstns:ProcessGuidance>