<?xml version="1.0" encoding="utf-8"?>
<mstns:ProcessGuidance 
	xmlns:mstns="http://tempuri.org/XMLSchema.xsd" 
	xmlns:xsi="http://www.w3.org/2001/XMLSchema-instance" 
	xmlns:xhtml="http://www.w3.org/1999/xhtml" 
	xmlns:my="http://schemas.microsoft.com/office/infopath/2003/myXSD/2004-10-13T22:49:49" 
	xmlns:xd="http://schemas.microsoft.com/office/infopath/2003"
	xmlns:xi="http://www.w3.org/2001/XInclude">
  <mstns:Content>
    <xi:include href="CreateSolutionArchitecture.xml" xmlns:xi="http://www.w3.org/2001/XInclude" xpointer="xmlns(mstns=http://tempuri.org/XMLSchema.xsd) xpointer(//mstns:ContentItem)"/>
    <xi:include href="CaptureProjectVision.xml" xmlns:xi="http://www.w3.org/2001/XInclude" xpointer="xmlns(mstns=http://tempuri.org/XMLSchema.xsd) xpointer(//mstns:ContentItem)"/>
    <xi:include href="CreateaDatabaseProject.xml" xmlns:xi="http://www.w3.org/2001/XInclude" xpointer="xmlns(mstns=http://tempuri.org/XMLSchema.xsd) xpointer(//mstns:ContentItem)"/>
    <xi:include href="CreateQOSRequirement.xml" xmlns:xi="http://www.w3.org/2001/XInclude" xpointer="xmlns(mstns=http://tempuri.org/XMLSchema.xsd) xpointer(//mstns:ContentItem)"/>
    <xi:include href="CreateScenario.xml" xmlns:xi="http://www.w3.org/2001/XInclude" xpointer="xmlns(mstns=http://tempuri.org/XMLSchema.xsd) xpointer(//mstns:ContentItem)"/>
    <xi:include href="DeployDBProject.xml" xmlns:xi="http://www.w3.org/2001/XInclude" xpointer="xmlns(mstns=http://tempuri.org/XMLSchema.xsd) xpointer(//mstns:ContentItem)"/>
    <xi:include href="BuildProduct.xml" xmlns:xi="http://www.w3.org/2001/XInclude" xpointer="xmlns(mstns=http://tempuri.org/XMLSchema.xsd) xpointer(//mstns:ContentItem)"/>
    <xi:include href="FixBug.xml" xmlns:xi="http://www.w3.org/2001/XInclude" xpointer="xmlns(mstns=http://tempuri.org/XMLSchema.xsd) xpointer(//mstns:ContentItem)"/>
    <xi:include href="ImplementDevelopmentTask.xml" xmlns:xi="http://www.w3.org/2001/XInclude" xpointer="xmlns(mstns=http://tempuri.org/XMLSchema.xsd) xpointer(//mstns:ContentItem)"/>
    <xi:include href="ImplementDatabaseDevelopmentTask.xml" xmlns:xi="http://www.w3.org/2001/XInclude" xpointer="xmlns(mstns=http://tempuri.org/XMLSchema.xsd) xpointer(//mstns:ContentItem)"/>
    <xi:include href="GuideIteration.xml" xmlns:xi="http://www.w3.org/2001/XInclude" xpointer="xmlns(mstns=http://tempuri.org/XMLSchema.xsd) xpointer(//mstns:ContentItem)"/>
    <xi:include href="PlanIteration.xml" xmlns:xi="http://www.w3.org/2001/XInclude" xpointer="xmlns(mstns=http://tempuri.org/XMLSchema.xsd) xpointer(//mstns:ContentItem)"/>
    <xi:include href="ReleaseProduct.xml" xmlns:xi="http://www.w3.org/2001/XInclude" xpointer="xmlns(mstns=http://tempuri.org/XMLSchema.xsd) xpointer(//mstns:ContentItem)"/>
    <xi:include href="CloseBug.xml" xmlns:xi="http://www.w3.org/2001/XInclude" xpointer="xmlns(mstns=http://tempuri.org/XMLSchema.xsd) xpointer(//mstns:ContentItem)"/>
    <xi:include href="TestQOSRequirement.xml" xmlns:xi="http://www.w3.org/2001/XInclude" xpointer="xmlns(mstns=http://tempuri.org/XMLSchema.xsd) xpointer(//mstns:ContentItem)"/>
    <xi:include href="TestScenario.xml" xmlns:xi="http://www.w3.org/2001/XInclude" xpointer="xmlns(mstns=http://tempuri.org/XMLSchema.xsd) xpointer(//mstns:ContentItem)"/>
    <xi:include href="WorkItems.xml" xmlns:xi="http://www.w3.org/2001/XInclude" xpointer="xmlns(mstns=http://tempuri.org/XMLSchema.xsd) xpointer(//mstns:ContentItem)"/>
    <xi:include href="WorkProducts.xml" xmlns:xi="http://www.w3.org/2001/XInclude" xpointer="xmlns(mstns=http://tempuri.org/XMLSchema.xsd) xpointer(//mstns:ContentItem)"/>
    <xi:include href="HowTo.xml" xmlns:xi="http://www.w3.org/2001/XInclude" xpointer="xmlns(mstns=http://tempuri.org/XMLSchema.xsd) xpointer(//mstns:ContentItem)"/>
    <xi:include href="Views.xml" xmlns:xi="http://www.w3.org/2001/XInclude" xpointer="xmlns(mstns=http://tempuri.org/XMLSchema.xsd) xpointer(//mstns:ContentItem)"/>
    <xi:include href="Queries.xml" xmlns:xi="http://www.w3.org/2001/XInclude" xpointer="xmlns(mstns=http://tempuri.org/XMLSchema.xsd) xpointer(//mstns:ContentItem)"/>
    <xi:include href="Overview.xml" xmlns:xi="http://www.w3.org/2001/XInclude" xpointer="xmlns(mstns=http://tempuri.org/XMLSchema.xsd) xpointer(//mstns:ContentItem)"/>
    <xi:include href="Reports.xml" xmlns:xi="http://www.w3.org/2001/XInclude" xpointer="xmlns(mstns=http://tempuri.org/XMLSchema.xsd) xpointer(//mstns:ContentItem)"/>
    <xi:include href="Roles.xml" xmlns:xi="http://www.w3.org/2001/XInclude" xpointer="xmlns(mstns=http://tempuri.org/XMLSchema.xsd) xpointer(//mstns:ContentItem)"/>
    <xi:include href="GuideProject.xml" xmlns:xi="http://www.w3.org/2001/XInclude" xpointer="xmlns(mstns=http://tempuri.org/XMLSchema.xsd) xpointer(//mstns:ContentItem)"/>
  </mstns:Content>
  <xi:include href="General.xml" xmlns:xi="http://www.w3.org/2001/XInclude" xpointer="xmlns(mstns=http://tempuri.org/XMLSchema.xsd) xpointer(//mstns:NavStructure)"/>
  <xi:include href="General.xml" xmlns:xi="http://www.w3.org/2001/XInclude" xpointer="xmlns(mstns=http://tempuri.org/XMLSchema.xsd) xpointer(//mstns:Glossary)"/>
</mstns:ProcessGuidance>