<?xml version="1.0" encoding="UTF-8"?><?mso-infoPathSolution PIVersion="1.0.0.0" language="en-us" name="urn:schemas-microsoft-com:office:infopath:template2:http---tempuri-org-XMLSchema-xsd" solutionVersion="1.0.0.157" productVersion="11.0.6565" ?><?mso-application progid="InfoPath.Document"?><mstns:ProcessGuidance xmlns:mstns="http://tempuri.org/XMLSchema.xsd" xmlns:xsi="http://www.w3.org/2001/XMLSchema-instance" xmlns:xhtml="http://www.w3.org/1999/xhtml" xmlns:my="http://schemas.microsoft.com/office/infopath/2003/myXSD/2004-10-13T22:49:49" xmlns:xd="http://schemas.microsoft.com/office/infopath/2003"><mstns:Content><mstns:ContentItem ContentType="Query"><mstns:ContentOrder>1</mstns:ContentOrder><mstns:ContentName>Active Bugs</mstns:ContentName><mstns:ContentDescription>This query returns a list of all of your active bugs. This query can also be used to generate a Microsoft Excel spreadsheet of your bugs.</mstns:ContentDescription><mstns:ContentLink>
            </mstns:ContentLink><mstns:Parts/><mstns:RACI><mstns:RACIItem RACIType="Responsible">
									<mstns:RoleName>Project Manager</mstns:RoleName>
									<mstns:RACIDescription></mstns:RACIDescription>
								</mstns:RACIItem></mstns:RACI><mstns:Verification></mstns:Verification><mstns:CrossReference><mstns:CrossReferenceItem CrossType="Disciplines">
									<mstns:CrossName>Project Management</mstns:CrossName>
									<mstns:CrossLink></mstns:CrossLink>
									<mstns:CrossDescription></mstns:CrossDescription>
								</mstns:CrossReferenceItem></mstns:CrossReference><mstns:Dependencies/><mstns:CMMI></mstns:CMMI><mstns:Criteria></mstns:Criteria></mstns:ContentItem><mstns:ContentItem ContentType="Query"><mstns:ContentOrder>2</mstns:ContentOrder><mstns:ContentName>All My Team Project Work Items</mstns:ContentName><mstns:ContentDescription>
                <span style="FONT-SIZE: 10pt" xmlns="http://www.w3.org/1999/xhtml">Returns all open work items for your team project. This query is useful for team planning, scheduling, and viewing all work assigned to a specific team.</span>
            </mstns:ContentDescription><mstns:ContentLink>
            </mstns:ContentLink><mstns:Parts></mstns:Parts><mstns:RACI></mstns:RACI><mstns:Verification></mstns:Verification><mstns:CrossReference></mstns:CrossReference><mstns:Dependencies><mstns:DependencyItem><mstns:DependencyName>
                    </mstns:DependencyName><mstns:DependencyDescription>
                    </mstns:DependencyDescription></mstns:DependencyItem></mstns:Dependencies><mstns:CMMI></mstns:CMMI><mstns:Criteria></mstns:Criteria></mstns:ContentItem><mstns:ContentItem ContentType="Query"><mstns:ContentOrder>3</mstns:ContentOrder><mstns:ContentName> All Scenarios</mstns:ContentName><mstns:ContentDescription>This query returns all of the active scenarios for the team project. This query can be used to generate a scenario list in Microsoft Excel.</mstns:ContentDescription><mstns:ContentLink>
            </mstns:ContentLink><mstns:Parts></mstns:Parts><mstns:RACI></mstns:RACI><mstns:Verification></mstns:Verification><mstns:CrossReference></mstns:CrossReference><mstns:Dependencies><mstns:DependencyItem/></mstns:Dependencies><mstns:CMMI></mstns:CMMI><mstns:Criteria></mstns:Criteria></mstns:ContentItem><mstns:ContentItem ContentType="Query"><mstns:ContentOrder>4</mstns:ContentOrder><mstns:ContentName>All Work Items</mstns:ContentName><mstns:ContentDescription>This query returns the list of all work items in the team project.</mstns:ContentDescription><mstns:ContentLink>
            </mstns:ContentLink><mstns:Parts></mstns:Parts><mstns:Verification></mstns:Verification><mstns:Dependencies><mstns:DependencyItem/></mstns:Dependencies><mstns:CMMI></mstns:CMMI><mstns:Criteria></mstns:Criteria></mstns:ContentItem><mstns:ContentItem ContentType="Query"><mstns:ContentOrder>5</mstns:ContentOrder><mstns:ContentName> My Work Items</mstns:ContentName><mstns:ContentDescription>This query returns a list of your work items.</mstns:ContentDescription><mstns:ContentLink>
            </mstns:ContentLink><mstns:Parts></mstns:Parts><mstns:RACI></mstns:RACI><mstns:Verification></mstns:Verification><mstns:CrossReference></mstns:CrossReference><mstns:Dependencies><mstns:DependencyItem/></mstns:Dependencies><mstns:CMMI></mstns:CMMI><mstns:Criteria></mstns:Criteria></mstns:ContentItem><mstns:ContentItem ContentType="Query"><mstns:ContentOrder>6</mstns:ContentOrder><mstns:ContentName> Project Checklist</mstns:ContentName><mstns:ContentDescription>This query returns the list of work items that have the exit criteria field marked Yes. This query is used to transfer work items from the scenario and quality of service requirement list to the iteration plan.</mstns:ContentDescription><mstns:ContentLink>
            </mstns:ContentLink><mstns:Parts></mstns:Parts><mstns:Verification></mstns:Verification><mstns:Dependencies><mstns:DependencyItem/></mstns:Dependencies><mstns:CMMI></mstns:CMMI><mstns:Criteria></mstns:Criteria></mstns:ContentItem><mstns:ContentItem ContentType="Query"><mstns:ContentOrder>7</mstns:ContentOrder><mstns:ContentName> Resolved Bugs</mstns:ContentName><mstns:ContentDescription>This query returns a list of the bugs that are resolved.</mstns:ContentDescription><mstns:ContentLink>
            </mstns:ContentLink><mstns:Parts></mstns:Parts><mstns:RACI></mstns:RACI><mstns:CrossReference></mstns:CrossReference><mstns:Dependencies/><mstns:CMMI></mstns:CMMI><mstns:Criteria></mstns:Criteria></mstns:ContentItem><mstns:ContentItem ContentType="Query"><mstns:ContentOrder>8</mstns:ContentOrder><mstns:ContentName>All Tasks</mstns:ContentName><mstns:ContentDescription>This query returns all of the active tasks for the team project. This query can be used to generate a task list in Microsoft Project or Microsoft Excel.</mstns:ContentDescription><mstns:ContentLink>
            </mstns:ContentLink><mstns:States/><mstns:RACI></mstns:RACI><mstns:Verification></mstns:Verification><mstns:When>
            </mstns:When><mstns:Dependencies/><mstns:CMMI></mstns:CMMI><mstns:Criteria></mstns:Criteria></mstns:ContentItem><mstns:ContentItem ContentType="Query"><mstns:ContentOrder>9</mstns:ContentOrder><mstns:ContentName>All Quality of Service Requirements</mstns:ContentName><mstns:ContentDescription>
                <span style="FONT-SIZE: 10pt" xmlns="http://www.w3.org/1999/xhtml">This query returns all of the active quality of service requirements for the team project. This query can be used to generate a quality of service requirements list in Microsoft Excel.</span>
            </mstns:ContentDescription><mstns:ContentLink>
            </mstns:ContentLink><mstns:RACI></mstns:RACI><mstns:Verification></mstns:Verification><mstns:CrossReference></mstns:CrossReference><mstns:When>
            </mstns:When><mstns:Dependencies/><mstns:CMMI></mstns:CMMI><mstns:Criteria></mstns:Criteria></mstns:ContentItem><mstns:ContentItem ContentType="Query">
										<mstns:ContentOrder>10</mstns:ContentOrder>
										<mstns:ContentName>Untriaged Bugs</mstns:ContentName>
										<mstns:ContentDescription>This query returns the list of bugs that yet to be triaged. This query can be used to generate the triage list in Excel.</mstns:ContentDescription>
										<mstns:ContentLink></mstns:ContentLink>
										<mstns:States>
											
										</mstns:States>
										<mstns:Parts>
											
										</mstns:Parts>
										<mstns:RACI>
											<mstns:RACIItem RACIType="Responsible">
												<mstns:RoleName>Project Manager</mstns:RoleName>
												<mstns:RACIDescription></mstns:RACIDescription>
											</mstns:RACIItem>
										</mstns:RACI>
										<mstns:Verification>
											
										</mstns:Verification>
										<mstns:CrossReference>
											
										</mstns:CrossReference>
										<mstns:When></mstns:When>
										<mstns:Dependencies>
											
										</mstns:Dependencies>
										<mstns:CMMI>
											
										</mstns:CMMI>
										<mstns:Criteria>
											
										</mstns:Criteria>
									</mstns:ContentItem><mstns:ContentItem ContentType="Query">
										<mstns:ContentOrder>11</mstns:ContentOrder>
										<mstns:ContentName>All Issues</mstns:ContentName>
										<mstns:ContentDescription>This query generates a list of all of the work items with the issue field set to 'yes'. Use this query to determine any blocked tasks or outstanding risks. This query should be run every morning by a project manager.</mstns:ContentDescription>
										<mstns:ContentLink></mstns:ContentLink>
										<mstns:States>
											
										</mstns:States>
										<mstns:Parts>
											
										</mstns:Parts>
										<mstns:RACI>
											<mstns:RACIItem RACIType="Responsible">
												<mstns:RoleName>Project Manager</mstns:RoleName>
												<mstns:RACIDescription></mstns:RACIDescription>
											</mstns:RACIItem>
										</mstns:RACI>
										<mstns:Verification>
											
										</mstns:Verification>
										<mstns:CrossReference>
											
										</mstns:CrossReference>
										<mstns:When></mstns:When>
										<mstns:Dependencies>
											
										</mstns:Dependencies>
										<mstns:CMMI>
											
										</mstns:CMMI>
										<mstns:Criteria>
											
										</mstns:Criteria>
									</mstns:ContentItem></mstns:Content><mstns:NavStructure><mstns:Menu><mstns:MenuName>
            </mstns:MenuName><mstns:MenuItem><mstns:MenuItemName>
                </mstns:MenuItemName><mstns:MenuItemTransform>
                </mstns:MenuItemTransform><mstns:MenuItemDescription>
                </mstns:MenuItemDescription></mstns:MenuItem></mstns:Menu><mstns:ImageMenu></mstns:ImageMenu><mstns:BulletMenu><mstns:MenuName>
            </mstns:MenuName><mstns:MenuItem><mstns:MenuItemName>
                </mstns:MenuItemName><mstns:MenuItemTransform>
                </mstns:MenuItemTransform><mstns:MenuBulletImage>
                </mstns:MenuBulletImage><mstns:MenuItemDescription>
                </mstns:MenuItemDescription></mstns:MenuItem></mstns:BulletMenu></mstns:NavStructure><mstns:Glossary><mstns:GlossaryName>Glossary</mstns:GlossaryName><mstns:GlossaryItem><mstns:Term>
            </mstns:Term><mstns:Definition>
            </mstns:Definition><mstns:Reference>
            </mstns:Reference></mstns:GlossaryItem></mstns:Glossary><mstns:HelpContextMap><mstns:MapItem><mstns:Keyword>
            </mstns:Keyword><mstns:Context>
            </mstns:Context><mstns:ContentName>
            </mstns:ContentName></mstns:MapItem></mstns:HelpContextMap><mstns:Index><mstns:IndexItem><mstns:Keyword>
            </mstns:Keyword><mstns:ContentName>
            </mstns:ContentName></mstns:IndexItem></mstns:Index></mstns:ProcessGuidance>