﻿<?xml version="1.0" encoding="UTF-8"?>
<?mso-infoPathSolution PIVersion="1.0.0.0" language="en-us" name="urn:schemas-microsoft-com:office:infopath:template2:http---tempuri-org-XMLSchema-xsd" solutionVersion="1.0.0.157" productVersion="11.0.6565" ?><?mso-application progid="InfoPath.Document"?><mstns:ProcessGuidance xmlns:mstns="http://tempuri.org/XMLSchema.xsd" xmlns:xsi="http://www.w3.org/2001/XMLSchema-instance" xmlns:xhtml="http://www.w3.org/1999/xhtml" xmlns:my="http://schemas.microsoft.com/office/infopath/2003/myXSD/2004-10-13T22:49:49" xmlns:xd="http://schemas.microsoft.com/office/infopath/2003"><mstns:Content><mstns:ContentItem ContentType="Workstream"><mstns:ContentOrder>1</mstns:ContentOrder><mstns:ContentName>Release a Product</mstns:ContentName><mstns:ContentDescription>At some point in the project, the amount of functionality will warrant a release. There are many types of releases, such as alphas, betas, and the final version or point release. This release will have impacts greater than the immediate development team that built it. There will be users to consider. For externally released software products, marketing and sales collateral need to be created. Internal systems require training and operations support. To prepare these folks for the upcoming release, a release plan is created. The release process and corresponding release plan differ depending on the type of product and whether it is for internal or external consumption. </mstns:ContentDescription><mstns:ContentLink>
            </mstns:ContentLink><mstns:Parts><mstns:Part PartType="Step"><mstns:PartName>Execute a Release Plan</mstns:PartName><mstns:Sequence>1</mstns:Sequence><mstns:isRequired>true</mstns:isRequired><mstns:PartDescription>Review material for accuracy.</mstns:PartDescription><mstns:PartDescription>Coordinate product delivery.</mstns:PartDescription></mstns:Part><mstns:Part PartType="Step"><mstns:PartName>Validate a Release</mstns:PartName><mstns:Sequence>2</mstns:Sequence><mstns:isRequired>true</mstns:isRequired><mstns:PartDescription>Create a release branch.</mstns:PartDescription><mstns:PartDescription>Run complete regression test.</mstns:PartDescription><mstns:PartDescription>Open bug reports.</mstns:PartDescription></mstns:Part><mstns:Part PartType="Step"><mstns:PartName>Create Release Notes</mstns:PartName><mstns:Sequence>3</mstns:Sequence><mstns:isRequired>true</mstns:isRequired><mstns:PartDescription>Document known limitations.</mstns:PartDescription><mstns:PartDescription>Review the release notes.</mstns:PartDescription></mstns:Part><mstns:Part PartType="Step"><mstns:PartName>Deploy the Product</mstns:PartName><mstns:Sequence>4</mstns:Sequence><mstns:isRequired>true</mstns:isRequired><mstns:PartDescription>Package the product for release.</mstns:PartDescription><mstns:PartDescription>Create the media master or execute the deployment of the product.</mstns:PartDescription></mstns:Part></mstns:Parts><mstns:RACI><mstns:RACIItem RACIType="Responsible"><mstns:RoleName>Release Manager</mstns:RoleName><mstns:RACIDescription>Release Manager</mstns:RACIDescription></mstns:RACIItem></mstns:RACI><mstns:Verification></mstns:Verification><mstns:CrossReference><mstns:CrossReferenceItem CrossType="Report"><mstns:CrossName>Quality Indicators</mstns:CrossName><mstns:CrossLink>
                    </mstns:CrossLink><mstns:CrossDescription>
                    </mstns:CrossDescription></mstns:CrossReferenceItem><mstns:CrossReferenceItem CrossType="PatternPractices"><mstns:CrossName>Deploying to the .Net Environment</mstns:CrossName><mstns:CrossLink>http://go.microsoft.com/fwlink/?LinkId=46231</mstns:CrossLink><mstns:CrossDescription>
                    </mstns:CrossDescription></mstns:CrossReferenceItem><mstns:CrossReferenceItem CrossType="PatternPractices"><mstns:CrossName>Microsoft Operations Framework</mstns:CrossName><mstns:CrossLink>http://go.microsoft.com/fwlink/?LinkId=46234</mstns:CrossLink><mstns:CrossDescription>Microsoft Operations Framework</mstns:CrossDescription></mstns:CrossReferenceItem></mstns:CrossReference><mstns:When>
            </mstns:When><mstns:Dependencies><mstns:DependencyItem><mstns:DependencyName>
                    </mstns:DependencyName><mstns:DependencyDescription>The build designated as the release candidate meets the date or functionality objectives called for in the test approach.</mstns:DependencyDescription></mstns:DependencyItem><mstns:DependencyItem>
										<mstns:DependencyName></mstns:DependencyName>
										<mstns:DependencyDescription>The build designated as the release candidate meets the quality objectives called for in the test approach.</mstns:DependencyDescription>
									</mstns:DependencyItem></mstns:Dependencies><mstns:CMMI></mstns:CMMI><mstns:Criteria><mstns:CriteriaItem CriteriaType="Exit"><mstns:CriteriaName>The system is released.</mstns:CriteriaName><mstns:CriteriaDescription>The system is released.</mstns:CriteriaDescription></mstns:CriteriaItem></mstns:Criteria></mstns:ContentItem><mstns:ContentItem ContentType="Activity"><mstns:ContentOrder>
            </mstns:ContentOrder><mstns:ContentName>Execute a Release Plan</mstns:ContentName><mstns:ContentDescription>The release plan aligns all parties scheduled to receive the new release. The plan prepares the media manufacturing team, customer, and operations team as development transitions the release. Additionally, it informs the teams responsible for downstream activities when to expect the release and what technical support they can expect. As the product moves toward hand-off, the release plan is a checklist of actions intended to make sure the release goes smoothly.</mstns:ContentDescription><mstns:ContentLink>
            </mstns:ContentLink><mstns:Parts><mstns:Part PartType="Step"><mstns:PartName>Review Release Materials</mstns:PartName><mstns:Sequence>1</mstns:Sequence><mstns:isRequired>true</mstns:isRequired><mstns:PartDescription>Check that the sales, training, marketing, and customer acceptance materials match the content of the product.</mstns:PartDescription></mstns:Part><mstns:Part PartType="Step"><mstns:PartName>Coordinate Product Delivery</mstns:PartName><mstns:Sequence>2</mstns:Sequence><mstns:isRequired>true</mstns:isRequired><mstns:PartDescription>
                        <span xmlns="http://www.w3.org/1999/xhtml">Setup the logistics of product delivery or deployment.</span>
                    </mstns:PartDescription><mstns:PartDescription>Make sure the environment for delivery is ready for the release.</mstns:PartDescription></mstns:Part></mstns:Parts><mstns:RACI><mstns:RACIItem RACIType="Responsible"><mstns:RoleName>Release Manager</mstns:RoleName><mstns:RACIDescription>Release Manager</mstns:RACIDescription></mstns:RACIItem></mstns:RACI><mstns:CrossReference><mstns:CrossReferenceItem CrossType="Cycles"><mstns:CrossName>Project</mstns:CrossName><mstns:CrossLink>
                    </mstns:CrossLink><mstns:CrossDescription>
                    </mstns:CrossDescription></mstns:CrossReferenceItem><mstns:CrossReferenceItem CrossType="Tracks"><mstns:CrossName>Deploy</mstns:CrossName><mstns:CrossLink>
                    </mstns:CrossLink><mstns:CrossDescription>
                    </mstns:CrossDescription></mstns:CrossReferenceItem><mstns:CrossReferenceItem CrossType="NextStep"><mstns:CrossName>Validate a Release</mstns:CrossName><mstns:CrossLink>
                    </mstns:CrossLink><mstns:CrossDescription>See Also 1</mstns:CrossDescription></mstns:CrossReferenceItem><mstns:CrossReferenceItem CrossType="WorkProduct-Project"><mstns:CrossName>Release Plan</mstns:CrossName><mstns:CrossLink>
                    </mstns:CrossLink><mstns:CrossDescription>Release Plan</mstns:CrossDescription></mstns:CrossReferenceItem></mstns:CrossReference><mstns:When>
            </mstns:When><mstns:Dependencies><mstns:DependencyItem><mstns:DependencyName>
                    </mstns:DependencyName><mstns:DependencyDescription>The release candidate build meets the date or functionality objectives called for in the vision statement. </mstns:DependencyDescription></mstns:DependencyItem><mstns:DependencyItem>
										<mstns:DependencyName></mstns:DependencyName>
										<mstns:DependencyDescription>The release candidate build meets the quality objectives called for in the test approach. </mstns:DependencyDescription>
									</mstns:DependencyItem></mstns:Dependencies><mstns:CMMI></mstns:CMMI><mstns:Criteria><mstns:CriteriaItem CriteriaType="Exit"><mstns:CriteriaName>The customer, media delivery, customer, or operations center is ready to receive the product.</mstns:CriteriaName><mstns:CriteriaDescription>
                        <span xmlns="http://www.w3.org/1999/xhtml">The customer, media delivery, or operations center is ready to receive the product.</span>
                    </mstns:CriteriaDescription></mstns:CriteriaItem></mstns:Criteria></mstns:ContentItem><mstns:ContentItem ContentType="Activity"><mstns:ContentOrder>
            </mstns:ContentOrder><mstns:ContentName>Validate a Release</mstns:ContentName><mstns:ContentDescription>
                <span xmlns="http://www.w3.org/1999/xhtml">A build is ready to be validated for release when functionality, time, and quality objectives defined in the vision statement and test approach are met. Alpha and beta releases also constitute releases. The build must pass a final set of regression tests and subsequent triage to become a release. When regression tests are complete, a decision is made whether to fix bugs or designate the build as the release candidate.</span>
            </mstns:ContentDescription><mstns:ContentLink>
            </mstns:ContentLink><mstns:Parts><mstns:Part PartType="Step"><mstns:PartName>Create a Release Branch</mstns:PartName><mstns:Sequence>1</mstns:Sequence><mstns:isRequired>true</mstns:isRequired><mstns:PartDescription>Create a new branch for the release candidate. This isolates the code so that only selected fixes may be applied.</mstns:PartDescription></mstns:Part><mstns:Part PartType="Step"><mstns:PartName>Run Regression Test</mstns:PartName><mstns:Sequence>2</mstns:Sequence><mstns:isRequired>true</mstns:isRequired><mstns:PartDescription>Run a full regression test on the release candidate.</mstns:PartDescription></mstns:Part><mstns:Part PartType="Step"><mstns:PartName>Open a Bug</mstns:PartName><mstns:Sequence>3</mstns:Sequence><mstns:isRequired>true</mstns:isRequired><mstns:PartDescription>
                        <span xmlns="http://www.w3.org/1999/xhtml">A test failure results in a new bug report. Assess the impact and reproduce each bug.</span>
                    </mstns:PartDescription><mstns:PartDescription>
                        <span xmlns="http://www.w3.org/1999/xhtml">Check for duplicate bugs. Attach bugs identified to the test task that generated the bugs.</span>
                    </mstns:PartDescription><mstns:PartDescription>
                        <span xmlns="http://www.w3.org/1999/xhtml">Attach the test case, test results, test configuration, and scenario or quality of service requirement to the bug report.</span>
                    </mstns:PartDescription></mstns:Part></mstns:Parts><mstns:RACI><mstns:RACIItem RACIType="Responsible"><mstns:RoleName>Release Manager</mstns:RoleName><mstns:RACIDescription>Release Manager</mstns:RACIDescription></mstns:RACIItem><mstns:RACIItem RACIType="Consulted"><mstns:RoleName>Tester</mstns:RoleName><mstns:RACIDescription>Tester</mstns:RACIDescription></mstns:RACIItem></mstns:RACI><mstns:CrossReference><mstns:CrossReferenceItem CrossType="Cycles"><mstns:CrossName>Project</mstns:CrossName><mstns:CrossLink>
                    </mstns:CrossLink><mstns:CrossDescription>
                    </mstns:CrossDescription></mstns:CrossReferenceItem><mstns:CrossReferenceItem CrossType="Tracks"><mstns:CrossName>Deploy</mstns:CrossName><mstns:CrossLink>
                    </mstns:CrossLink><mstns:CrossDescription>
                    </mstns:CrossDescription></mstns:CrossReferenceItem><mstns:CrossReferenceItem CrossType="Report"><mstns:CrossName>Quality Indicators</mstns:CrossName><mstns:CrossLink>
                    </mstns:CrossLink><mstns:CrossDescription>Roles</mstns:CrossDescription></mstns:CrossReferenceItem><mstns:CrossReferenceItem CrossType="NextStep"><mstns:CrossName>Open a Bug</mstns:CrossName><mstns:CrossLink>
                    </mstns:CrossLink><mstns:CrossDescription>Open a Bug</mstns:CrossDescription></mstns:CrossReferenceItem><mstns:CrossReferenceItem CrossType="NextStep"><mstns:CrossName>Create Release Notes</mstns:CrossName><mstns:CrossLink>
                    </mstns:CrossLink><mstns:CrossDescription>Create Release Notes</mstns:CrossDescription></mstns:CrossReferenceItem></mstns:CrossReference><mstns:When>
            </mstns:When><mstns:Dependencies><mstns:DependencyItem><mstns:DependencyName>
                    </mstns:DependencyName><mstns:DependencyDescription>The release candidate build meets time or functionality objectives established in the vision statement.</mstns:DependencyDescription></mstns:DependencyItem><mstns:DependencyItem>
										<mstns:DependencyName></mstns:DependencyName>
										<mstns:DependencyDescription>The release candidate build meets quality objectives from the test approach.</mstns:DependencyDescription>
									</mstns:DependencyItem></mstns:Dependencies><mstns:CMMI></mstns:CMMI><mstns:Criteria><mstns:CriteriaItem CriteriaType="Exit"><mstns:CriteriaName>No regression test is blocked.</mstns:CriteriaName><mstns:CriteriaDescription>No regression test is blocked.</mstns:CriteriaDescription></mstns:CriteriaItem></mstns:Criteria></mstns:ContentItem><mstns:ContentItem ContentType="Activity"><mstns:ContentOrder>
            </mstns:ContentOrder><mstns:ContentName>Create Release Notes</mstns:ContentName><mstns:ContentDescription>Release notes are a brief summary of information included with each product release. Release notes describe environment requirements, installation details, product invocation, new features, resolved bugs, known defects, or workarounds. Users refer to release notes to discover details about the new product release.</mstns:ContentDescription><mstns:ContentLink>
            </mstns:ContentLink><mstns:Parts><mstns:Part PartType="Step"><mstns:PartName>Document Known Limitations</mstns:PartName><mstns:Sequence>1</mstns:Sequence><mstns:isRequired>true</mstns:isRequired><mstns:PartDescription>Describe the environmental requirements.</mstns:PartDescription><mstns:PartDescription>Describe the installation mechanism.</mstns:PartDescription><mstns:PartDescription>Describe the product invocation information.</mstns:PartDescription><mstns:PartDescription>Describe the new scenarios and defects resolved compared with the previous release.</mstns:PartDescription><mstns:PartDescription>Describe any known limitations of the product or bugs that could restrict the expected behavior.</mstns:PartDescription><mstns:PartDescription>Review the release notes to be sure that they are accurate, complete, and externally presentable.</mstns:PartDescription></mstns:Part></mstns:Parts><mstns:RACI><mstns:RACIItem RACIType="Responsible"><mstns:RoleName>Release Manager</mstns:RoleName><mstns:RACIDescription>Release Manager</mstns:RACIDescription></mstns:RACIItem><mstns:RACIItem RACIType="Consulted"><mstns:RoleName>Developer</mstns:RoleName><mstns:RACIDescription>Developer</mstns:RACIDescription></mstns:RACIItem></mstns:RACI><mstns:CrossReference><mstns:CrossReferenceItem CrossType="NextStep"><mstns:CrossName>Deploy the Product</mstns:CrossName><mstns:CrossLink>
                    </mstns:CrossLink><mstns:CrossDescription>Deploy the Product</mstns:CrossDescription></mstns:CrossReferenceItem><mstns:CrossReferenceItem CrossType="Cycles"><mstns:CrossName>Project</mstns:CrossName><mstns:CrossLink>
                    </mstns:CrossLink><mstns:CrossDescription>
                    </mstns:CrossDescription></mstns:CrossReferenceItem><mstns:CrossReferenceItem CrossType="Tracks"><mstns:CrossName>Deploy</mstns:CrossName><mstns:CrossLink>
                    </mstns:CrossLink><mstns:CrossDescription>
                    </mstns:CrossDescription></mstns:CrossReferenceItem></mstns:CrossReference><mstns:When>
            </mstns:When><mstns:Dependencies><mstns:DependencyItem><mstns:DependencyName>
                    </mstns:DependencyName><mstns:DependencyDescription>The release candidate build has passed the final regression tests.</mstns:DependencyDescription></mstns:DependencyItem></mstns:Dependencies><mstns:CMMI></mstns:CMMI><mstns:Criteria><mstns:CriteriaItem CriteriaType="Exit"><mstns:CriteriaName>The final state of the system is documented in the release notes.</mstns:CriteriaName><mstns:CriteriaDescription>The final state of the system is documented in the release notes.</mstns:CriteriaDescription></mstns:CriteriaItem></mstns:Criteria></mstns:ContentItem><mstns:ContentItem ContentType="Activity"><mstns:ContentOrder>
            </mstns:ContentOrder><mstns:ContentName>Deploy the Product</mstns:ContentName><mstns:ContentDescription>The final step in creating a product is to deploy it. The purpose of deployment is to gather all of the pieces necessary for the final delivery. In some cases, this involves copying the product to a media master. In other cases, it is to deploy it to a staging server or download site. Whatever the mechanism used, the goal is the same – transition the system to the users.</mstns:ContentDescription><mstns:ContentLink>
            </mstns:ContentLink><mstns:Parts><mstns:Part PartType="Step"><mstns:PartName>Package the Release</mstns:PartName><mstns:Sequence>1</mstns:Sequence><mstns:isRequired>true</mstns:isRequired><mstns:PartDescription>Package the product to be easily installed or deployed.</mstns:PartDescription><mstns:PartDescription>Create the media master or execute the deployment of the product.</mstns:PartDescription></mstns:Part><mstns:Part PartType="Step"><mstns:PartName>Distribute the Release</mstns:PartName><mstns:Sequence>2</mstns:Sequence><mstns:isRequired>true</mstns:isRequired><mstns:PartDescription>Deliver the system to its intended users.</mstns:PartDescription></mstns:Part></mstns:Parts><mstns:RACI><mstns:RACIItem RACIType="Responsible"><mstns:RoleName>Release Manager</mstns:RoleName><mstns:RACIDescription>Release Manager</mstns:RACIDescription></mstns:RACIItem><mstns:RACIItem RACIType="Consulted"><mstns:RoleName>Developer</mstns:RoleName><mstns:RACIDescription>Developer</mstns:RACIDescription></mstns:RACIItem></mstns:RACI><mstns:CrossReference><mstns:CrossReferenceItem CrossType="Cycles"><mstns:CrossName>Project</mstns:CrossName><mstns:CrossLink>
                    </mstns:CrossLink><mstns:CrossDescription>
                    </mstns:CrossDescription></mstns:CrossReferenceItem><mstns:CrossReferenceItem CrossType="Tracks"><mstns:CrossName>Deploy</mstns:CrossName><mstns:CrossLink>
                    </mstns:CrossLink><mstns:CrossDescription>
                    </mstns:CrossDescription></mstns:CrossReferenceItem></mstns:CrossReference><mstns:When>
            </mstns:When><mstns:Dependencies><mstns:DependencyItem><mstns:DependencyName>
                    </mstns:DependencyName><mstns:DependencyDescription>The release has release notes and is ready to be delivered to the customer.</mstns:DependencyDescription></mstns:DependencyItem></mstns:Dependencies><mstns:CMMI></mstns:CMMI><mstns:Criteria><mstns:CriteriaItem CriteriaType="Exit"><mstns:CriteriaName>The system is accepted by the customer.</mstns:CriteriaName><mstns:CriteriaDescription>The system is accepted by the customer.</mstns:CriteriaDescription></mstns:CriteriaItem></mstns:Criteria></mstns:ContentItem></mstns:Content><mstns:NavStructure><mstns:Menu><mstns:MenuName>
            </mstns:MenuName><mstns:MenuItem><mstns:MenuItemName>
                </mstns:MenuItemName><mstns:MenuItemTransform>
                </mstns:MenuItemTransform><mstns:MenuItemDescription>
                </mstns:MenuItemDescription></mstns:MenuItem></mstns:Menu><mstns:ImageMenu></mstns:ImageMenu><mstns:BulletMenu><mstns:MenuName>
            </mstns:MenuName><mstns:MenuItem><mstns:MenuItemName>
                </mstns:MenuItemName><mstns:MenuItemTransform>
                </mstns:MenuItemTransform><mstns:MenuBulletImage>
                </mstns:MenuBulletImage><mstns:MenuItemDescription>
                </mstns:MenuItemDescription></mstns:MenuItem></mstns:BulletMenu></mstns:NavStructure><mstns:Glossary><mstns:GlossaryName>Glossary</mstns:GlossaryName><mstns:GlossaryItem><mstns:Term>
            </mstns:Term><mstns:Definition>
            </mstns:Definition><mstns:Reference>
            </mstns:Reference></mstns:GlossaryItem></mstns:Glossary><mstns:HelpContextMap><mstns:MapItem><mstns:Keyword>
            </mstns:Keyword><mstns:Context>
            </mstns:Context><mstns:ContentName>
            </mstns:ContentName></mstns:MapItem></mstns:HelpContextMap><mstns:Index><mstns:IndexItem><mstns:Keyword>
            </mstns:Keyword><mstns:ContentName>
            </mstns:ContentName></mstns:IndexItem></mstns:Index></mstns:ProcessGuidance>