<?xml version="1.0" encoding="UTF-8"?><?mso-infoPathSolution PIVersion="1.0.0.0" language="en-us" name="urn:schemas-microsoft-com:office:infopath:template2:http---tempuri-org-XMLSchema-xsd" solutionVersion="1.0.0.162" productVersion="11.0.8034" ?><?mso-application progid="InfoPath.Document"?><mstns:ProcessGuidance xmlns:mstns="http://tempuri.org/XMLSchema.xsd" xmlns:xsi="http://www.w3.org/2001/XMLSchema-instance" xmlns:xhtml="http://www.w3.org/1999/xhtml" xmlns:my="http://schemas.microsoft.com/office/infopath/2003/myXSD/2004-10-13T22:49:49" xmlns:xd="http://schemas.microsoft.com/office/infopath/2003"><mstns:Content><mstns:ContentItem ContentType="Report"><mstns:ContentOrder>1</mstns:ContentOrder><mstns:ContentName>Actual Quality versus Planned Velocity</mstns:ContentName><mstns:ContentDescription>How many scenarios can be completed before quality is unacceptable? As much as teams believe the saying "haste makes waste" there is usually a business incentive to go faster. A project manager’s goal ought to be to balance the two by finding the maximum rate of progress that does not make quality suffer. This graph presents the relationship, for each iteration, of estimated size to overall quality.</mstns:ContentDescription><mstns:ContentLink>
            </mstns:ContentLink><mstns:Parts><mstns:Part PartType="DataSeries"><mstns:PartName>Scenarios</mstns:PartName><mstns:Sequence>1</mstns:Sequence><mstns:isRequired>false</mstns:isRequired><mstns:PartDescription>The x-axis is the number of scenarios actually closed (completed) in the iteration. Each bubble is labeled according to its iteration. </mstns:PartDescription></mstns:Part><mstns:Part PartType="DataSeries"><mstns:PartName>Bugs Found per Scenarios Resolved</mstns:PartName><mstns:Sequence>1</mstns:Sequence><mstns:isRequired>false</mstns:isRequired><mstns:PartDescription>The y-axis is the total number of bugs found divided by the scenarios closed. (In other words, the average number of bugs per scenario.)</mstns:PartDescription></mstns:Part><mstns:Part PartType="DataSeries"><mstns:PartName>Total Estimated Work</mstns:PartName><mstns:Sequence>1</mstns:Sequence><mstns:isRequired>false</mstns:isRequired><mstns:PartDescription>The area of each bubble is the amount of work estimated in the iteration, computed as the sum of rough order of magnitude estimates on the scenarios.</mstns:PartDescription></mstns:Part><mstns:Part PartType="DataSeries"><mstns:PartName>Efficiency</mstns:PartName><mstns:Sequence>1</mstns:Sequence><mstns:isRequired>false</mstns:isRequired><mstns:PartDescription>Stoplight colors go from green for the lowest bugs per iteration to red for the highest. If haste is in fact making waste, larger bubbles (larger iterations) will be higher in the upper right area of the graph and smaller ones lower in the lower left area of the graph. If you are working at a comfortable pace, and have not seen quality drop with planned iteration size, then all iterations will be at roughly the same height on Y.</mstns:PartDescription></mstns:Part><mstns:Part PartType="ImageMenuReference"><mstns:PartName>ReportImageMenuHealthy</mstns:PartName><mstns:Sequence>1</mstns:Sequence><mstns:isRequired>false</mstns:isRequired><mstns:PartDescription>Qualityvelocity ImageMenu</mstns:PartDescription></mstns:Part></mstns:Parts><mstns:CrossReference><mstns:CrossReferenceItem CrossType="Activity"><mstns:CrossName>Plan an Iteration</mstns:CrossName><mstns:CrossLink>
                    </mstns:CrossLink><mstns:CrossDescription>Plan an Iteration</mstns:CrossDescription></mstns:CrossReferenceItem></mstns:CrossReference><mstns:When>
            </mstns:When><mstns:Dependencies><mstns:DependencyItem><mstns:DependencyName>
                    </mstns:DependencyName><mstns:DependencyDescription>
                    </mstns:DependencyDescription></mstns:DependencyItem></mstns:Dependencies><mstns:CMMI/><mstns:Criteria></mstns:Criteria></mstns:ContentItem><mstns:ContentItem ContentType="Report"><mstns:ContentOrder>5</mstns:ContentOrder><mstns:ContentName>Bugs by Priority</mstns:ContentName><mstns:ContentDescription>Are the correct bugs being found and triaged? Bugs reported by priority assess the effectiveness of two things: bug hunting and triage. Discovering bugs is a normal part of product development. Often however, the easy-to-find bugs aren’t the ones that will annoy customers the most. If the high-priority bugs are not being found and a disproportionate number of low-priority bugs are, redirect the testing efforts to look for the bugs that matter. In triage, it is easy to over-prioritize bugs beyond the capacity to resolve them, or under-prioritize them to the point where customers are highly dissatisfied.</mstns:ContentDescription><mstns:ContentLink>
            </mstns:ContentLink><mstns:Parts><mstns:Part PartType="DataSeries"><mstns:PartName>Side by Side</mstns:PartName><mstns:Sequence>1</mstns:Sequence><mstns:isRequired>false</mstns:isRequired><mstns:PartDescription>The series are: total active bugs at the time of the team build, number found in build, and number resolved in build. These are the same three series of bars representing similar data to the bug rates graph.</mstns:PartDescription></mstns:Part><mstns:Part PartType="DataSeries"><mstns:PartName>Stacking</mstns:PartName><mstns:Sequence>1</mstns:Sequence><mstns:isRequired>false</mstns:isRequired><mstns:PartDescription>Each series is further broken into priority, so that each bar stacks from highest to lowest priority, with lowest on top. </mstns:PartDescription></mstns:Part><mstns:Part PartType="DataSeries"><mstns:PartName>Interpretation</mstns:PartName><mstns:Sequence>1</mstns:Sequence><mstns:isRequired>false</mstns:isRequired><mstns:PartDescription>If there are many high priority bugs active, be sure that the capacity exists to address them. On the other hand, a significant debt of low priority bugs may also lead to customer dissatisfaction.</mstns:PartDescription></mstns:Part><mstns:Part PartType="ImageMenuReference"><mstns:PartName>ReportImageMenuHealthy</mstns:PartName><mstns:Sequence>1</mstns:Sequence><mstns:isRequired>false</mstns:isRequired><mstns:PartDescription>Bugs Priority ImageMenu</mstns:PartDescription></mstns:Part></mstns:Parts><mstns:CrossReference><mstns:CrossReferenceItem CrossType="Activity"><mstns:CrossName>Plan an Iteration</mstns:CrossName><mstns:CrossLink>
                    </mstns:CrossLink><mstns:CrossDescription>Plan an Iteration</mstns:CrossDescription></mstns:CrossReferenceItem><mstns:CrossReferenceItem CrossType="Activity"><mstns:CrossName>Schedule Bug Fixing Allotment</mstns:CrossName><mstns:CrossLink>
                    </mstns:CrossLink><mstns:CrossDescription>Schedule Bug Fixing Allotment</mstns:CrossDescription></mstns:CrossReferenceItem><mstns:CrossReferenceItem CrossType="Activity"><mstns:CrossName>Fix a Bug</mstns:CrossName><mstns:CrossLink>
                    </mstns:CrossLink><mstns:CrossDescription>Fix a Bug</mstns:CrossDescription></mstns:CrossReferenceItem></mstns:CrossReference><mstns:When>
            </mstns:When><mstns:Dependencies><mstns:DependencyItem><mstns:DependencyName>
                    </mstns:DependencyName><mstns:DependencyDescription>
                    </mstns:DependencyDescription></mstns:DependencyItem></mstns:Dependencies><mstns:CMMI/><mstns:Criteria></mstns:Criteria></mstns:ContentItem><mstns:ContentItem ContentType="Report"><mstns:ContentOrder>4</mstns:ContentOrder><mstns:ContentName>Bug Rates</mstns:ContentName><mstns:ContentDescription>How effectively are bugs being found, fixed, and closed? Bug rates are best interpreted relative to all of the current team project activities and the other metrics on the Quality Indicators graph. For example, a high find-rate may be a sign of poorly written code, newly integrated code, or effective testing, or exceptional events such as a bug bash. On the other hand, a low find rate may mean high quality product or ineffective testing. Use code coverage, code churn, and test rates to help you assess the meaning.</mstns:ContentDescription><mstns:ContentLink>
            </mstns:ContentLink><mstns:Parts><mstns:Part PartType="ImageMenuReference"><mstns:PartName>ReportImageMenuHealthy</mstns:PartName><mstns:Sequence>1</mstns:Sequence><mstns:isRequired>false</mstns:isRequired><mstns:PartDescription>Bug Rates 2 ImageMenu</mstns:PartDescription></mstns:Part><mstns:Part PartType="ImageMenuReference"><mstns:PartName>ReportImageMenuUnhealthy</mstns:PartName><mstns:Sequence>1</mstns:Sequence><mstns:isRequired>false</mstns:isRequired><mstns:PartDescription>Bug Rates ImageMenu</mstns:PartDescription></mstns:Part><mstns:Part PartType="ImageMenuReference"><mstns:PartName>ReportImageMenuUnhealthy</mstns:PartName><mstns:Sequence>1</mstns:Sequence><mstns:isRequired>false</mstns:isRequired><mstns:PartDescription>unhealthybugrates</mstns:PartDescription></mstns:Part><mstns:Part PartType="DataSeries"><mstns:PartName>Active Bugs</mstns:PartName><mstns:Sequence>1</mstns:Sequence><mstns:isRequired>false</mstns:isRequired><mstns:PartDescription>The total active bug count (sometimes called "bug debt") as of the date on the x axis.</mstns:PartDescription></mstns:Part><mstns:Part PartType="DataSeries"><mstns:PartName>Newly Active Bugs</mstns:PartName><mstns:Sequence>1</mstns:Sequence><mstns:isRequired>false</mstns:isRequired><mstns:PartDescription>How many new bugs are found on the date.</mstns:PartDescription></mstns:Part><mstns:Part PartType="DataSeries"><mstns:PartName>Resolved Bugs</mstns:PartName><mstns:Sequence>1</mstns:Sequence><mstns:isRequired>false</mstns:isRequired><mstns:PartDescription>How many bugs are resolved on the date.</mstns:PartDescription></mstns:Part></mstns:Parts><mstns:CrossReference><mstns:CrossReferenceItem CrossType="Activity"><mstns:CrossName>Plan an Iteration</mstns:CrossName><mstns:CrossLink>
                    </mstns:CrossLink><mstns:CrossDescription>Plan an Iteration</mstns:CrossDescription></mstns:CrossReferenceItem><mstns:CrossReferenceItem CrossType="Activity"><mstns:CrossName>Schedule Bug Fixing Allotment</mstns:CrossName><mstns:CrossLink>
                    </mstns:CrossLink><mstns:CrossDescription>Schedule Bug Fixing Allotment</mstns:CrossDescription></mstns:CrossReferenceItem></mstns:CrossReference><mstns:When>
            </mstns:When><mstns:Dependencies><mstns:DependencyItem><mstns:DependencyName>
                    </mstns:DependencyName><mstns:DependencyDescription>
                    </mstns:DependencyDescription></mstns:DependencyItem></mstns:Dependencies><mstns:CMMI/><mstns:Criteria></mstns:Criteria></mstns:ContentItem><mstns:ContentItem ContentType="Report"><mstns:ContentOrder>7</mstns:ContentOrder><mstns:ContentName>Quality Indicators</mstns:ContentName><mstns:ContentDescription>What is the quality of the software? Ideally, test rates, bugs, and code churn would all produce the same picture, but often they do not. When you find a discrepancy, you need to examine in further detail the appropriate build and data series. This graph combines the test results, code coverage from testing, code churn, and bugs, to help you see many perspectives at once.</mstns:ContentDescription><mstns:ContentLink>
            </mstns:ContentLink><mstns:Parts><mstns:Part PartType="DataSeries"><mstns:PartName>Bars</mstns:PartName><mstns:Sequence>1</mstns:Sequence><mstns:isRequired>false</mstns:isRequired><mstns:PartDescription>The height of the bar shows you how many tests have been run, and of those, how many have returned Pass, Fail, and Inconclusive results.</mstns:PartDescription></mstns:Part><mstns:Part PartType="DataSeries"><mstns:PartName>Code Coverage</mstns:PartName><mstns:Sequence>1</mstns:Sequence><mstns:isRequired>false</mstns:isRequired><mstns:PartDescription>The first series of points is the Code Coverage attained by those tests (specifically, the ones run with code coverage enabled). Ordinarily, as more tests are run, more code should be covered. On the other hand, if test execution and test pass rates rise without a corresponding increase in code coverage, then it may indicate that the incremental tests are redundant.</mstns:PartDescription></mstns:Part><mstns:Part PartType="DataSeries"><mstns:PartName>Code Churn</mstns:PartName><mstns:Sequence>1</mstns:Sequence><mstns:isRequired>false</mstns:isRequired><mstns:PartDescription>The second series of points is Code Churn; i.e. the number of lines added and modified in the code under test. High churn obviously indicates a large amount of change and the corresponding risk that bugs will be introduced as the side effect of the changes. In a perfectly refactored project, you can see code churn with no change in code coverage or test pass rates. Otherwise, high code churn may indicate falling coverage and the need to rewrite tests.</mstns:PartDescription></mstns:Part><mstns:Part PartType="DataSeries"><mstns:PartName>Active Bugs</mstns:PartName><mstns:Sequence>1</mstns:Sequence><mstns:isRequired>false</mstns:isRequired><mstns:PartDescription>The third series is the active bug count. Clearly, there should be a correlation between the number of active bugs and the number of test failures. If the active bug count is rising and your tests are not showing corresponding failures, then your tests are probably not testing the same functionality that the bugs are reporting. Similarly, if active bug count is falling and test pass rates are not increasing, then you may be at risk for a rising reactivation rate.</mstns:PartDescription></mstns:Part><mstns:Part PartType="ImageMenuReference"><mstns:PartName>ReportImageMenuHealthy</mstns:PartName><mstns:Sequence>1</mstns:Sequence><mstns:isRequired>false</mstns:isRequired><mstns:PartDescription>Quality Indicators ImageMenu</mstns:PartDescription></mstns:Part><mstns:Part PartType="ImageMenuReference"><mstns:PartName>ReportImageMenuUnhealthy</mstns:PartName><mstns:Sequence>1</mstns:Sequence><mstns:isRequired>false</mstns:isRequired><mstns:PartDescription>unhealthyqualityindicators</mstns:PartDescription></mstns:Part><mstns:Part PartType="ImageMenuReference"><mstns:PartName>ReportImageMenuUnhealthy</mstns:PartName><mstns:Sequence>1</mstns:Sequence><mstns:isRequired>false</mstns:isRequired><mstns:PartDescription>unhealthyqualityindicators2</mstns:PartDescription></mstns:Part><mstns:Part PartType="ImageMenuReference"><mstns:PartName>ReportImageMenuUnhealthy</mstns:PartName><mstns:Sequence>1</mstns:Sequence><mstns:isRequired>false</mstns:isRequired><mstns:PartDescription>unhealthyqualityindicators3</mstns:PartDescription></mstns:Part><mstns:Part PartType="ImageMenuReference"><mstns:PartName>ReportImageMenuUnhealthy</mstns:PartName><mstns:Sequence>1</mstns:Sequence><mstns:isRequired>false</mstns:isRequired><mstns:PartDescription>unhealthyqualityindicators4</mstns:PartDescription></mstns:Part><mstns:Part PartType="ImageMenuReference"><mstns:PartName>ReportImageMenuUnhealthy</mstns:PartName><mstns:Sequence>1</mstns:Sequence><mstns:isRequired>false</mstns:isRequired><mstns:PartDescription>unhealthyqualityindicators5</mstns:PartDescription></mstns:Part></mstns:Parts><mstns:CrossReference><mstns:CrossReferenceItem CrossType="Activity"><mstns:CrossName>Accept Build</mstns:CrossName><mstns:CrossLink>
                    </mstns:CrossLink><mstns:CrossDescription>Accept Build</mstns:CrossDescription></mstns:CrossReferenceItem><mstns:CrossReferenceItem CrossType="Activity"><mstns:CrossName>Release a Product</mstns:CrossName><mstns:CrossLink>
                    </mstns:CrossLink><mstns:CrossDescription>Release a Product</mstns:CrossDescription></mstns:CrossReferenceItem></mstns:CrossReference><mstns:When>
            </mstns:When><mstns:Dependencies><mstns:DependencyItem><mstns:DependencyName>
                    </mstns:DependencyName><mstns:DependencyDescription>
                    </mstns:DependencyDescription></mstns:DependencyItem></mstns:Dependencies><mstns:CMMI/><mstns:Criteria></mstns:Criteria></mstns:ContentItem><mstns:ContentItem ContentType="Report"><mstns:ContentOrder>8</mstns:ContentOrder><mstns:ContentName>Remaining Work</mstns:ContentName><mstns:ContentDescription>How much work is left to be done, and when will it be completed? This cumulative flow diagram shows work remaining measured as scenarios and quality of service requirements being resolved and closed in the iteration.</mstns:ContentDescription><mstns:ContentLink>
            </mstns:ContentLink><mstns:Parts><mstns:Part PartType="DataSeries"><mstns:PartName>Work Item States</mstns:PartName><mstns:Sequence>1</mstns:Sequence><mstns:isRequired>false</mstns:isRequired><mstns:PartDescription>Each data series (color band) represents the number of work items that have reached the corresponding state as of the given date. For a more accurate graph, you can use the sums of estimated and actual effort for each of the items, but if your estimates are at consistent granularity, count is easier to compute and just as useful.</mstns:PartDescription></mstns:Part><mstns:Part PartType="DataSeries"><mstns:PartName>Chart Height</mstns:PartName><mstns:Sequence>1</mstns:Sequence><mstns:isRequired>false</mstns:isRequired><mstns:PartDescription>The total height is the total amount of work to be done in the iteration.  If the top line increases, it means that total work is increasing. Typically, the reason is that unplanned work is adding to the total required. That may be expected, if you have scheduled a buffer for unplanned work, such as bug fixing. (See Unplanned Work below.) If the top line decreases, it means that total work is decreasing, probably because work is being cut out of the iteration.</mstns:PartDescription></mstns:Part><mstns:Part PartType="DataSeries"><mstns:PartName>Work in Progress</mstns:PartName><mstns:Sequence>1</mstns:Sequence><mstns:isRequired>false</mstns:isRequired><mstns:PartDescription>Current status is measured by height on a particular date. The remaining backlog is measured by the current height of the leftmost area, Active in this case.  The current completions are shown by the current height of the rightmost area, Closed. The height of the band in-between indicates the work in progress, in this case items Resolved but not Closed.</mstns:PartDescription></mstns:Part><mstns:Part PartType="DataSeries"><mstns:PartName>Resolved</mstns:PartName><mstns:Sequence>1</mstns:Sequence><mstns:isRequired>false</mstns:isRequired><mstns:PartDescription>Watch for variation in the middle bands. An expansion can reveal a bottleneck, for example, if too many items are waiting to be tested and testing resources are inadequate. Alternatively, a significant narrowing of the band could indicate spare capacity.</mstns:PartDescription></mstns:Part><mstns:Part PartType="DataSeries"><mstns:PartName>End Date</mstns:PartName><mstns:Sequence>1</mstns:Sequence><mstns:isRequired>false</mstns:isRequired><mstns:PartDescription>Visually, it is easy to extrapolate an end completion inventory or end date for the backlog from a cumulative flow diagram like this. A small caution applies, however. Many projects observe an S-curve pattern, where progress is steepest in the middle. The common-sense explanations for the slower starting and ending rates are that startup is always a little difficult, and tough problems tend to get handled at the end of a cycle.</mstns:PartDescription></mstns:Part><mstns:Part PartType="ImageMenuReference"><mstns:PartName>ReportImageMenuHealthy</mstns:PartName><mstns:Sequence>1</mstns:Sequence><mstns:isRequired>false</mstns:isRequired><mstns:PartDescription>Remaining Work ImageMenu</mstns:PartDescription></mstns:Part><mstns:Part PartType="ImageMenuReference"><mstns:PartName>ReportImageMenuUnhealthy</mstns:PartName><mstns:Sequence>1</mstns:Sequence><mstns:isRequired>false</mstns:isRequired><mstns:PartDescription>unhealthyremainingwork</mstns:PartDescription></mstns:Part><mstns:Part PartType="ImageMenuReference"><mstns:PartName>ReportImageMenuUnhealthy</mstns:PartName><mstns:Sequence>1</mstns:Sequence><mstns:isRequired>false</mstns:isRequired><mstns:PartDescription>unhealthyremainingwork2</mstns:PartDescription></mstns:Part></mstns:Parts><mstns:CrossReference><mstns:CrossReferenceItem CrossType="Activity"><mstns:CrossName>Review Objectives</mstns:CrossName><mstns:CrossLink>
                    </mstns:CrossLink><mstns:CrossDescription>Review Objectives</mstns:CrossDescription></mstns:CrossReferenceItem><mstns:CrossReferenceItem CrossType="Activity"><mstns:CrossName>Assess Progress</mstns:CrossName><mstns:CrossLink>
                    </mstns:CrossLink><mstns:CrossDescription>Assess Progress</mstns:CrossDescription></mstns:CrossReferenceItem></mstns:CrossReference><mstns:When>
            </mstns:When><mstns:Dependencies><mstns:DependencyItem><mstns:DependencyName>
                    </mstns:DependencyName><mstns:DependencyDescription>
                    </mstns:DependencyDescription></mstns:DependencyItem></mstns:Dependencies><mstns:CMMI/><mstns:Criteria></mstns:Criteria></mstns:ContentItem><mstns:ContentItem ContentType="Report"><mstns:ContentOrder>2</mstns:ContentOrder><mstns:ContentName>Unplanned Work</mstns:ContentName><mstns:ContentDescription>How much unplanned work is there? This graph distinguishes the total work from the remaining work and charts it into the planned and unplanned.  Very few projects know all of the work to be done ahead of time, even within the iteration. This may be perfectly acceptable, if you schedule a sufficient buffer for handling the load of unplanned work (for example, bugs). On the other hand, it may be a real problem if you have not scheduled the capacity and are forced to cut back on the planned work.</mstns:ContentDescription><mstns:ContentLink>http://moneta1/reports/diagrams/dia-scenariostability.gif</mstns:ContentLink><mstns:Parts><mstns:Part PartType="DataSeries"><mstns:PartName>Chart Height</mstns:PartName><mstns:Sequence>1</mstns:Sequence><mstns:isRequired>false</mstns:isRequired><mstns:PartDescription>The top line of this graph matches the top line of the Remaining Work graph. The total height is the total amount of work to be done in the iteration.</mstns:PartDescription></mstns:Part><mstns:Part PartType="DataSeries"><mstns:PartName>Added Later</mstns:PartName><mstns:Sequence>1</mstns:Sequence><mstns:isRequired>false</mstns:isRequired><mstns:PartDescription>The areas then divide the work into the planned and unplanned segments, where "unplanned" means unscheduled as of the beginning of the iteration. </mstns:PartDescription></mstns:Part><mstns:Part PartType="DataSeries"><mstns:PartName>Interpretation</mstns:PartName><mstns:Sequence>1</mstns:Sequence><mstns:isRequired>false</mstns:isRequired><mstns:PartDescription>For monitoring, use this graph to determine the extent to which unplanned work is forcing you to cut into planned work. For estimation, use this to determine the amount of schedule buffer to allow for unplanned work in future iterations.</mstns:PartDescription></mstns:Part><mstns:Part PartType="ImageMenuReference"><mstns:PartName>ReportImageMenuUnhealthy</mstns:PartName><mstns:Sequence>1</mstns:Sequence><mstns:isRequired>false</mstns:isRequired><mstns:PartDescription>unhealthyunplannedwork</mstns:PartDescription></mstns:Part><mstns:Part PartType="ImageMenuReference"><mstns:PartName>ReportImageMenuHealthy</mstns:PartName><mstns:Sequence>1</mstns:Sequence><mstns:isRequired>false</mstns:isRequired><mstns:PartDescription>Unplanned ImageMenu</mstns:PartDescription></mstns:Part></mstns:Parts><mstns:CrossReference><mstns:CrossReferenceItem CrossType="Activity"><mstns:CrossName>Assess Progress</mstns:CrossName><mstns:CrossLink>
                    </mstns:CrossLink><mstns:CrossDescription>Assess Progress</mstns:CrossDescription></mstns:CrossReferenceItem></mstns:CrossReference><mstns:When>
            </mstns:When><mstns:Dependencies><mstns:DependencyItem><mstns:DependencyName>
                    </mstns:DependencyName><mstns:DependencyDescription>
                    </mstns:DependencyDescription></mstns:DependencyItem></mstns:Dependencies><mstns:CMMI/><mstns:Criteria></mstns:Criteria></mstns:ContentItem><mstns:ContentItem ContentType="Report"><mstns:ContentOrder>3</mstns:ContentOrder><mstns:ContentName>Velocity</mstns:ContentName><mstns:ContentDescription>How quickly is the team completing work? Velocity is one of the key elements for estimation. It shows how quickly the team is actually completing planned work, and how much the rate varies from day-to-day, or iteration-to-iteration. Use this data to plan the next iteration, in conjunction with the quality measures. Similar to the remaining work chart, this is most useful when looking at days within an iteration or iterations within a project.</mstns:ContentDescription><mstns:ContentLink>
            </mstns:ContentLink><mstns:Parts><mstns:Part PartType="DataSeries"><mstns:PartName>Resolved Work Items</mstns:PartName><mstns:Sequence>1</mstns:Sequence><mstns:isRequired>false</mstns:isRequired><mstns:PartDescription>This line shows the count of work items resolved on each day.</mstns:PartDescription></mstns:Part><mstns:Part PartType="DataSeries"><mstns:PartName>Closed Work Items</mstns:PartName><mstns:Sequence>2</mstns:Sequence><mstns:isRequired>false</mstns:isRequired><mstns:PartDescription>This line shows the count of work items closed on each day.</mstns:PartDescription></mstns:Part><mstns:Part PartType="ImageMenuReference"><mstns:PartName>ReportImageMenuHealthy</mstns:PartName><mstns:Sequence>3</mstns:Sequence><mstns:isRequired>false</mstns:isRequired><mstns:PartDescription>Velocity ImageMenu</mstns:PartDescription></mstns:Part><mstns:Part PartType="ImageMenuReference"><mstns:PartName>ReportImageMenuUnhealthy</mstns:PartName><mstns:Sequence>4</mstns:Sequence><mstns:isRequired>false</mstns:isRequired><mstns:PartDescription>unhealthyvelocity</mstns:PartDescription></mstns:Part><mstns:Part PartType="DataSeries"><mstns:PartName>Bugs Found per Scenarios Resolved</mstns:PartName><mstns:Sequence>5</mstns:Sequence><mstns:isRequired>false</mstns:isRequired><mstns:PartDescription>This line divides the sums of bugs found by scenarios resolved. Cumulative bugs found and scenarios resolved is a quality indicator that may warn that scenarios are being resolved (i.e. sent into testing) prematurely. This quality indicator should stay low. If it goes up, more time is needed to find and fix bugs.</mstns:PartDescription></mstns:Part></mstns:Parts><mstns:RACI></mstns:RACI><mstns:Verification></mstns:Verification><mstns:CrossReference><mstns:CrossReferenceItem CrossType="Activity"><mstns:CrossName>Plan an Iteration</mstns:CrossName><mstns:CrossLink>
                    </mstns:CrossLink><mstns:CrossDescription>Plan an Iteration</mstns:CrossDescription></mstns:CrossReferenceItem><mstns:CrossReferenceItem CrossType="Activity"><mstns:CrossName>Schedule Scenario</mstns:CrossName><mstns:CrossLink>
                    </mstns:CrossLink><mstns:CrossDescription>Schedule Scenario</mstns:CrossDescription></mstns:CrossReferenceItem><mstns:CrossReferenceItem CrossType="Activity"><mstns:CrossName>Schedule Quality of Service Requirement</mstns:CrossName><mstns:CrossLink>
                    </mstns:CrossLink><mstns:CrossDescription>Schedule Quality of Service Requirement</mstns:CrossDescription></mstns:CrossReferenceItem></mstns:CrossReference><mstns:When>
            </mstns:When><mstns:Dependencies><mstns:DependencyItem><mstns:DependencyName>
                    </mstns:DependencyName><mstns:DependencyDescription>
                    </mstns:DependencyDescription></mstns:DependencyItem></mstns:Dependencies><mstns:CMMI/><mstns:Criteria></mstns:Criteria></mstns:ContentItem><mstns:ContentItem ContentType="Report"><mstns:ContentOrder>6</mstns:ContentOrder><mstns:ContentName>Reactivations</mstns:ContentName><mstns:ContentDescription>How many work items are being reactivated? Reactivations are work items that have been resolved or closed prematurely. A low rate of work item reactivations (for example, less than 5%) might be acceptable, but a high or rising rate of reactivation should warn the project manger to diagnose the root cause and fix it.</mstns:ContentDescription><mstns:ContentLink>
            </mstns:ContentLink><mstns:Parts><mstns:Part PartType="DataSeries"><mstns:PartName>Chart Height</mstns:PartName><mstns:Sequence>1</mstns:Sequence><mstns:isRequired>false</mstns:isRequired><mstns:PartDescription>The top line of this graph shows the total work items of the selected types (e.g. bugs) resolved in the team build.</mstns:PartDescription></mstns:Part><mstns:Part PartType="DataSeries"><mstns:PartName>Reactivated</mstns:PartName><mstns:Sequence>1</mstns:Sequence><mstns:isRequired>false</mstns:isRequired><mstns:PartDescription>The height of top area is the number of reactivations; i.e. work items previously resolved or closed that are now active again. </mstns:PartDescription></mstns:Part><mstns:Part PartType="ImageMenuReference"><mstns:PartName>ReportImageMenuHealthy</mstns:PartName><mstns:Sequence>1</mstns:Sequence><mstns:isRequired>false</mstns:isRequired><mstns:PartDescription>Reactivations ImageMenu</mstns:PartDescription></mstns:Part><mstns:Part PartType="DataSeries"><mstns:PartName>Net Work Items</mstns:PartName><mstns:Sequence>1</mstns:Sequence><mstns:isRequired>false</mstns:isRequired><mstns:PartDescription>The height of the lower area is the difference between the total work items resolved and the reactivated work items.</mstns:PartDescription></mstns:Part><mstns:Part PartType="ImageMenuReference"><mstns:PartName>ReportImageMenuUnhealthy</mstns:PartName><mstns:Sequence>1</mstns:Sequence><mstns:isRequired>false</mstns:isRequired><mstns:PartDescription>unhealthyreactivated</mstns:PartDescription></mstns:Part></mstns:Parts><mstns:CrossReference><mstns:CrossReferenceItem CrossType="Activity"><mstns:CrossName>Plan an Iteration</mstns:CrossName><mstns:CrossLink>
                    </mstns:CrossLink><mstns:CrossDescription>Plan an Iteration</mstns:CrossDescription></mstns:CrossReferenceItem><mstns:CrossReferenceItem CrossType="Activity"><mstns:CrossName>Assess Progress</mstns:CrossName><mstns:CrossLink>
                    </mstns:CrossLink><mstns:CrossDescription>Assess Progress</mstns:CrossDescription></mstns:CrossReferenceItem></mstns:CrossReference><mstns:When>
            </mstns:When><mstns:Dependencies><mstns:DependencyItem><mstns:DependencyName>
                    </mstns:DependencyName><mstns:DependencyDescription>
                    </mstns:DependencyDescription></mstns:DependencyItem></mstns:Dependencies><mstns:CMMI/><mstns:Criteria></mstns:Criteria></mstns:ContentItem></mstns:Content><mstns:NavStructure><mstns:Menu><mstns:MenuName>
            </mstns:MenuName><mstns:MenuItem><mstns:MenuItemName>
                </mstns:MenuItemName><mstns:MenuItemTransform>
                </mstns:MenuItemTransform><mstns:MenuItemDescription>
                </mstns:MenuItemDescription></mstns:MenuItem></mstns:Menu><mstns:ImageMenu></mstns:ImageMenu><mstns:BulletMenu><mstns:MenuName>
            </mstns:MenuName><mstns:MenuItem><mstns:MenuItemName>
                </mstns:MenuItemName><mstns:MenuItemTransform>
                </mstns:MenuItemTransform><mstns:MenuBulletImage>
                </mstns:MenuBulletImage><mstns:MenuItemDescription>
                </mstns:MenuItemDescription></mstns:MenuItem></mstns:BulletMenu></mstns:NavStructure><mstns:Glossary><mstns:GlossaryName>Glossary</mstns:GlossaryName><mstns:GlossaryItem><mstns:Term>
            </mstns:Term><mstns:Definition>
            </mstns:Definition><mstns:Reference>
            </mstns:Reference></mstns:GlossaryItem></mstns:Glossary><mstns:HelpContextMap><mstns:MapItem><mstns:Keyword>
            </mstns:Keyword><mstns:Context>
            </mstns:Context><mstns:ContentName>
            </mstns:ContentName></mstns:MapItem></mstns:HelpContextMap><mstns:Index><mstns:IndexItem><mstns:Keyword>
            </mstns:Keyword><mstns:ContentName>
            </mstns:ContentName></mstns:IndexItem></mstns:Index></mstns:ProcessGuidance>