<?xml version="1.0" encoding="UTF-8"?><?mso-infoPathSolution PIVersion="1.0.0.0" language="en-us" name="urn:schemas-microsoft-com:office:infopath:template2:http---tempuri-org-XMLSchema-xsd" productVersion="11.0.8034" solutionVersion="1.0.0.157" ?><?mso-application progid="InfoPath.Document"?><mstns:ProcessGuidance xmlns:mstns="http://tempuri.org/XMLSchema.xsd" xmlns:xsi="http://www.w3.org/2001/XMLSchema-instance" xmlns:xhtml="http://www.w3.org/1999/xhtml" xmlns:my="http://schemas.microsoft.com/office/infopath/2003/myXSD/2004-10-13T22:49:49" xmlns:xd="http://schemas.microsoft.com/office/infopath/2003"><mstns:Content><mstns:ContentItem ContentType="Role"><mstns:ContentOrder>1</mstns:ContentOrder><mstns:ContentName>Business Analyst</mstns:ContentName><mstns:ContentDescription><h2 style="PADDING-RIGHT: 0in; MARGIN-TOP: 12pt; PADDING-LEFT: 0in; FONT-WEIGHT: normal; FONT-SIZE: 14pt; MARGIN-BOTTOM: 3pt" xmlns="http://www.w3.org/1999/xhtml"><span style="FONT-SIZE: 12pt"><font face="Times New Roman">The business analyst advocates for the product management constituency in the MSF Team Model. The business analyst’s main goal is to understand and communicate the business opportunity for the system. They work with the customers and other stakeholders to understand their needs and goals and translate those into persona definitions, scenarios, and quality of service requirements that the development team will use to build the application. They also set and manage expectations for the functionality of the system. On the project, the business analyst represents the user experience and product management constituencies meaning that they should always be looking out for the interests of the users and sponsors of the project. Finally, this role is responsible for providing and managing linkages between the other development roles and the users. A person assigned to this role should be added to the Contributor permissions group. This allows them to do all that they need to perform their function, such as create and modify the documents, work items, and work products.</font></span></h2></mstns:ContentDescription><mstns:CrossReference></mstns:CrossReference><mstns:When>
            </mstns:When><mstns:Dependencies><mstns:DependencyItem><mstns:DependencyName>
                    </mstns:DependencyName><mstns:DependencyDescription>
                    </mstns:DependencyDescription></mstns:DependencyItem></mstns:Dependencies><mstns:CMMI></mstns:CMMI></mstns:ContentItem><mstns:ContentItem ContentType="Role"><mstns:ContentOrder>2</mstns:ContentOrder><mstns:ContentName>Project Manager</mstns:ContentName><mstns:ContentDescription>The project manager advocates for the program management constituency in the MSF Team Model. The project manager’s main goal is to deliver business value within the agreed schedule and budget. The project manager is charged with planning and scheduling duties including developing project and iteration plans, monitoring and reporting status, and identifying and mitigating risk. The project manager is also expected to consult with business analysts to plan scenarios and quality of service requirements for an iteration, consult with architects and developers to estimate work, consult with testers to plan testing, and facilitate communication within the team. A person assigned to this role should be added to the Project Administrator permissions group. This allows them to do all that they need to perform their function, such as create new projects, add people to the project team, and start a team build.</mstns:ContentDescription><mstns:CrossReference></mstns:CrossReference><mstns:When>
            </mstns:When><mstns:Dependencies><mstns:DependencyItem><mstns:DependencyName>
                    </mstns:DependencyName><mstns:DependencyDescription>
                    </mstns:DependencyDescription></mstns:DependencyItem></mstns:Dependencies><mstns:CMMI></mstns:CMMI></mstns:ContentItem><mstns:ContentItem ContentType="Role"><mstns:ContentOrder>3</mstns:ContentOrder><mstns:ContentName>Architect</mstns:ContentName><mstns:ContentDescription>The architect advocates for the Architecture constituency in the MSF Team Model. The architect’s main goal is to ensure success of the project by designing the foundations of the application. This includes defining both the organizational structure of the application and the physical structure of its deployment. In these endeavors, the architect’s goal is to reduce complexity by dividing the system into clean and simple partitions. The resulting architecture is extremely important because it not only dictates how the system will be built going forward, but also establishes whether the application will exhibit the many traits that are essential for a successful project. These include its usability, whether it is reliable and maintainable, whether it meets performance and security standards, and whether it can be evolved easily in the face of changing requirements. A person assigned to this role should be added to the Contributor permissions group. This allows them to do all that they need to perform their function, such as create and modify documents, work items, and work products.</mstns:ContentDescription><mstns:CrossReference></mstns:CrossReference><mstns:When>
            </mstns:When><mstns:Dependencies><mstns:DependencyItem><mstns:DependencyName>
                    </mstns:DependencyName><mstns:DependencyDescription>
                    </mstns:DependencyDescription></mstns:DependencyItem></mstns:Dependencies><mstns:CMMI></mstns:CMMI></mstns:ContentItem><mstns:ContentItem ContentType="Role"><mstns:ContentOrder>4</mstns:ContentOrder><mstns:ContentName>Developer</mstns:ContentName><mstns:ContentDescription>The developer advocates for the Development constituency in the MSF Team Model. The developer’s main goal is to implement the application as specified within the planned timeframe. The developer is also expected to help specify the features of physical design, estimate time and effort to complete each feature, build or supervise implementation of features, prepare the product for deployment, and provide technology subject matter expertise to the team. A person assigned to this role should be added to the Contributor permissions group. This allows them to do all that they need to perform their role, such as create and modify documents, work items, and work products.</mstns:ContentDescription><mstns:CrossReference></mstns:CrossReference><mstns:When>
            </mstns:When><mstns:Dependencies><mstns:DependencyItem><mstns:DependencyName>
                    </mstns:DependencyName><mstns:DependencyDescription>
                    </mstns:DependencyDescription></mstns:DependencyItem></mstns:Dependencies><mstns:CMMI></mstns:CMMI></mstns:ContentItem><mstns:ContentItem ContentType="Role"><mstns:ContentOrder>5</mstns:ContentOrder><mstns:ContentName>Tester</mstns:ContentName><mstns:ContentDescription>The tester advocates for the Test constituency in the MSF Team Model. The tester’s main goal is to discover and communicate problems with the product that could adversely impact its value. The tester must understand the context for the project and help others to make informed decisions based on this context. A key goal for the tester is to find and report the significant bugs in the product by testing the product. Once a bug is found, it is also the tester’s job to accurately communicate its impact and describe any workaround solutions that could lessen its impact. The tester makes bug descriptions and steps for recreating the bugs easy to understand and follow. The tester participates with the entire team in setting the quality standards for the product. The purpose of testing is to prove that known functions work correctly and to discover new product issues. A person assigned to this role should be added to the Contributor permissions group. This allows them to do all that they need to perform their function, such as create and modify documents, work items, and work products.</mstns:ContentDescription><mstns:CrossReference></mstns:CrossReference><mstns:When>
            </mstns:When><mstns:Dependencies><mstns:DependencyItem><mstns:DependencyName>
                    </mstns:DependencyName><mstns:DependencyDescription>
                    </mstns:DependencyDescription></mstns:DependencyItem></mstns:Dependencies><mstns:CMMI></mstns:CMMI></mstns:ContentItem><mstns:ContentItem ContentType="Role"><mstns:ContentOrder>6</mstns:ContentOrder><mstns:ContentName>Release Manager</mstns:ContentName><mstns:ContentDescription>The release manager advocates for the Release Operations constituency in the MSF Team Model. This release manager's goal is to manage the rollout of the product. The release manager coordinates the release with operations or media control. They create a rollout plan and certify release candidates for shipment or deployment. A person assigned to this role should be added to the Project Administrator permissions group. This allows them to do all that they need to perform their function, such as create new projects, add people to the project team, and start a team build.</mstns:ContentDescription><mstns:ContentLink>
            </mstns:ContentLink><mstns:Parts></mstns:Parts><mstns:RACI></mstns:RACI><mstns:Verification></mstns:Verification><mstns:CrossReference></mstns:CrossReference><mstns:Dependencies><mstns:DependencyItem/></mstns:Dependencies><mstns:CMMI></mstns:CMMI><mstns:Criteria></mstns:Criteria></mstns:ContentItem><mstns:ContentItem ContentType="Role">
										<mstns:ContentOrder>7</mstns:ContentOrder>
										<mstns:ContentName>Database Administrator</mstns:ContentName>
										<mstns:ContentDescription>The database administrator’s main goal in the context of database development is to support the creation of database projects as well as the deployment to production of database project changes. This is in addition to the database administrator’s traditional role of performing day-to-day administration and maintenance of database servers.</mstns:ContentDescription>
										<mstns:ContentLink></mstns:ContentLink>
										<mstns:States>
											
										</mstns:States>
										<mstns:Parts>
											
										</mstns:Parts>
										<mstns:RACI>
											
										</mstns:RACI>
										<mstns:Verification>
											
										</mstns:Verification>
										<mstns:CrossReference>
											<mstns:CrossReferenceItem CrossType="SeeAlso">
												<mstns:CrossName>Deploying Your Database Project to Production</mstns:CrossName>
												<mstns:CrossLink>http://go.microsoft.com/fwlink/?LinkID=74436</mstns:CrossLink>
												<mstns:CrossDescription></mstns:CrossDescription>
											</mstns:CrossReferenceItem>
										<mstns:CrossReferenceItem CrossType="SeeAlso">
									<mstns:CrossName>Handling Security Objects</mstns:CrossName>
									<mstns:CrossLink>http://go.microsoft.com/fwlink/?LinkID=74437</mstns:CrossLink>
									<mstns:CrossDescription></mstns:CrossDescription>
								</mstns:CrossReferenceItem></mstns:CrossReference>
										<mstns:When></mstns:When>
										<mstns:Dependencies>
											
										</mstns:Dependencies>
										<mstns:CMMI>
											<mstns:CMMIItem>
												<mstns:CMMILevel></mstns:CMMILevel>
												<mstns:CMMIProcessArea></mstns:CMMIProcessArea>
												<mstns:CMMIGoal></mstns:CMMIGoal>
												<mstns:CMMIPractice></mstns:CMMIPractice>
											</mstns:CMMIItem>
										</mstns:CMMI>
										<mstns:Criteria>
											<mstns:CriteriaItem CriteriaType="">
												<mstns:CriteriaName></mstns:CriteriaName>
												<mstns:CriteriaLink></mstns:CriteriaLink>
												<mstns:CriteriaDescription></mstns:CriteriaDescription>
												<mstns:WorkProductName></mstns:WorkProductName>
											</mstns:CriteriaItem>
										</mstns:Criteria>
									</mstns:ContentItem><mstns:ContentItem ContentType="Role">
										<mstns:ContentOrder>8</mstns:ContentOrder>
										<mstns:ContentName>Database Developer</mstns:ContentName>
										<mstns:ContentDescription><div style="PADDING-RIGHT: 0in; MARGIN-TOP: 0in; PADDING-LEFT: 0in; FONT-SIZE: 10pt; MARGIN-BOTTOM: 0pt" xmlns="http://www.w3.org/1999/xhtml">The database developer’s main goal is to implement all database development tasks within the planned time frame. The database developer is also responsible for cost estimation, supervision of feature implementation, and providing database expertise to the other developers on the team.</div>
<div style="PADDING-RIGHT: 0in; MARGIN-TOP: 0in; PADDING-LEFT: 0in; FONT-SIZE: 10pt; MARGIN-BOTTOM: 0pt" xmlns="http://www.w3.org/1999/xhtml"> </div>
<div style="PADDING-RIGHT: 0in; MARGIN-TOP: 0in; PADDING-LEFT: 0in; FONT-SIZE: 10pt; MARGIN-BOTTOM: 0pt" xmlns="http://www.w3.org/1999/xhtml">The database developer participates in the iterative database development life cycle, along with the database administrator and the application development team members.</div></mstns:ContentDescription>
										<mstns:ContentLink></mstns:ContentLink>
										<mstns:States>
											
										</mstns:States>
										<mstns:Parts>
											
										</mstns:Parts>
										<mstns:RACI>
											
										</mstns:RACI>
										<mstns:Verification>
											
										</mstns:Verification>
										<mstns:CrossReference>
											<mstns:CrossReferenceItem CrossType="SeeAlso">
												<mstns:CrossName>Iterative Database Development</mstns:CrossName>
												<mstns:CrossLink>http://go.microsoft.com/fwlink/?LinkId=74430</mstns:CrossLink>
												<mstns:CrossDescription></mstns:CrossDescription>
											</mstns:CrossReferenceItem>
										<mstns:CrossReferenceItem CrossType="WorkItemState">
									<mstns:CrossName>Managing Your Database With the Database Project System</mstns:CrossName>
									<mstns:CrossLink>http://go.microsoft.com/fwlink/?LinkID=74431</mstns:CrossLink>
									<mstns:CrossDescription></mstns:CrossDescription>
								</mstns:CrossReferenceItem><mstns:CrossReferenceItem CrossType="SeeAlso">
									<mstns:CrossName>Database Unit Testing</mstns:CrossName>
									<mstns:CrossLink>http://go.microsoft.com/fwlink/?LinkID=74433</mstns:CrossLink>
									<mstns:CrossDescription></mstns:CrossDescription>
								</mstns:CrossReferenceItem></mstns:CrossReference>
										<mstns:When></mstns:When>
										<mstns:Dependencies>
											
										</mstns:Dependencies>
										<mstns:CMMI>
											<mstns:CMMIItem>
												<mstns:CMMILevel></mstns:CMMILevel>
												<mstns:CMMIProcessArea></mstns:CMMIProcessArea>
												<mstns:CMMIGoal></mstns:CMMIGoal>
												<mstns:CMMIPractice></mstns:CMMIPractice>
											</mstns:CMMIItem>
										</mstns:CMMI>
										<mstns:Criteria>
											<mstns:CriteriaItem CriteriaType="">
												<mstns:CriteriaName></mstns:CriteriaName>
												<mstns:CriteriaLink></mstns:CriteriaLink>
												<mstns:CriteriaDescription></mstns:CriteriaDescription>
												<mstns:WorkProductName></mstns:WorkProductName>
											</mstns:CriteriaItem>
										</mstns:Criteria>
									</mstns:ContentItem></mstns:Content><mstns:NavStructure><mstns:Menu><mstns:MenuName>
            </mstns:MenuName><mstns:MenuItem><mstns:MenuItemName>
                </mstns:MenuItemName><mstns:MenuItemTransform>
                </mstns:MenuItemTransform><mstns:MenuItemDescription>
                </mstns:MenuItemDescription></mstns:MenuItem></mstns:Menu><mstns:ImageMenu></mstns:ImageMenu><mstns:BulletMenu><mstns:MenuName>
            </mstns:MenuName><mstns:MenuItem><mstns:MenuItemName>
                </mstns:MenuItemName><mstns:MenuItemTransform>
                </mstns:MenuItemTransform><mstns:MenuBulletImage>
                </mstns:MenuBulletImage><mstns:MenuItemDescription>
                </mstns:MenuItemDescription></mstns:MenuItem></mstns:BulletMenu></mstns:NavStructure><mstns:Glossary><mstns:GlossaryName>Glossary</mstns:GlossaryName><mstns:GlossaryItem><mstns:Term>
            </mstns:Term><mstns:Definition>
            </mstns:Definition><mstns:Reference>
            </mstns:Reference></mstns:GlossaryItem></mstns:Glossary><mstns:HelpContextMap><mstns:MapItem><mstns:Keyword>
            </mstns:Keyword><mstns:Context>
            </mstns:Context><mstns:ContentName>
            </mstns:ContentName></mstns:MapItem></mstns:HelpContextMap><mstns:Index><mstns:IndexItem><mstns:Keyword>
            </mstns:Keyword><mstns:ContentName>
            </mstns:ContentName></mstns:IndexItem></mstns:Index></mstns:ProcessGuidance>