<?xml version="1.0" encoding="UTF-8"?><?mso-infoPathSolution PIVersion="1.0.0.0" language="en-us" name="urn:schemas-microsoft-com:office:infopath:template2:http---tempuri-org-XMLSchema-xsd" solutionVersion="1.0.0.157" productVersion="11.0.6565" ?><?mso-application progid="InfoPath.Document"?><mstns:ProcessGuidance xmlns:mstns="http://tempuri.org/XMLSchema.xsd" xmlns:xsi="http://www.w3.org/2001/XMLSchema-instance" xmlns:xhtml="http://www.w3.org/1999/xhtml" xmlns:my="http://schemas.microsoft.com/office/infopath/2003/myXSD/2004-10-13T22:49:49" xmlns:xd="http://schemas.microsoft.com/office/infopath/2003"><mstns:Content><mstns:ContentItem ContentType="Workstream"><mstns:ContentOrder>1</mstns:ContentOrder><mstns:ContentName>Test a Scenario</mstns:ContentName><mstns:ContentDescription>A scenario is divided into test tasks as well as development tasks. These tasks are assigned to testers to develop and run test cases. The assignment of a scenario to test indicates that the functionality has been integrated into a build and is ready to be tested. Validating that a build reflects the functionality envisioned in the scenario requires an understanding of the scenario and its boundary conditions. Validation tests must be written to cover the complete functionality and the boundary conditions of the scenario. Validation tests are run until none are blocked. Bugs are created to report any bugs that were found.</mstns:ContentDescription><mstns:ContentLink>
            </mstns:ContentLink><mstns:Parts><mstns:Part PartType="Step"><mstns:PartName>Define Test Approach</mstns:PartName><mstns:Sequence>1</mstns:Sequence><mstns:isRequired>true</mstns:isRequired><mstns:PartDescription>Determine the project context.</mstns:PartDescription><mstns:PartDescription>Determine the test mission.</mstns:PartDescription><mstns:PartDescription>Assess possible testing techniques.</mstns:PartDescription><mstns:PartDescription>Define the test metrics.</mstns:PartDescription></mstns:Part><mstns:Part PartType="Step"><mstns:PartName>Write Validation Tests</mstns:PartName><mstns:Sequence>2</mstns:Sequence><mstns:isRequired>true</mstns:isRequired><mstns:PartDescription>Identify the test area and environment.</mstns:PartDescription><mstns:PartDescription>Identify test case flow details.</mstns:PartDescription><mstns:PartDescription>Write the test cases.</mstns:PartDescription></mstns:Part><mstns:Part PartType="Step"><mstns:PartName>Select and Run a Test Case</mstns:PartName><mstns:Sequence>3</mstns:Sequence><mstns:isRequired>true</mstns:isRequired><mstns:PartDescription>Determine which test to execute.</mstns:PartDescription><mstns:PartDescription>Identify the test configuration.</mstns:PartDescription><mstns:PartDescription>Get the build.</mstns:PartDescription><mstns:PartDescription>Execute the test.</mstns:PartDescription><mstns:PartDescription>Analyze the test results.</mstns:PartDescription><mstns:PartDescription>Close the work item.</mstns:PartDescription></mstns:Part><mstns:Part PartType="Step"><mstns:PartName>Open a Bug</mstns:PartName><mstns:Sequence>4</mstns:Sequence><mstns:isRequired>true</mstns:isRequired><mstns:PartDescription>Identify a bug.</mstns:PartDescription><mstns:PartDescription>Assign the bug.</mstns:PartDescription></mstns:Part><mstns:Part PartType="Step"><mstns:PartName>Conduct Exploratory Testing</mstns:PartName><mstns:Sequence>5</mstns:Sequence><mstns:isRequired>true</mstns:isRequired><mstns:PartDescription>
                        <div class="p1a" xmlns="http://www.w3.org/1999/xhtml">Establish session length.</div>
                    </mstns:PartDescription><mstns:PartDescription>
                        <div style="PADDING-RIGHT: 0in; MARGIN-TOP: 0in; PADDING-LEFT: 0in; MARGIN-BOTTOM: 0pt" xmlns="http://www.w3.org/1999/xhtml">Meet persona expectations.</div>
                    </mstns:PartDescription><mstns:PartDescription>Envision new persona goals.<font style="FONT-SIZE: 12pt" xmlns="http://www.w3.org/1999/xhtml"/></mstns:PartDescription></mstns:Part></mstns:Parts><mstns:RACI><mstns:RACIItem RACIType="Responsible"><mstns:RoleName>Tester</mstns:RoleName><mstns:RACIDescription>Tester</mstns:RACIDescription></mstns:RACIItem></mstns:RACI><mstns:CrossReference><mstns:CrossReferenceItem CrossType="WorkItem"><mstns:CrossName>Scenario</mstns:CrossName><mstns:CrossLink>
                    </mstns:CrossLink><mstns:CrossDescription>
                    </mstns:CrossDescription></mstns:CrossReferenceItem><mstns:CrossReferenceItem CrossType="WorkItem"><mstns:CrossName>Bug</mstns:CrossName><mstns:CrossLink>
                    </mstns:CrossLink><mstns:CrossDescription>
                    </mstns:CrossDescription></mstns:CrossReferenceItem><mstns:CrossReferenceItem CrossType="WorkProduct-VS"><mstns:CrossName>Load Test</mstns:CrossName><mstns:CrossLink>
                    </mstns:CrossLink><mstns:CrossDescription>
                    </mstns:CrossDescription></mstns:CrossReferenceItem><mstns:CrossReferenceItem CrossType="WorkProduct-VS"><mstns:CrossName>Manual Test</mstns:CrossName><mstns:CrossLink>
                    </mstns:CrossLink><mstns:CrossDescription>
                    </mstns:CrossDescription></mstns:CrossReferenceItem><mstns:CrossReferenceItem CrossType="WorkProduct-VS"><mstns:CrossName>Web Test</mstns:CrossName><mstns:CrossLink>
                    </mstns:CrossLink><mstns:CrossDescription>
                    </mstns:CrossDescription></mstns:CrossReferenceItem><mstns:CrossReferenceItem CrossType="WorkProduct-VS"><mstns:CrossName>Test Approach</mstns:CrossName><mstns:CrossLink>
                    </mstns:CrossLink><mstns:CrossDescription>
                    </mstns:CrossDescription></mstns:CrossReferenceItem><mstns:CrossReferenceItem CrossType="WorkProduct-VS"><mstns:CrossName>Test Result</mstns:CrossName><mstns:CrossLink>
                    </mstns:CrossLink><mstns:CrossDescription>
                    </mstns:CrossDescription></mstns:CrossReferenceItem><mstns:CrossReferenceItem CrossType="WorkProduct-PPT"><mstns:CrossName>Persona</mstns:CrossName><mstns:CrossLink>
                    </mstns:CrossLink><mstns:CrossDescription>
                    </mstns:CrossDescription></mstns:CrossReferenceItem><mstns:CrossReferenceItem CrossType="SeeAlso">
									<mstns:CrossName>Testing Tools Tasks </mstns:CrossName>
									<mstns:CrossLink>http://go.microsoft.com/fwlink/?LinkId=66429</mstns:CrossLink>
									<mstns:CrossDescription></mstns:CrossDescription>
								</mstns:CrossReferenceItem><mstns:CrossReferenceItem CrossType="NextStep"><mstns:CrossName>Triage Bugs</mstns:CrossName><mstns:CrossLink>
                    </mstns:CrossLink><mstns:CrossDescription>Triage Bugs</mstns:CrossDescription></mstns:CrossReferenceItem><mstns:CrossReferenceItem CrossType="NextStep"><mstns:CrossName>Fix a Bug</mstns:CrossName><mstns:CrossLink>
                    </mstns:CrossLink><mstns:CrossDescription>Fix a Bug</mstns:CrossDescription></mstns:CrossReferenceItem><mstns:CrossReferenceItem CrossType="NextStep"><mstns:CrossName>Close a Bug</mstns:CrossName><mstns:CrossLink>
                    </mstns:CrossLink><mstns:CrossDescription>Close a Bug</mstns:CrossDescription></mstns:CrossReferenceItem><mstns:CrossReferenceItem CrossType="NextStep"><mstns:CrossName>Release a Product</mstns:CrossName><mstns:CrossLink>
                    </mstns:CrossLink><mstns:CrossDescription>Release a Product</mstns:CrossDescription></mstns:CrossReferenceItem></mstns:CrossReference><mstns:When>
            </mstns:When><mstns:Dependencies><mstns:DependencyItem><mstns:DependencyName>
                    </mstns:DependencyName><mstns:DependencyDescription>The scenario has been written, reviewed, and if necessary, storyboarded.</mstns:DependencyDescription></mstns:DependencyItem></mstns:Dependencies><mstns:CMMI></mstns:CMMI><mstns:Criteria><mstns:CriteriaItem CriteriaType="Exit"><mstns:CriteriaName>All of the validation tests have been run and any resulting bugs have been reported.</mstns:CriteriaName><mstns:CriteriaDescription>All of the validation tests have been run and any resulting bugs have been reported.</mstns:CriteriaDescription></mstns:CriteriaItem><mstns:CriteriaItem CriteriaType="Entry"><mstns:CriteriaName>The test task for the scenario has been assigned outlining the area of the scenario being tested.</mstns:CriteriaName><mstns:CriteriaDescription>A test task for the scenario has been assigned outlining the area of the scenario being tested.</mstns:CriteriaDescription><mstns:WorkProductName>
                    </mstns:WorkProductName></mstns:CriteriaItem></mstns:Criteria></mstns:ContentItem><mstns:ContentItem ContentType="Activity"><mstns:ContentOrder>
            </mstns:ContentOrder><mstns:ContentName>Write Validation Tests</mstns:ContentName><mstns:ContentDescription>Validation tests make sure the system functionality being built matches what is specified in the scenarios. Validation tests take a “black box” view of the application and concentrate on areas most important to the end users. A validation test should not be driven by the design. To write validation tests, examine the challenges that a usage scenario might pose to the application. Not all challenging details are specified in the scenarios. Validation tests check that the functionality built into the system is what is specified in the scenario lists, using a "black box" view of the system. Identifying and writing test cases for the validation tests help testers identify problems by using test actions that mimic real-world situations.</mstns:ContentDescription><mstns:ContentLink>
            </mstns:ContentLink><mstns:Parts><mstns:Part PartType="Step"><mstns:PartName>Identify Test Area and Environment</mstns:PartName><mstns:Sequence>1</mstns:Sequence><mstns:isRequired>true</mstns:isRequired><mstns:PartDescription>Isolate the area where the test is scheduled to run. Iteration tests are the set of automated test cases that run after the build verification tests. These tests, however, do not have to pass in order for a build to be successful. Tests can be run as part of the iteration tests if they are automated.</mstns:PartDescription></mstns:Part><mstns:Part PartType="Step"><mstns:PartName>Identify Test Case Flow Details</mstns:PartName><mstns:Sequence>2</mstns:Sequence><mstns:isRequired>true</mstns:isRequired><mstns:PartDescription>Identify the test data required for the test case. Check out the test approach worksheet. Add the test data to the appropriate iteration section of the test approach worksheet.</mstns:PartDescription><mstns:PartDescription>Identify all constraints for the test cases called for in the test tasks.</mstns:PartDescription><mstns:PartDescription>Identify all boundary conditions for the test cases called for in the test task.</mstns:PartDescription><mstns:PartDescription>Identify all boundary conditions for the test case.</mstns:PartDescription><mstns:PartDescription>Determine if the test cases can be automated.</mstns:PartDescription><mstns:PartDescription>Identify procedural steps for the scenario flow.</mstns:PartDescription></mstns:Part><mstns:Part PartType="Step"><mstns:PartName>Write Test Cases</mstns:PartName><mstns:Sequence>3</mstns:Sequence><mstns:isRequired>true</mstns:isRequired><mstns:PartDescription>Create a test folder for the scenario if one does not already exist.</mstns:PartDescription><mstns:PartDescription>Write the test documentation for manual test cases.</mstns:PartDescription><mstns:PartDescription>Write the automated test cases for iteration tests. </mstns:PartDescription><mstns:PartDescription>Place the test cases in the test folder for the scenario. Add any that are identified as part of the iteration tests to the iteration tests folder. Save and check the tests into version control. Save and check in the test approach worksheet.</mstns:PartDescription></mstns:Part></mstns:Parts><mstns:RACI><mstns:RACIItem RACIType="Responsible"><mstns:RoleName>Tester</mstns:RoleName><mstns:RACIDescription>Tester</mstns:RACIDescription></mstns:RACIItem></mstns:RACI><mstns:CrossReference><mstns:CrossReferenceItem CrossType="SeeAlso">
									<mstns:CrossName>Testing Tools Tasks </mstns:CrossName>
									<mstns:CrossLink>http://go.microsoft.com/fwlink/?LinkId=66429</mstns:CrossLink>
									<mstns:CrossDescription></mstns:CrossDescription>
								</mstns:CrossReferenceItem><mstns:CrossReferenceItem CrossType="Cycles"><mstns:CrossName>Iteration</mstns:CrossName><mstns:CrossLink>
                    </mstns:CrossLink><mstns:CrossDescription>
                    </mstns:CrossDescription></mstns:CrossReferenceItem><mstns:CrossReferenceItem CrossType="Tracks"><mstns:CrossName>Build</mstns:CrossName><mstns:CrossLink>
                    </mstns:CrossLink><mstns:CrossDescription>
                    </mstns:CrossDescription></mstns:CrossReferenceItem><mstns:CrossReferenceItem CrossType="WorkItem"><mstns:CrossName>Scenario</mstns:CrossName><mstns:CrossLink>
                    </mstns:CrossLink><mstns:CrossDescription>Active</mstns:CrossDescription></mstns:CrossReferenceItem><mstns:CrossReferenceItem CrossType="WorkProduct-Word"><mstns:CrossName>Scenario Description</mstns:CrossName><mstns:CrossLink>
                    </mstns:CrossLink><mstns:CrossDescription>
                    </mstns:CrossDescription></mstns:CrossReferenceItem><mstns:CrossReferenceItem CrossType="WorkProduct-VS"><mstns:CrossName>Manual Test</mstns:CrossName><mstns:CrossLink>
                    </mstns:CrossLink><mstns:CrossDescription>
                    </mstns:CrossDescription></mstns:CrossReferenceItem><mstns:CrossReferenceItem CrossType="WorkProduct-VS"><mstns:CrossName>Web Test</mstns:CrossName><mstns:CrossLink>
                    </mstns:CrossLink><mstns:CrossDescription>
                    </mstns:CrossDescription></mstns:CrossReferenceItem><mstns:CrossReferenceItem CrossType="NextStep"><mstns:CrossName>Select and Run a Test Case</mstns:CrossName><mstns:CrossLink>
                    </mstns:CrossLink><mstns:CrossDescription>Select and Run a Test Case</mstns:CrossDescription></mstns:CrossReferenceItem></mstns:CrossReference><mstns:When>
            </mstns:When><mstns:Dependencies><mstns:DependencyItem><mstns:DependencyName>
                    </mstns:DependencyName><mstns:DependencyDescription>The scenario has been written, reviewed, and if necessary, storyboarded.</mstns:DependencyDescription></mstns:DependencyItem></mstns:Dependencies><mstns:CMMI/><mstns:Criteria><mstns:CriteriaItem CriteriaType="Entry"><mstns:CriteriaName>The scenario has been written, reviewed, and storyboarded.</mstns:CriteriaName><mstns:CriteriaDescription>The scenario has been written, reviewed, and storyboarded.</mstns:CriteriaDescription><mstns:WorkProductName>
                    </mstns:WorkProductName></mstns:CriteriaItem><mstns:CriteriaItem CriteriaType="Entry"><mstns:CriteriaName>A test task for the scenario is assigned outlining the area of the scenario to be tested.</mstns:CriteriaName><mstns:CriteriaDescription>A test task for the scenario is assigned outlining the area of the scenario to be tested.</mstns:CriteriaDescription><mstns:WorkProductName>
                    </mstns:WorkProductName></mstns:CriteriaItem><mstns:CriteriaItem CriteriaType="Exit"><mstns:CriteriaName>All of the boundary conditions and test pairings are covered by the validation tests.</mstns:CriteriaName><mstns:CriteriaDescription>All of the boundary conditions and test pairings are covered by the validation tests.</mstns:CriteriaDescription></mstns:CriteriaItem><mstns:CriteriaItem CriteriaType="Exit"><mstns:CriteriaName>All of the functionality of the test task is covered by the validation tests.</mstns:CriteriaName><mstns:CriteriaDescription>All of the functionality of the test task is covered by the validation tests.</mstns:CriteriaDescription></mstns:CriteriaItem></mstns:Criteria></mstns:ContentItem></mstns:Content><mstns:NavStructure><mstns:Menu><mstns:MenuName>
            </mstns:MenuName><mstns:MenuItem><mstns:MenuItemName>
                </mstns:MenuItemName><mstns:MenuItemTransform>
                </mstns:MenuItemTransform><mstns:MenuItemDescription>
                </mstns:MenuItemDescription></mstns:MenuItem></mstns:Menu><mstns:ImageMenu></mstns:ImageMenu><mstns:BulletMenu><mstns:MenuName>
            </mstns:MenuName><mstns:MenuItem><mstns:MenuItemName>
                </mstns:MenuItemName><mstns:MenuItemTransform>
                </mstns:MenuItemTransform><mstns:MenuBulletImage>
                </mstns:MenuBulletImage><mstns:MenuItemDescription>
                </mstns:MenuItemDescription></mstns:MenuItem></mstns:BulletMenu></mstns:NavStructure><mstns:Glossary><mstns:GlossaryName>Glossary</mstns:GlossaryName><mstns:GlossaryItem><mstns:Term>
            </mstns:Term><mstns:Definition>
            </mstns:Definition><mstns:Reference>
            </mstns:Reference></mstns:GlossaryItem></mstns:Glossary><mstns:HelpContextMap><mstns:MapItem><mstns:Keyword>
            </mstns:Keyword><mstns:Context>
            </mstns:Context><mstns:ContentName>
            </mstns:ContentName></mstns:MapItem></mstns:HelpContextMap><mstns:Index><mstns:IndexItem><mstns:Keyword>
            </mstns:Keyword><mstns:ContentName>
            </mstns:ContentName></mstns:IndexItem></mstns:Index></mstns:ProcessGuidance>