<?xml version="1.0" encoding="UTF-8"?><?mso-infoPathSolution PIVersion="1.0.0.0" language="en-us" name="urn:schemas-microsoft-com:office:infopath:template2:http---tempuri-org-XMLSchema-xsd" solutionVersion="1.0.0.157" productVersion="11.0.6565" ?><?mso-application progid="InfoPath.Document"?><mstns:ProcessGuidance xmlns:mstns="http://tempuri.org/XMLSchema.xsd" xmlns:xsi="http://www.w3.org/2001/XMLSchema-instance" xmlns:xhtml="http://www.w3.org/1999/xhtml" xmlns:my="http://schemas.microsoft.com/office/infopath/2003/myXSD/2004-10-13T22:49:49" xmlns:xd="http://schemas.microsoft.com/office/infopath/2003"><mstns:Content><mstns:ContentItem ContentType="Workstream"><mstns:ContentOrder>2</mstns:ContentOrder><mstns:ContentName>Test a Quality of Service Requirement</mstns:ContentName><mstns:ContentDescription>The assignment of a quality of service requirement to test indicates that the build reflects the constraint and is ready to be tested. To validate a build reflects the constraints envisioned in a quality of service requirement requires knowledge beyond the constraint. In many cases, scenarios are attached to the requirement to show the areas to be constrained. Testing a quality of service requirement demands performance, security, stress, and load tests be completed and that none are blocked. Based on the test results, bug work items are created to document the issues discovered.</mstns:ContentDescription><mstns:ContentLink>
            </mstns:ContentLink><mstns:Parts><mstns:Part PartType="Step"><mstns:PartName>Define Test Approach</mstns:PartName><mstns:Sequence>1</mstns:Sequence><mstns:isRequired>true</mstns:isRequired><mstns:PartDescription>
                        <div style="PADDING-RIGHT: 0in; MARGIN-TOP: 0in; PADDING-LEFT: 0in; FONT-SIZE: 12pt; MARGIN-BOTTOM: 0pt" xmlns="http://www.w3.org/1999/xhtml">
                            <font face="Times New Roman">Determine the project context.</font>
                        </div>
                    </mstns:PartDescription><mstns:PartDescription>
                        <div style="PADDING-RIGHT: 0in; MARGIN-TOP: 0in; PADDING-LEFT: 0in; FONT-SIZE: 12pt; MARGIN-BOTTOM: 0pt" xmlns="http://www.w3.org/1999/xhtml">
                            <font face="Times New Roman">Determine the test mission.</font>
                        </div>
                    </mstns:PartDescription><mstns:PartDescription>
                        <div style="PADDING-RIGHT: 0in; MARGIN-TOP: 0in; PADDING-LEFT: 0in; FONT-SIZE: 12pt; MARGIN-BOTTOM: 0pt" xmlns="http://www.w3.org/1999/xhtml">
                            <font face="Times New Roman">Assess possible testing techniques.</font>
                        </div>
                    </mstns:PartDescription><mstns:PartDescription>
                        <div style="PADDING-RIGHT: 0in; MARGIN-TOP: 0in; PADDING-LEFT: 0in; FONT-SIZE: 12pt; MARGIN-BOTTOM: 0pt" xmlns="http://www.w3.org/1999/xhtml">
                            <font face="Times New Roman">Define the test metrics.</font>
                        </div>
                    </mstns:PartDescription><mstns:PartDescription>
                        <span style="FONT-SIZE: 12pt" xmlns="http://www.w3.org/1999/xhtml">
                            <font face="Times New Roman">Define the goals and test data.</font>
                        </span>
                    </mstns:PartDescription></mstns:Part><mstns:Part PartType="Step"><mstns:PartName>Write Performance Tests</mstns:PartName><mstns:Sequence>2</mstns:Sequence><mstns:isRequired>true</mstns:isRequired><mstns:PartDescription>
                        <font size="1" xmlns="http://www.w3.org/1999/xhtml">
                            <div>Understand the objective of the test.</div>
                        </font>
                    </mstns:PartDescription><mstns:PartDescription>
                        <font size="1" xmlns="http://www.w3.org/1999/xhtml">
                            <div>Specify the test configuration.</div>
                        </font>
                    </mstns:PartDescription><mstns:PartDescription>Design the test.</mstns:PartDescription><mstns:PartDescription>Document the test steps.</mstns:PartDescription></mstns:Part><mstns:Part PartType="Step"><mstns:PartName>Write Security Tests</mstns:PartName><mstns:Sequence>3</mstns:Sequence><mstns:isRequired>true</mstns:isRequired><mstns:PartDescription>
                        <font size="1" xmlns="http://www.w3.org/1999/xhtml">
                            <div>Explore entry points.</div>
                        </font>
                    </mstns:PartDescription><mstns:PartDescription>Identify system flaws.</mstns:PartDescription><mstns:PartDescription>Exploit system weaknesses.</mstns:PartDescription></mstns:Part><mstns:Part PartType="Step"><mstns:PartName>Write Stress Tests</mstns:PartName><mstns:Sequence>4</mstns:Sequence><mstns:isRequired>true</mstns:isRequired><mstns:PartDescription>Design the test.</mstns:PartDescription><mstns:PartDescription>
                        <font size="1" xmlns="http://www.w3.org/1999/xhtml">
                            <div>Write the test.</div>
                        </font>
                    </mstns:PartDescription></mstns:Part><mstns:Part PartType="Step"><mstns:PartName>Write Load Tests</mstns:PartName><mstns:Sequence>5</mstns:Sequence><mstns:isRequired>true</mstns:isRequired><mstns:PartDescription>
                        <font size="1" xmlns="http://www.w3.org/1999/xhtml">
                            <div>Understand the objective of the load test.</div>
                        </font>
                    </mstns:PartDescription><mstns:PartDescription>
                        <font size="1" xmlns="http://www.w3.org/1999/xhtml">
                            <div>Design the test.</div>
                        </font>
                    </mstns:PartDescription><mstns:PartDescription>
                        <font size="1" xmlns="http://www.w3.org/1999/xhtml">
                            <div>Write the test.</div>
                        </font>
                    </mstns:PartDescription></mstns:Part><mstns:Part PartType="Step"><mstns:PartName>Select and Run a Test Case</mstns:PartName><mstns:Sequence>6</mstns:Sequence><mstns:isRequired>true</mstns:isRequired><mstns:PartDescription>
                        <font size="1" xmlns="http://www.w3.org/1999/xhtml">
                            <div>Determine which tests to run.</div>
                        </font>
                    </mstns:PartDescription><mstns:PartDescription>Identify the test configuration.</mstns:PartDescription><mstns:PartDescription>Get the build.</mstns:PartDescription><mstns:PartDescription>Run the test.</mstns:PartDescription><mstns:PartDescription>Analyze the results.</mstns:PartDescription><mstns:PartDescription>Close the work item.</mstns:PartDescription></mstns:Part><mstns:Part PartType="Step"><mstns:PartName>Open a Bug</mstns:PartName><mstns:Sequence>7</mstns:Sequence><mstns:isRequired>true</mstns:isRequired><mstns:PartDescription>Identify a bug.</mstns:PartDescription><mstns:PartDescription>
                        <font size="1" xmlns="http://www.w3.org/1999/xhtml">
                            <div>Assign the bug.</div>
                        </font>
                    </mstns:PartDescription></mstns:Part><mstns:Part PartType="Step"><mstns:PartName>Conduct Exploratory Testing</mstns:PartName><mstns:Sequence>8</mstns:Sequence><mstns:isRequired>true</mstns:isRequired><mstns:PartDescription>
                        <div class="p1a" xmlns="http://www.w3.org/1999/xhtml">Establish session length.</div>
                    </mstns:PartDescription><mstns:PartDescription>
                        <div style="PADDING-RIGHT: 0in; MARGIN-TOP: 0in; PADDING-LEFT: 0in; MARGIN-BOTTOM: 0pt" xmlns="http://www.w3.org/1999/xhtml">Meet persona expectations.</div>
                    </mstns:PartDescription><mstns:PartDescription>Envision new persona goals.<font style="FONT-SIZE: 12pt" xmlns="http://www.w3.org/1999/xhtml"/>
					</mstns:PartDescription></mstns:Part></mstns:Parts><mstns:RACI><mstns:RACIItem RACIType="Responsible"><mstns:RoleName>Tester</mstns:RoleName><mstns:RACIDescription>Tester</mstns:RACIDescription></mstns:RACIItem></mstns:RACI><mstns:CrossReference><mstns:CrossReferenceItem CrossType="NextStep"><mstns:CrossName>Triage Bugs</mstns:CrossName><mstns:CrossLink>
                    </mstns:CrossLink><mstns:CrossDescription>Triage Bugs</mstns:CrossDescription></mstns:CrossReferenceItem><mstns:CrossReferenceItem CrossType="SeeAlso">
									<mstns:CrossName>Testing Tools Tasks</mstns:CrossName>
									<mstns:CrossLink>http://go.microsoft.com/fwlink/?LinkId=66429</mstns:CrossLink>
									<mstns:CrossDescription></mstns:CrossDescription>
								</mstns:CrossReferenceItem><mstns:CrossReferenceItem CrossType="NextStep"><mstns:CrossName>Fix a Bug</mstns:CrossName><mstns:CrossLink>
                    </mstns:CrossLink><mstns:CrossDescription>Fix a Bug</mstns:CrossDescription></mstns:CrossReferenceItem><mstns:CrossReferenceItem CrossType="NextStep"><mstns:CrossName>Close a Bug</mstns:CrossName><mstns:CrossLink>
                    </mstns:CrossLink><mstns:CrossDescription>Close a Bug</mstns:CrossDescription></mstns:CrossReferenceItem><mstns:CrossReferenceItem CrossType="NextStep"><mstns:CrossName>Release a Product</mstns:CrossName><mstns:CrossLink>
                    </mstns:CrossLink><mstns:CrossDescription>Release a Product</mstns:CrossDescription></mstns:CrossReferenceItem><mstns:CrossReferenceItem CrossType="PatternPractices"><mstns:CrossName>Testing Performance Requirements</mstns:CrossName><mstns:CrossLink>http://go.microsoft.com/fwlink/?LinkId=40654</mstns:CrossLink><mstns:CrossDescription>
                    </mstns:CrossDescription></mstns:CrossReferenceItem></mstns:CrossReference><mstns:When>
            </mstns:When><mstns:Dependencies><mstns:DependencyItem><mstns:DependencyName>
                    </mstns:DependencyName><mstns:DependencyDescription>
                    </mstns:DependencyDescription></mstns:DependencyItem></mstns:Dependencies><mstns:CMMI></mstns:CMMI><mstns:Criteria><mstns:CriteriaItem CriteriaType="Entry"><mstns:CriteriaName>The quality of service requirement has been written, reviewed, and storyboarded.</mstns:CriteriaName><mstns:CriteriaDescription>The quality of service requirement has been written, reviewed, and storyboarded.</mstns:CriteriaDescription><mstns:WorkProductName>
                    </mstns:WorkProductName></mstns:CriteriaItem><mstns:CriteriaItem CriteriaType="Exit"><mstns:CriteriaName>All of the performance, stress, security, and load tests have been run and resulting bugs have been reported.</mstns:CriteriaName><mstns:CriteriaDescription>All of the performance, stress, security, and load tests have been run and resulting bugs have been reported.</mstns:CriteriaDescription></mstns:CriteriaItem></mstns:Criteria></mstns:ContentItem><mstns:ContentItem ContentType="Activity"><mstns:ContentOrder>
            </mstns:ContentOrder><mstns:ContentName>Define Test Approach</mstns:ContentName><mstns:ContentDescription>A test approach is a strategy that guides test design and execution. It also determines the quality guidelines for shipping the product. The test approach acts as a starting point for the test plan early in the project, but evolves and changes with the project. A test approach should include a mix of techniques including manual and automated tests. Defining the test approach involves determining the test context and the test mission(s), and selecting appropriate techniques for the missions in the context of the project. Before each iteration, the test approach document should be briefly updated to reflect the testing goals of the iteration and the test data to be used.</mstns:ContentDescription><mstns:ContentLink>
            </mstns:ContentLink><mstns:Parts><mstns:Part PartType="Step"><mstns:PartName>Determine the Project Context</mstns:PartName><mstns:Sequence>1</mstns:Sequence><mstns:isRequired>true</mstns:isRequired><mstns:PartDescription>Identify unique project risks and the users they might affect. Identify special situations that might impact the level of testing needed. For example, a project domain may be subject to regulation that determines the testing that has to be done.</mstns:PartDescription><mstns:PartDescription>Consider risk impacts. Determine what is at stake if the product should fail.</mstns:PartDescription></mstns:Part><mstns:Part PartType="Step"><mstns:PartName>Determine the Test Mission</mstns:PartName><mstns:Sequence>2</mstns:Sequence><mstns:isRequired>true</mstns:isRequired><mstns:PartDescription>Identify the project goals to be satisfied through testing.</mstns:PartDescription><mstns:PartDescription>Consult the architect and business analyst on technical uncertainties and user risks.</mstns:PartDescription><mstns:PartDescription>Clarify expectations regarding the contribution to be made by testing.</mstns:PartDescription><mstns:PartDescription>Collaborate with the business analyst and the architect to create a list of prioritized technical uncertainties and user risks.</mstns:PartDescription></mstns:Part><mstns:Part PartType="Step"><mstns:PartName>Assess Possible Testing Techniques</mstns:PartName><mstns:Sequence>3</mstns:Sequence><mstns:isRequired>true</mstns:isRequired><mstns:PartDescription>Assess the available tools for testing.</mstns:PartDescription><mstns:PartDescription>Assess the skills of the testing team.</mstns:PartDescription><mstns:PartDescription>Determine the testing techniques possible and appropriate for the project based on the tools and skill sets available.</mstns:PartDescription></mstns:Part><mstns:Part PartType="Step"><mstns:PartName>Define Test Metrics</mstns:PartName><mstns:Sequence>4</mstns:Sequence><mstns:isRequired>true</mstns:isRequired><mstns:PartDescription>Work with developers to determine realistic code coverage metric thresholds for unit testing development tasks. This is a mandatory test metric.</mstns:PartDescription><mstns:PartDescription>Use the project context, test mission, and test techniques to determine the test metrics. These test metrics will often include thresholds for various types of tests (Web, load, or stress) or percentage of tests automated.</mstns:PartDescription><mstns:PartDescription>Work with the business analyst to determine realistic metric thresholds for shipping the product. These targets should also be determined by the context of the project. </mstns:PartDescription><mstns:PartDescription>Add test metric thresholds to the relevant reports and to the test approach worksheet. </mstns:PartDescription><mstns:PartDescription>Publish the test approach worksheet.</mstns:PartDescription></mstns:Part></mstns:Parts><mstns:RACI><mstns:RACIItem RACIType="Responsible"><mstns:RoleName>Tester</mstns:RoleName><mstns:RACIDescription>Tester</mstns:RACIDescription></mstns:RACIItem></mstns:RACI><mstns:CrossReference><mstns:CrossReferenceItem CrossType="WorkProduct-VS"><mstns:CrossName>Test Approach</mstns:CrossName><mstns:CrossLink>
                    </mstns:CrossLink><mstns:CrossDescription>
                    </mstns:CrossDescription></mstns:CrossReferenceItem><mstns:CrossReferenceItem CrossType="Cycles"><mstns:CrossName>Iteration</mstns:CrossName><mstns:CrossLink>
                    </mstns:CrossLink><mstns:CrossDescription>
                    </mstns:CrossDescription></mstns:CrossReferenceItem><mstns:CrossReferenceItem CrossType="Tracks"><mstns:CrossName>Build</mstns:CrossName><mstns:CrossLink>
                    </mstns:CrossLink><mstns:CrossDescription>
                    </mstns:CrossDescription></mstns:CrossReferenceItem><mstns:CrossReferenceItem CrossType="NextStep"><mstns:CrossName>Evaluate Test Metric Thresholds</mstns:CrossName><mstns:CrossLink>
                    </mstns:CrossLink><mstns:CrossDescription>Evaluate Test Metric Thresholds</mstns:CrossDescription></mstns:CrossReferenceItem><mstns:CrossReferenceItem CrossType="NextStep"><mstns:CrossName>Test a Scenario</mstns:CrossName><mstns:CrossLink>
                    </mstns:CrossLink><mstns:CrossDescription>Test a Scenario</mstns:CrossDescription></mstns:CrossReferenceItem><mstns:CrossReferenceItem CrossType="NextStep"><mstns:CrossName>Test a Quality of Service Requirement</mstns:CrossName><mstns:CrossLink>
                    </mstns:CrossLink><mstns:CrossDescription>Test a Quality of Service Requirement</mstns:CrossDescription></mstns:CrossReferenceItem></mstns:CrossReference><mstns:When>
            </mstns:When><mstns:Dependencies><mstns:DependencyItem><mstns:DependencyName>
                    </mstns:DependencyName><mstns:DependencyDescription>The project vision statement has been published to the project portal.</mstns:DependencyDescription></mstns:DependencyItem></mstns:Dependencies><mstns:CMMI></mstns:CMMI><mstns:Criteria><mstns:CriteriaItem CriteriaType="Exit"><mstns:CriteriaName>The test metric thresholds have been defined. The metric threshold for unit testing is mandatory.</mstns:CriteriaName><mstns:CriteriaDescription>The test metric thresholds have been defined. The metric threshold for unit testing is mandatory.</mstns:CriteriaDescription></mstns:CriteriaItem></mstns:Criteria></mstns:ContentItem><mstns:ContentItem ContentType="Activity"><mstns:ContentOrder>
            </mstns:ContentOrder><mstns:ContentName>Write Performance Tests</mstns:ContentName><mstns:ContentDescription>
                <span xmlns="http://www.w3.org/1999/xhtml">Performance tests measure an application’s response time and ensure the application meets established quality of service requirements. Performance testing should occur as part of every iteration and include time to resolve major performance issues and retest.</span>
            </mstns:ContentDescription><mstns:ContentLink>
            </mstns:ContentLink><mstns:Parts><mstns:Part PartType="Step"><mstns:PartName>Understand the Objective of the Test</mstns:PartName><mstns:Sequence>1</mstns:Sequence><mstns:isRequired>true</mstns:isRequired><mstns:PartDescription>
                        <div style="PADDING-RIGHT: 0in; MARGIN-TOP: 0in; PADDING-LEFT: 0in; MARGIN-BOTTOM: 0pt" xmlns="http://www.w3.org/1999/xhtml">The objective of the test must be clearly identified. For example, there should be no significant difference in product response time for users with different internet connection speeds.</div>
                    </mstns:PartDescription><mstns:PartDescription>
                        <span xmlns="http://www.w3.org/1999/xhtml">The outcome of the test must be clearly documented and expressed as a range of values.</span>
                    </mstns:PartDescription></mstns:Part><mstns:Part PartType="Step"><mstns:PartName>Specify the Test Configuration</mstns:PartName><mstns:Sequence>2</mstns:Sequence><mstns:isRequired>true</mstns:isRequired><mstns:PartDescription>Identify the test configuration.</mstns:PartDescription><mstns:PartDescription>
                        <span xmlns="http://www.w3.org/1999/xhtml">Document any test result deviations that depend on the test configuration. For example, a typical user configuration as opposed to a simulated lab configuration.</span>
                    </mstns:PartDescription><mstns:PartDescription>
                        <span xmlns="http://www.w3.org/1999/xhtml">Document external conditions that might affect the test timing.</span>
                    </mstns:PartDescription></mstns:Part><mstns:Part PartType="Step"><mstns:PartName>Design the Test</mstns:PartName><mstns:Sequence>3</mstns:Sequence><mstns:isRequired>true</mstns:isRequired><mstns:PartDescription>
                        <div xmlns="http://www.w3.org/1999/xhtml">Map out the test conditions including prerequisites and the scenario being timed. Review the scenario to determine areas where performance is critical and where it is not. Work with the architects to understand the performance model used to instrument the code.</div>
                    </mstns:PartDescription></mstns:Part><mstns:Part PartType="Step"><mstns:PartName>Document the Test Steps</mstns:PartName><mstns:Sequence>4</mstns:Sequence><mstns:isRequired>true</mstns:isRequired><mstns:PartDescription>
                        <div xmlns="http://www.w3.org/1999/xhtml">Itemize the test steps so all testers who execute the performance tests perform each step the same way. Failure to itemize the test steps can result in incorrect measurement of performance. Use automation to build test cases wherever possible.</div>
                    </mstns:PartDescription><mstns:PartDescription>
                        <div xmlns="http://www.w3.org/1999/xhtml">Add the automated test cases to the test folder for the quality of service requirement and the iteration tests. Check in the tests and update the test approach worksheet with any test data or other considerations for the test.</div>
                    </mstns:PartDescription></mstns:Part></mstns:Parts><mstns:RACI><mstns:RACIItem RACIType="Responsible"><mstns:RoleName>Tester</mstns:RoleName><mstns:RACIDescription>Tester</mstns:RACIDescription></mstns:RACIItem></mstns:RACI><mstns:Verification></mstns:Verification><mstns:CrossReference><mstns:CrossReferenceItem CrossType="Cycles"><mstns:CrossName>Iteration</mstns:CrossName><mstns:CrossLink>
                    </mstns:CrossLink><mstns:CrossDescription>
                    </mstns:CrossDescription></mstns:CrossReferenceItem><mstns:CrossReferenceItem CrossType="Tracks"><mstns:CrossName>Build</mstns:CrossName><mstns:CrossLink>
                    </mstns:CrossLink><mstns:CrossDescription>
                    </mstns:CrossDescription></mstns:CrossReferenceItem><mstns:CrossReferenceItem CrossType="Qualities of Service"><mstns:CrossName>Performance</mstns:CrossName><mstns:CrossLink>
                    </mstns:CrossLink><mstns:CrossDescription>
                    </mstns:CrossDescription></mstns:CrossReferenceItem><mstns:CrossReferenceItem CrossType="WorkItem"><mstns:CrossName>Quality of Service Requirement</mstns:CrossName><mstns:CrossLink>
                    </mstns:CrossLink><mstns:CrossDescription>Active</mstns:CrossDescription></mstns:CrossReferenceItem><mstns:CrossReferenceItem CrossType="WorkProduct-VS"><mstns:CrossName>Manual Test</mstns:CrossName><mstns:CrossLink>
                    </mstns:CrossLink><mstns:CrossDescription>
                    </mstns:CrossDescription></mstns:CrossReferenceItem><mstns:CrossReferenceItem CrossType="WorkProduct-VS"><mstns:CrossName>Web Test</mstns:CrossName><mstns:CrossLink>
                    </mstns:CrossLink><mstns:CrossDescription>
                    </mstns:CrossDescription></mstns:CrossReferenceItem><mstns:CrossReferenceItem CrossType="SeeAlso">
									<mstns:CrossName>Testing Tool Tasks</mstns:CrossName>
									<mstns:CrossLink>http://go.microsoft.com/fwlink/?LinkId=66429</mstns:CrossLink>
									<mstns:CrossDescription></mstns:CrossDescription>
								</mstns:CrossReferenceItem><mstns:CrossReferenceItem CrossType="NextStep"><mstns:CrossName>Select and Run a Test Case</mstns:CrossName><mstns:CrossLink>
                    </mstns:CrossLink><mstns:CrossDescription>Select and Run a Test Case</mstns:CrossDescription></mstns:CrossReferenceItem></mstns:CrossReference><mstns:When>
            </mstns:When><mstns:Dependencies><mstns:DependencyItem><mstns:DependencyName>
                    </mstns:DependencyName><mstns:DependencyDescription>A test task is assigned to you indicating that a need to test a performance quality of service requirement.</mstns:DependencyDescription></mstns:DependencyItem></mstns:Dependencies><mstns:CMMI></mstns:CMMI><mstns:Criteria><mstns:CriteriaItem CriteriaType="Exit"><mstns:CriteriaName>The performance tests are completed and checked in.</mstns:CriteriaName><mstns:CriteriaDescription>
                        <div align="left" xmlns="http://www.w3.org/1999/xhtml">The performance tests are completed and checked in.</div>
                    </mstns:CriteriaDescription></mstns:CriteriaItem><mstns:CriteriaItem CriteriaType="Exit"><mstns:CriteriaName>The performance tests verify that quality of service requirements pertaining to performance are met.</mstns:CriteriaName><mstns:CriteriaDescription>The performance tests verify that quality of service requirements pertaining to performance are met.</mstns:CriteriaDescription></mstns:CriteriaItem></mstns:Criteria></mstns:ContentItem><mstns:ContentItem ContentType="Activity"><mstns:ContentOrder>
            </mstns:ContentOrder><mstns:ContentName>Write Security Tests</mstns:ContentName><mstns:ContentDescription>
                <font xmlns="http://www.w3.org/1999/xhtml">
                    <div>Security tests or penetration tests utilize the threats found in the threat modeling process to simulate an adversary’s attempt to achieve specific malicious goals in the product. This form of testing can be divided into three parts: exploration, flaw identification, and exploitation. Penetration testing can result in the discovery of new vulnerabilities that become security requirements or bugs in the attempt to lock down entry points and subsequent access to assets. As a result, testers must be as aware of the elements of the threat model as architects are. This form of testing requires the special skills of being able to think and act like the adversary. Access to the threat model gives them the ability to systematically attack the system in an informed way.</div>
                </font>
            </mstns:ContentDescription><mstns:ContentLink>
            </mstns:ContentLink><mstns:Parts><mstns:Part PartType="Step"><mstns:PartName>Explore the Entry Points</mstns:PartName><mstns:Sequence>1</mstns:Sequence><mstns:isRequired>true</mstns:isRequired><mstns:PartDescription>Identify a system’s entry points and functionality for the protection of assets. Use an informed testing approach, gathering information from the threat model to determine the expected avenues of attack.</mstns:PartDescription><mstns:PartDescription>Prioritize the entry points and cross reference the entry points with the trust levels. Create environments and test configurations for each of the trust levels.</mstns:PartDescription></mstns:Part><mstns:Part PartType="Step"><mstns:PartName>Identify Flaws</mstns:PartName><mstns:Sequence>2</mstns:Sequence><mstns:isRequired>true</mstns:isRequired><mstns:PartDescription>Write test cases that utilize directed or semi-random tests to attempt to access to an asset. Directed measures are aimed at bypassing specific security measures. For example, look to acquire a session identifier and modify the account number in a URL.</mstns:PartDescription><mstns:PartDescription>Semi-random attacks may use fuzzing or the manipulation of a data format or protocol to test boundary conditions or elicit errors from the application. Test limits such as buffer sizes, integer roll-overs, negative numbers, and buffer lengths.</mstns:PartDescription></mstns:Part><mstns:Part PartType="Step"><mstns:PartName>Exploit Weaknesses</mstns:PartName><mstns:Sequence>3</mstns:Sequence><mstns:isRequired>true</mstns:isRequired><mstns:PartDescription>Add test cases to exploit any weaknesses found to attempt to access assets. Some of these test cases will have to be exploratory rather than fixed. Take into consideration the amount of time required to figure out how to exploit weaknesses to access assets. While unauthorized entry into the system is a bug, access to protected assets presents the strongest case for fixing these bugs. Ensure that the security test case scenarios address common tactics used to capture secret data, gain unauthorized access, or deny access to legitimate users.</mstns:PartDescription><mstns:PartDescription>Save these manual test cases in the appropriate security requirement folder. Check them in. Add any test data requirements to the section of the test approach worksheet for this iteration.</mstns:PartDescription></mstns:Part></mstns:Parts><mstns:RACI><mstns:RACIItem RACIType="Responsible"><mstns:RoleName>Tester</mstns:RoleName><mstns:RACIDescription>Tester</mstns:RACIDescription></mstns:RACIItem></mstns:RACI><mstns:Verification></mstns:Verification><mstns:CrossReference><mstns:CrossReferenceItem CrossType="Cycles"><mstns:CrossName>Iteration</mstns:CrossName><mstns:CrossLink>
                    </mstns:CrossLink><mstns:CrossDescription>
                    </mstns:CrossDescription></mstns:CrossReferenceItem><mstns:CrossReferenceItem CrossType="Tracks"><mstns:CrossName>Build</mstns:CrossName><mstns:CrossLink>
                    </mstns:CrossLink><mstns:CrossDescription>
                    </mstns:CrossDescription></mstns:CrossReferenceItem><mstns:CrossReferenceItem CrossType="Qualities of Service"><mstns:CrossName>Security</mstns:CrossName><mstns:CrossLink>
                    </mstns:CrossLink><mstns:CrossDescription>
                    </mstns:CrossDescription></mstns:CrossReferenceItem><mstns:CrossReferenceItem CrossType="WorkItem"><mstns:CrossName>Quality of Service Requirement</mstns:CrossName><mstns:CrossLink>
                    </mstns:CrossLink><mstns:CrossDescription>Active</mstns:CrossDescription></mstns:CrossReferenceItem><mstns:CrossReferenceItem CrossType="WorkProduct-VS"><mstns:CrossName>Manual Test</mstns:CrossName><mstns:CrossLink>
                    </mstns:CrossLink><mstns:CrossDescription>
                    </mstns:CrossDescription></mstns:CrossReferenceItem><mstns:CrossReferenceItem CrossType="NextStep"><mstns:CrossName>Select and Run a Test Case</mstns:CrossName><mstns:CrossLink>
                    </mstns:CrossLink><mstns:CrossDescription>Select and Run a Test Case</mstns:CrossDescription></mstns:CrossReferenceItem><mstns:CrossReferenceItem CrossType="SeeAlso">
									<mstns:CrossName>Security Deployment Review</mstns:CrossName>
									<mstns:CrossLink>http://go.microsoft.com/fwlink/?LinkId=56207</mstns:CrossLink>
									<mstns:CrossDescription></mstns:CrossDescription>
								</mstns:CrossReferenceItem></mstns:CrossReference><mstns:When>
            </mstns:When><mstns:Dependencies><mstns:DependencyItem><mstns:DependencyName>
                    </mstns:DependencyName><mstns:DependencyDescription>You are assigned a test task for a security requirement that is scheduled for the iteration.</mstns:DependencyDescription></mstns:DependencyItem><mstns:DependencyItem>
										<mstns:DependencyName></mstns:DependencyName>
										<mstns:DependencyDescription>The threat model is up-to-date and published.</mstns:DependencyDescription>
									</mstns:DependencyItem></mstns:Dependencies><mstns:CMMI></mstns:CMMI><mstns:Criteria><mstns:CriteriaItem CriteriaType="Exit"><mstns:CriteriaName>The security tests cover all the elements of security requirement called for in the test task.</mstns:CriteriaName><mstns:CriteriaDescription>The security tests cover all the elements of security requirements called for in the test task.</mstns:CriteriaDescription></mstns:CriteriaItem><mstns:CriteriaItem CriteriaType="Exit"><mstns:CriteriaName>Any necessary test data is added to the iteration section of the test approach worksheet.</mstns:CriteriaName><mstns:CriteriaDescription>Any necessary test data is added to the iteration section of the test approach worksheet.</mstns:CriteriaDescription></mstns:CriteriaItem></mstns:Criteria></mstns:ContentItem><mstns:ContentItem ContentType="Activity"><mstns:ContentOrder>
            </mstns:ContentOrder><mstns:ContentName>Write Stress Tests</mstns:ContentName><mstns:ContentDescription>Stress tests determine an application's breaking points and push the application past its upper limits as resources are saturated. They are used to identify the application's upper load boundaries where application response has degraded to an unacceptable level or the application has failed entirely. For example, the product may be run with a high load for a month to look for storage leaks or objects that should be garbage collected. Stress testing should occur as part of every iteration. A stress test is a type of performance test. Stress tests look at conditions that stress the application such as when maximum load conditions are exceeded for typical user scenarios or running the application for extended periods of time. They can be used to predict application behavior as maximum load conditions are exceeded. Stress tests can also be used to validate an application's stability and reliability by executing load testing over an extended period of time.</mstns:ContentDescription><mstns:ContentLink>
            </mstns:ContentLink><mstns:Parts><mstns:Part PartType="Step"><mstns:PartName>Understand the Objective of the Test</mstns:PartName><mstns:Sequence>1</mstns:Sequence><mstns:isRequired>true</mstns:isRequired><mstns:PartDescription>The objective of the stress test must be understood and the outcome of the test expressed in concrete terms such as an acceptable range of values.</mstns:PartDescription></mstns:Part><mstns:Part PartType="Step"><mstns:PartName>Design the Automated Test</mstns:PartName><mstns:Sequence>2</mstns:Sequence><mstns:isRequired>true</mstns:isRequired><mstns:PartDescription>Map out the test environment, test conditions including prerequisites, the number of virtual users, scenario being timed, and resources to be monitored. Understand the distribution of activities and simultaneous scenarios.</mstns:PartDescription><mstns:PartDescription>Create stress test scenarios. </mstns:PartDescription><mstns:PartDescription>Within a stress test scenario, create the test mix, load profile, and simulated environment.</mstns:PartDescription><mstns:PartDescription>The test mix is comprised of the tasks that are performed and the frequency of the tasks. Do not insert think times or delay between tasks.</mstns:PartDescription><mstns:PartDescription>In the load profile, determine how many users are tested in a constant or stepped load.</mstns:PartDescription><mstns:PartDescription>Determine the simulated environment such as the network emulation speed and types of browsers used.</mstns:PartDescription><mstns:PartDescription>Add any unit tests to simulate additional load. This is the unit test under load.</mstns:PartDescription></mstns:Part><mstns:Part PartType="Step"><mstns:PartName>Write the Test</mstns:PartName><mstns:Sequence>3</mstns:Sequence><mstns:isRequired>true</mstns:isRequired><mstns:PartDescription>
                        <span xmlns="http://www.w3.org/1999/xhtml">Record the steps that users perform. Include validations to check that results returned are accurate under stress. Use data binding to make the tests dynamic using a .NET data source such as SQL Server, Microsoft Excel, or Microsoft Access.</span>
                    </mstns:PartDescription><mstns:PartDescription>Place the test in the test folder of the stress quality of service requirement. Create a test folder if it does not exist, naming it the same name as the quality of service requirement.</mstns:PartDescription><mstns:PartDescription>Check in the test.</mstns:PartDescription></mstns:Part></mstns:Parts><mstns:RACI><mstns:RACIItem RACIType="Responsible"><mstns:RoleName>Tester</mstns:RoleName><mstns:RACIDescription>Tester</mstns:RACIDescription></mstns:RACIItem></mstns:RACI><mstns:CrossReference><mstns:CrossReferenceItem CrossType="Cycles"><mstns:CrossName>Iteration</mstns:CrossName><mstns:CrossLink>
                    </mstns:CrossLink><mstns:CrossDescription>
                    </mstns:CrossDescription></mstns:CrossReferenceItem><mstns:CrossReferenceItem CrossType="Tracks"><mstns:CrossName>Build</mstns:CrossName><mstns:CrossLink>
                    </mstns:CrossLink><mstns:CrossDescription>
                    </mstns:CrossDescription></mstns:CrossReferenceItem><mstns:CrossReferenceItem CrossType="WorkItem"><mstns:CrossName>Quality of Service Requirement</mstns:CrossName><mstns:CrossLink>
                    </mstns:CrossLink><mstns:CrossDescription>Active</mstns:CrossDescription></mstns:CrossReferenceItem><mstns:CrossReferenceItem CrossType="WorkProduct-VS"><mstns:CrossName>Load Test</mstns:CrossName><mstns:CrossLink>
                    </mstns:CrossLink><mstns:CrossDescription>
                    </mstns:CrossDescription></mstns:CrossReferenceItem><mstns:CrossReferenceItem CrossType="SeeAlso">
									<mstns:CrossName>Testing Tool Tasks</mstns:CrossName>
									<mstns:CrossLink>http://go.microsoft.com/fwlink/?LinkId=66429</mstns:CrossLink>
									<mstns:CrossDescription></mstns:CrossDescription>
								</mstns:CrossReferenceItem><mstns:CrossReferenceItem CrossType="NextStep"><mstns:CrossName>Select and Run a Test Case</mstns:CrossName><mstns:CrossLink>
                    </mstns:CrossLink><mstns:CrossDescription>Select and Run a Test Case</mstns:CrossDescription></mstns:CrossReferenceItem><mstns:CrossReferenceItem CrossType="PatternPractices"><mstns:CrossName>Testing .NET Application Performance</mstns:CrossName><mstns:CrossLink>http://go.microsoft.com/fwlink/?linkid=40654</mstns:CrossLink><mstns:CrossDescription>
                    </mstns:CrossDescription></mstns:CrossReferenceItem></mstns:CrossReference><mstns:When>
            </mstns:When><mstns:Dependencies><mstns:DependencyItem><mstns:DependencyName>
                    </mstns:DependencyName><mstns:DependencyDescription>A test task is assigned to perform a stress test.</mstns:DependencyDescription></mstns:DependencyItem></mstns:Dependencies><mstns:Criteria><mstns:CriteriaItem CriteriaType="Exit"><mstns:CriteriaName>The stress tests written have been reviewed and checked in.</mstns:CriteriaName><mstns:CriteriaDescription>The stress tests written have been reviewed and checked in.</mstns:CriteriaDescription></mstns:CriteriaItem><mstns:CriteriaItem CriteriaType="Exit"><mstns:CriteriaName>The stress tests verify that the quality of service requirements are met.</mstns:CriteriaName><mstns:CriteriaDescription>The stress tests verify that the quality of service requirements are met.</mstns:CriteriaDescription></mstns:CriteriaItem></mstns:Criteria></mstns:ContentItem><mstns:ContentItem ContentType="Activity"><mstns:ContentOrder>
            </mstns:ContentOrder><mstns:ContentName>Write Load Tests</mstns:ContentName><mstns:ContentDescription>A load test is a type of performance test. Load tests help make sure the application meets its quality of service requirements under load conditions. Load tests measure application performance for typical user scenarios. Load tests can be used to predict application performance as maximum load conditions are reached. When executing load tests, it is common to focus on the high traffic areas, the 20% of the application that is used 80% of the time.</mstns:ContentDescription><mstns:ContentLink>
            </mstns:ContentLink><mstns:Parts><mstns:Part PartType="Step"><mstns:PartName>Understand the Objective of the Test</mstns:PartName><mstns:Sequence>1</mstns:Sequence><mstns:isRequired>true</mstns:isRequired><mstns:PartDescription>The objective of the load test must be understood and the outcome of the test expressed in concrete terms such as an acceptable range of values.</mstns:PartDescription></mstns:Part><mstns:Part PartType="Step"><mstns:PartName>Design the Automated Test</mstns:PartName><mstns:Sequence>2</mstns:Sequence><mstns:isRequired>true</mstns:isRequired><mstns:PartDescription>
                        <span xmlns="http://www.w3.org/1999/xhtml">Map out the test environment, test conditions including prerequisites, the number of virtual users, scenario being timed, and resources to be monitored. Understand the distribution of activities and simultaneous scenarios.</span>
                    </mstns:PartDescription><mstns:PartDescription>Create load test scenarios.</mstns:PartDescription><mstns:PartDescription>Within a load test scenario, create the test mix, load profile, and simulated environment.</mstns:PartDescription><mstns:PartDescription>The test mix is comprised of the tasks that are performed, the time between tasks, and the frequency of the tasks.</mstns:PartDescription><mstns:PartDescription>Insert the think time or the delay between responses.</mstns:PartDescription><mstns:PartDescription>In the load profile, determine how many users are tested in a constant or stepped load.</mstns:PartDescription><mstns:PartDescription>
                        <span xmlns="http://www.w3.org/1999/xhtml">Determine the simulated environment such as the network emulation speed and types of browsers used.</span>
                    </mstns:PartDescription><mstns:PartDescription>
                        <span xmlns="http://www.w3.org/1999/xhtml">Add any unit tests to simulate additional load. This is the unit test under load.</span>
                    </mstns:PartDescription></mstns:Part><mstns:Part PartType="Step"><mstns:PartName>Write the Test</mstns:PartName><mstns:Sequence>3</mstns:Sequence><mstns:isRequired>true</mstns:isRequired><mstns:PartDescription>
                        <span xmlns="http://www.w3.org/1999/xhtml">Record the steps that users perform. Include validations to check that results returned are accurate under stress. Use data binding to make the tests dynamic using a .NET data source such as SQL Server, Microsoft Excel, or Microsoft Access.</span>
                    </mstns:PartDescription><mstns:PartDescription>
                        <span xmlns="http://www.w3.org/1999/xhtml">Place the test in the test folder of the load quality of service requirement. Create a test folder if it does not exist, naming it the same name as the quality of service requirement.</span>
                    </mstns:PartDescription><mstns:PartDescription>
                        <font xmlns="http://www.w3.org/1999/xhtml">
                            <div>Check in the test.</div>
                        </font>
                    </mstns:PartDescription></mstns:Part></mstns:Parts><mstns:RACI><mstns:RACIItem RACIType="Responsible"><mstns:RoleName>Tester</mstns:RoleName><mstns:RACIDescription>Tester</mstns:RACIDescription></mstns:RACIItem></mstns:RACI><mstns:CrossReference><mstns:CrossReferenceItem CrossType="Cycles"><mstns:CrossName>Iteration</mstns:CrossName><mstns:CrossLink>
                    </mstns:CrossLink><mstns:CrossDescription>
                    </mstns:CrossDescription></mstns:CrossReferenceItem><mstns:CrossReferenceItem CrossType="Tracks"><mstns:CrossName>Build</mstns:CrossName><mstns:CrossLink>
                    </mstns:CrossLink><mstns:CrossDescription>
                    </mstns:CrossDescription></mstns:CrossReferenceItem><mstns:CrossReferenceItem CrossType="WorkItem"><mstns:CrossName>Quality of Service Requirement</mstns:CrossName><mstns:CrossLink>
                    </mstns:CrossLink><mstns:CrossDescription>Active</mstns:CrossDescription></mstns:CrossReferenceItem><mstns:CrossReferenceItem CrossType="WorkProduct-VS"><mstns:CrossName>Load Test</mstns:CrossName><mstns:CrossLink>
                    </mstns:CrossLink><mstns:CrossDescription>
                    </mstns:CrossDescription></mstns:CrossReferenceItem><mstns:CrossReferenceItem CrossType="NextStep"><mstns:CrossName>Select and Run a Test Case</mstns:CrossName><mstns:CrossLink>
                    </mstns:CrossLink><mstns:CrossDescription>Select and Run a Test Case</mstns:CrossDescription></mstns:CrossReferenceItem><mstns:CrossReferenceItem CrossType="PatternPractices"><mstns:CrossName>Testing .NET Application Performance</mstns:CrossName><mstns:CrossLink>http://go.microsoft.com/fwlink/?linkid=40654</mstns:CrossLink><mstns:CrossDescription>
                    </mstns:CrossDescription></mstns:CrossReferenceItem><mstns:CrossReferenceItem CrossType="SeeAlso"><mstns:CrossName>Testing Tools Tasks</mstns:CrossName><mstns:CrossLink>http://go.microsoft.com/fwlink/?LinkId=66429</mstns:CrossLink><mstns:CrossDescription>
                    </mstns:CrossDescription></mstns:CrossReferenceItem></mstns:CrossReference><mstns:When>
            </mstns:When><mstns:Dependencies><mstns:DependencyItem><mstns:DependencyName>
                    </mstns:DependencyName><mstns:DependencyDescription>A test task is assigned to perform a load test.</mstns:DependencyDescription></mstns:DependencyItem></mstns:Dependencies><mstns:CMMI><mstns:CMMIItem><mstns:CMMILevel>
                    </mstns:CMMILevel><mstns:CMMIProcessArea>
                    </mstns:CMMIProcessArea><mstns:CMMIGoal>
                    </mstns:CMMIGoal><mstns:CMMIPractice>
                    </mstns:CMMIPractice></mstns:CMMIItem></mstns:CMMI><mstns:Criteria><mstns:CriteriaItem CriteriaType="Exit"><mstns:CriteriaName>The load tests verify that the quality of service requirements pertaining to performance under load are met.</mstns:CriteriaName><mstns:CriteriaDescription>
                        <font size="1" xmlns="http://www.w3.org/1999/xhtml">
                            <div>The load tests verify that the quality of service requirements pertaining to performance under load are met.</div>
                        </font>
                    </mstns:CriteriaDescription><mstns:WorkProductName>
                    </mstns:WorkProductName></mstns:CriteriaItem></mstns:Criteria></mstns:ContentItem><mstns:ContentItem ContentType="Activity"><mstns:ContentOrder>
            </mstns:ContentOrder><mstns:ContentName>Select and Run a Test Case</mstns:ContentName><mstns:ContentDescription>The most important part of testing is actually running the tests over a given build. Test results vary from completely successful execution to a system crash. Once a test case is run, it is important to record the results against the scenario or quality of service requirement.</mstns:ContentDescription><mstns:ContentLink>
            </mstns:ContentLink><mstns:Parts><mstns:Part PartType="Step"><mstns:PartName>Determine Tests to Run</mstns:PartName><mstns:Sequence>1</mstns:Sequence><mstns:isRequired>true</mstns:isRequired><mstns:PartDescription>
                        <div xmlns="http://www.w3.org/1999/xhtml">
                            <span>Based on the test task, identify and prioritize the tests to run according to the overall test plan in the test approach document.</span>
                        </div>
                    </mstns:PartDescription><mstns:PartDescription>Check the build notes for the latest build to be sure that the functionality to be tested is available.</mstns:PartDescription></mstns:Part><mstns:Part PartType="Step"><mstns:PartName>Identify Test Configuration</mstns:PartName><mstns:Sequence>2</mstns:Sequence><mstns:isRequired>true</mstns:isRequired><mstns:PartDescription>Retrieve, install, and set up the test configuration called for in the test. This includes hardware, software, and test data.</mstns:PartDescription></mstns:Part><mstns:Part PartType="Step"><mstns:PartName>Get the Build</mstns:PartName><mstns:Sequence>3</mstns:Sequence><mstns:isRequired>true</mstns:isRequired><mstns:PartDescription>Obtain the build from a version control server or authorized source.</mstns:PartDescription></mstns:Part><mstns:Part PartType="Step"><mstns:PartName>Run the Test</mstns:PartName><mstns:Sequence>4</mstns:Sequence><mstns:isRequired>true</mstns:isRequired><mstns:PartDescription>Choose the test folder for the scenario or quality of service requirement.</mstns:PartDescription><mstns:PartDescription>Select the tests to be run.</mstns:PartDescription><mstns:PartDescription>
                        <span xmlns="http://www.w3.org/1999/xhtml">Perform each step in the test if it is a manual test. Run the test if it is an automated test or there is a test script.</span>
                    </mstns:PartDescription><mstns:PartDescription>Use the test data in the test approach document for the current iteration.</mstns:PartDescription></mstns:Part><mstns:Part PartType="Step"><mstns:PartName>Analyze Test Results</mstns:PartName><mstns:Sequence>5</mstns:Sequence><mstns:isRequired>true</mstns:isRequired><mstns:PartDescription>Attach the scenario or quality of service requirement to the test results.</mstns:PartDescription><mstns:PartDescription>
                        <span xmlns="http://www.w3.org/1999/xhtml">Check the test results against expected results. Open a bug if the results do not meet expectations.</span>
                    </mstns:PartDescription><mstns:PartDescription>
                        <span xmlns="http://www.w3.org/1999/xhtml">Update tests to reflect proper behavior of the system.</span>
                    </mstns:PartDescription><mstns:PartDescription>
                        <span xmlns="http://www.w3.org/1999/xhtml">If all of the tests for a scenario or quality of service requirement run unblocked, close the work item.</span>
                    </mstns:PartDescription></mstns:Part><mstns:Part PartType="Step"><mstns:PartName>Close the Work Item</mstns:PartName><mstns:Sequence>6</mstns:Sequence><mstns:isRequired>true</mstns:isRequired><mstns:PartDescription>
                        <span xmlns="http://www.w3.org/1999/xhtml">If all the tests for a test task run unblocked, close the work item.</span>
                    </mstns:PartDescription><mstns:PartDescription>
                        <span xmlns="http://www.w3.org/1999/xhtml">Notify the scenario</span>
                        <span xmlns="http://www.w3.org/1999/xhtml">or quality of service requirement owner there are no blocking issues.</span>
                    </mstns:PartDescription><mstns:PartDescription>
                        <span xmlns="http://www.w3.org/1999/xhtml">If all of the test tasks for a scenario or quality of service requirement are closed, close the work item.</span>
                    </mstns:PartDescription></mstns:Part></mstns:Parts><mstns:RACI><mstns:RACIItem RACIType="Responsible"><mstns:RoleName>Tester</mstns:RoleName><mstns:RACIDescription>Tester</mstns:RACIDescription></mstns:RACIItem></mstns:RACI><mstns:CrossReference><mstns:CrossReferenceItem CrossType="WorkProduct-VS"><mstns:CrossName>Test Result</mstns:CrossName><mstns:CrossLink>
                    </mstns:CrossLink><mstns:CrossDescription>
                    </mstns:CrossDescription></mstns:CrossReferenceItem><mstns:CrossReferenceItem CrossType="Cycles"><mstns:CrossName>Accepted Build</mstns:CrossName><mstns:CrossLink>
                    </mstns:CrossLink><mstns:CrossDescription>
                    </mstns:CrossDescription></mstns:CrossReferenceItem><mstns:CrossReferenceItem CrossType="Tracks"><mstns:CrossName>Build</mstns:CrossName><mstns:CrossLink>
                    </mstns:CrossLink><mstns:CrossDescription>
                    </mstns:CrossDescription></mstns:CrossReferenceItem><mstns:CrossReferenceItem CrossType="SeeAlso">
									<mstns:CrossName>Testing Tool Tasks</mstns:CrossName>
									<mstns:CrossLink>http://go.microsoft.com/fwlink/?LinkId=66429</mstns:CrossLink>
									<mstns:CrossDescription></mstns:CrossDescription>
								</mstns:CrossReferenceItem><mstns:CrossReferenceItem CrossType="NextStep"><mstns:CrossName>Open a Bug</mstns:CrossName><mstns:CrossLink>
                    </mstns:CrossLink><mstns:CrossDescription>Open a Bug</mstns:CrossDescription></mstns:CrossReferenceItem><mstns:CrossReferenceItem CrossType="WorkItem"><mstns:CrossName>Scenario</mstns:CrossName><mstns:CrossLink>
                    </mstns:CrossLink><mstns:CrossDescription>Resolved</mstns:CrossDescription></mstns:CrossReferenceItem><mstns:CrossReferenceItem CrossType="WorkItem"><mstns:CrossName>Quality of Service Requirement</mstns:CrossName><mstns:CrossLink>
                    </mstns:CrossLink><mstns:CrossDescription>Resolved</mstns:CrossDescription></mstns:CrossReferenceItem><mstns:CrossReferenceItem CrossType="WorkItem"><mstns:CrossName>Task</mstns:CrossName><mstns:CrossLink>
                    </mstns:CrossLink><mstns:CrossDescription>Active</mstns:CrossDescription></mstns:CrossReferenceItem></mstns:CrossReference><mstns:When>
            </mstns:When><mstns:Dependencies><mstns:DependencyItem><mstns:DependencyName>
                    </mstns:DependencyName><mstns:DependencyDescription>Test cases for the test task are written. </mstns:DependencyDescription></mstns:DependencyItem><mstns:DependencyItem>
										<mstns:DependencyName></mstns:DependencyName>
										<mstns:DependencyDescription>A build is available with the functionality to be tested. </mstns:DependencyDescription>
									</mstns:DependencyItem></mstns:Dependencies><mstns:CMMI></mstns:CMMI><mstns:Criteria><mstns:CriteriaItem CriteriaType="Exit"><mstns:CriteriaName>The test task is closed because all of the tests have run unblocked. Bugs have been created to account for unexpected behavior.</mstns:CriteriaName><mstns:CriteriaDescription>
                        <div xmlns="http://www.w3.org/1999/xhtml">The test task is closed because all of the tests have run unblocked. Bugs have been created to account for unexpected behavior.</div>
                    </mstns:CriteriaDescription></mstns:CriteriaItem></mstns:Criteria></mstns:ContentItem><mstns:ContentItem ContentType="Activity"><mstns:ContentOrder>
            </mstns:ContentOrder><mstns:ContentName>Open a Bug</mstns:ContentName><mstns:ContentDescription>Always determine if the problem is already identified before opening a new bug. To open a bug, log details in the bug tracking system form. Include steps to reproduce the bug so it can be examined and a priority assigned during triage. Include as much detail as possible to help the team determine how to best handle the bug. Assign an owner to every bug opened.</mstns:ContentDescription><mstns:ContentLink>
            </mstns:ContentLink><mstns:Parts><mstns:Part PartType="Step"><mstns:PartName>Determine if the Bug is a Duplicate</mstns:PartName><mstns:Sequence>1</mstns:Sequence><mstns:isRequired>true</mstns:isRequired><mstns:PartDescription>Before opening a new bug in the bug tracking system, examine the database to see if a similar problem has already been identified.</mstns:PartDescription><mstns:PartDescription>If the problem is already reported and the bug is open, update the bug tracking form as appropriate.</mstns:PartDescription><mstns:PartDescription>If the problem is already reported and the bug is closed, change the state of the bug work item from Closed to Reopen.</mstns:PartDescription><mstns:PartDescription>Add new information and document the new steps to reproduce the bug.</mstns:PartDescription><mstns:PartDescription>Document the build number where the incorrect behavior was identified.</mstns:PartDescription></mstns:Part><mstns:Part PartType="Step"><mstns:PartName>Log a New Bug</mstns:PartName><mstns:Sequence>1</mstns:Sequence><mstns:isRequired>true</mstns:isRequired><mstns:PartDescription>If the bug is unreported and can be reproduced, enter the steps to reproduce the bug and details about the results of what happens when the steps are followed in the work item.</mstns:PartDescription><mstns:PartDescription>Include as many details as possible to help the team responsible for prioritizing the bug understand the problem.</mstns:PartDescription><mstns:PartDescription>Where applicable, attach the test case, test results, test configuration, scenario, or quality of service requirement to the bug report.</mstns:PartDescription></mstns:Part><mstns:Part PartType="Step"><mstns:PartName>Assign the Bug</mstns:PartName><mstns:Sequence>2</mstns:Sequence><mstns:isRequired>true</mstns:isRequired><mstns:PartDescription>Determine the main area of the problem. If more than one area could be the cause, choose one of them.</mstns:PartDescription><mstns:PartDescription>Assign the bug to the owner of the affected area of the application.</mstns:PartDescription><mstns:PartDescription>Save the bug to the bug tracking database. </mstns:PartDescription></mstns:Part></mstns:Parts><mstns:RACI><mstns:RACIItem RACIType="Responsible"><mstns:RoleName>Tester</mstns:RoleName><mstns:RACIDescription>Tester</mstns:RACIDescription></mstns:RACIItem></mstns:RACI><mstns:Verification></mstns:Verification><mstns:CrossReference><mstns:CrossReferenceItem CrossType="Cycles"><mstns:CrossName>As Needed</mstns:CrossName><mstns:CrossLink>
                    </mstns:CrossLink><mstns:CrossDescription>
                    </mstns:CrossDescription></mstns:CrossReferenceItem><mstns:CrossReferenceItem CrossType="Tracks"><mstns:CrossName>Build</mstns:CrossName><mstns:CrossLink>
                    </mstns:CrossLink><mstns:CrossDescription>
                    </mstns:CrossDescription></mstns:CrossReferenceItem><mstns:CrossReferenceItem CrossType="WorkItem"><mstns:CrossName>Bug</mstns:CrossName><mstns:CrossLink>
                    </mstns:CrossLink><mstns:CrossDescription>New</mstns:CrossDescription></mstns:CrossReferenceItem><mstns:CrossReferenceItem CrossType="WorkProduct-VS"><mstns:CrossName>Test Result</mstns:CrossName><mstns:CrossLink>
                    </mstns:CrossLink><mstns:CrossDescription>
                    </mstns:CrossDescription></mstns:CrossReferenceItem><mstns:CrossReferenceItem CrossType="SeeAlso"><mstns:CrossName>How To: Create a Bug</mstns:CrossName><mstns:CrossLink>
                    </mstns:CrossLink><mstns:CrossDescription>How To: Create a Bug</mstns:CrossDescription></mstns:CrossReferenceItem><mstns:CrossReferenceItem CrossType="NextStep"><mstns:CrossName>Fix a Bug</mstns:CrossName><mstns:CrossLink>
                    </mstns:CrossLink><mstns:CrossDescription>Fix a Bug</mstns:CrossDescription></mstns:CrossReferenceItem><mstns:CrossReferenceItem CrossType="NextStep"><mstns:CrossName>Close a Bug</mstns:CrossName><mstns:CrossLink>
                    </mstns:CrossLink><mstns:CrossDescription>Close a Bug</mstns:CrossDescription></mstns:CrossReferenceItem></mstns:CrossReference><mstns:When>
            </mstns:When><mstns:Dependencies><mstns:DependencyItem><mstns:DependencyName>
                    </mstns:DependencyName><mstns:DependencyDescription>The testing effort has uncovered system behavior that runs contrary to what is expected.</mstns:DependencyDescription></mstns:DependencyItem></mstns:Dependencies><mstns:CMMI></mstns:CMMI><mstns:Criteria><mstns:CriteriaItem CriteriaType="Exit"><mstns:CriteriaName>The bug is properly entered into the bug tracking system and contain the information necessary for triage.</mstns:CriteriaName><mstns:CriteriaDescription>
                        <span xmlns="http://www.w3.org/1999/xhtml">The bug is properly entered into the bug tracking system and contains the information necessary for triage.</span>
                    </mstns:CriteriaDescription></mstns:CriteriaItem><mstns:CriteriaItem CriteriaType="Exit"><mstns:CriteriaName>The bug is appropriately assigned.</mstns:CriteriaName><mstns:CriteriaDescription>The bug is appropriately assigned.</mstns:CriteriaDescription></mstns:CriteriaItem></mstns:Criteria></mstns:ContentItem><mstns:ContentItem ContentType="Activity"><mstns:ContentOrder>
            </mstns:ContentOrder><mstns:ContentName>Conduct Exploratory Testing</mstns:ContentName><mstns:ContentDescription>Exploratory testing is a systematic way of testing a product without a predetermined set of tests. There are many heuristics that can be employed to conduct exploratory testing. These heuristics include using personas, adjectives and adverbs, variable analysis, range searching, and testing various states. The heuristic provided in this guidance describes how a product is tested from the point of view of a persona with the purpose of generating new requirements. To perform exploratory testing in this manner, assume a persona and work through the functionality of the system attempting to reach specific goals. If new goals are discovered or functionality is not efficient to suit the needs of the personas, add new or modify existing scenarios to suit these needs. Limit the exploratory testing sessions to no more than two hours.</mstns:ContentDescription><mstns:ContentLink>
            </mstns:ContentLink><mstns:Parts><mstns:Part PartType="Step"><mstns:PartName>Establish Session Length</mstns:PartName><mstns:Sequence>1</mstns:Sequence><mstns:isRequired>true</mstns:isRequired><mstns:PartDescription>Set the period of time for the exploratory testing session. This period should be no less than a half an hour and no greater than two hours.</mstns:PartDescription><mstns:PartDescription>Set the goals for the session. Start a session log.</mstns:PartDescription></mstns:Part><mstns:Part PartType="Step"><mstns:PartName>Meet Persona Expectations</mstns:PartName><mstns:Sequence>2</mstns:Sequence><mstns:isRequired>true</mstns:isRequired><mstns:PartDescription>Select a persona from the set of published personas.</mstns:PartDescription><mstns:PartDescription>Run through the existing functionality to make sure persona expectations are met.</mstns:PartDescription></mstns:Part><mstns:Part PartType="Step"><mstns:PartName>Envision New Goals</mstns:PartName><mstns:Sequence>3</mstns:Sequence><mstns:isRequired>true</mstns:isRequired><mstns:PartDescription>Examine the challenges the persona faces. If the challenges might be too difficult to overcome, open a new bug or add new scenario or quality of service entries to the scenario list.</mstns:PartDescription><mstns:PartDescription>Make changes to existing scenarios or quality of service requirements and track the changes to appropriately reflect the new understanding.</mstns:PartDescription><mstns:PartDescription>Look for new goals or missing functionality necessary to fulfill the product vision. Add new scenarios or quality of service requirement entries to the scenario list.</mstns:PartDescription><mstns:PartDescription>Look for quality of service concerns and add new quality of service requirements to the quality of service requirement list.</mstns:PartDescription></mstns:Part></mstns:Parts><mstns:RACI><mstns:RACIItem RACIType="Responsible"><mstns:RoleName>Tester</mstns:RoleName><mstns:RACIDescription>Tester</mstns:RACIDescription></mstns:RACIItem></mstns:RACI><mstns:CrossReference><mstns:CrossReferenceItem CrossType="Cycles"><mstns:CrossName>Accepted Build</mstns:CrossName><mstns:CrossLink>
                    </mstns:CrossLink><mstns:CrossDescription>
                    </mstns:CrossDescription></mstns:CrossReferenceItem><mstns:CrossReferenceItem CrossType="Qualities of Service"><mstns:CrossName>User Experience</mstns:CrossName><mstns:CrossLink>
                    </mstns:CrossLink><mstns:CrossDescription>
                    </mstns:CrossDescription></mstns:CrossReferenceItem><mstns:CrossReferenceItem CrossType="Tracks"><mstns:CrossName>Build</mstns:CrossName><mstns:CrossLink>
                    </mstns:CrossLink><mstns:CrossDescription>
                    </mstns:CrossDescription></mstns:CrossReferenceItem><mstns:CrossReferenceItem CrossType="NextStep"><mstns:CrossName>Open a Bug</mstns:CrossName><mstns:CrossLink>
                    </mstns:CrossLink><mstns:CrossDescription>Open a Bug</mstns:CrossDescription></mstns:CrossReferenceItem><mstns:CrossReferenceItem CrossType="WorkProduct-Word"><mstns:CrossName>Persona</mstns:CrossName><mstns:CrossLink></mstns:CrossLink><mstns:CrossDescription></mstns:CrossDescription></mstns:CrossReferenceItem><mstns:CrossReferenceItem CrossType="NextStep"><mstns:CrossName>Brainstorm Scenarios</mstns:CrossName><mstns:CrossLink>
                    </mstns:CrossLink><mstns:CrossDescription>Brainstorm Scenarios</mstns:CrossDescription></mstns:CrossReferenceItem><mstns:CrossReferenceItem CrossType="NextStep"><mstns:CrossName>Brainstorm Quality of Service Requirements</mstns:CrossName><mstns:CrossLink>
                    </mstns:CrossLink><mstns:CrossDescription>Brainstorm Quality of Service Requirements</mstns:CrossDescription></mstns:CrossReferenceItem></mstns:CrossReference><mstns:When>
            </mstns:When><mstns:Dependencies><mstns:DependencyItem><mstns:DependencyName>
                    </mstns:DependencyName><mstns:DependencyDescription>The personas are published on the project portal. </mstns:DependencyDescription></mstns:DependencyItem></mstns:Dependencies><mstns:CMMI></mstns:CMMI><mstns:Criteria><mstns:CriteriaItem CriteriaType="Entry"><mstns:CriteriaName>A build is ready to be tested for new requirements or bugs.</mstns:CriteriaName><mstns:CriteriaDescription>A build is ready to be tested for new requirements or bugs.</mstns:CriteriaDescription><mstns:WorkProductName>
                    </mstns:WorkProductName></mstns:CriteriaItem><mstns:CriteriaItem CriteriaType="Exit"><mstns:CriteriaName>New scenario and/or quality of service requirements have been added to reflect the new understanding of the system.</mstns:CriteriaName><mstns:CriteriaDescription>New scenario and/or quality of service requirements have been added to reflect the new understanding of the system.</mstns:CriteriaDescription><mstns:WorkProductName>
                    </mstns:WorkProductName></mstns:CriteriaItem></mstns:Criteria></mstns:ContentItem></mstns:Content><mstns:NavStructure><mstns:Menu><mstns:MenuName>
            </mstns:MenuName><mstns:MenuItem><mstns:MenuItemName>
                </mstns:MenuItemName><mstns:MenuItemTransform>
                </mstns:MenuItemTransform><mstns:MenuItemDescription>
                </mstns:MenuItemDescription></mstns:MenuItem></mstns:Menu><mstns:ImageMenu></mstns:ImageMenu><mstns:BulletMenu><mstns:MenuName>
            </mstns:MenuName><mstns:MenuItem><mstns:MenuItemName>
                </mstns:MenuItemName><mstns:MenuItemTransform>
                </mstns:MenuItemTransform><mstns:MenuBulletImage>
                </mstns:MenuBulletImage><mstns:MenuItemDescription>
                </mstns:MenuItemDescription></mstns:MenuItem></mstns:BulletMenu></mstns:NavStructure><mstns:Glossary><mstns:GlossaryName>Glossary</mstns:GlossaryName><mstns:GlossaryItem><mstns:Term>
            </mstns:Term><mstns:Definition>
            </mstns:Definition><mstns:Reference>
            </mstns:Reference></mstns:GlossaryItem></mstns:Glossary><mstns:HelpContextMap><mstns:MapItem><mstns:Keyword>
            </mstns:Keyword><mstns:Context>
            </mstns:Context><mstns:ContentName>
            </mstns:ContentName></mstns:MapItem></mstns:HelpContextMap><mstns:Index><mstns:IndexItem><mstns:Keyword>
            </mstns:Keyword><mstns:ContentName>
            </mstns:ContentName></mstns:IndexItem></mstns:Index></mstns:ProcessGuidance>