<?xml version="1.0" encoding="utf-8"?>
<?mso-infoPathSolution PIVersion="1.0.0.0" language="en-us" name="urn:schemas-microsoft-com:office:infopath:template:http---tempuri-org-XMLSchema-xsd" solutionVersion="1.0.0.149" productVersion="11.0.6551" href="template2.xsn" ?>
<?mso-application progid="InfoPath.Document"?>
<mstns:ProcessGuidance xmlns:mstns="http://tempuri.org/XMLSchema.xsd" xmlns:xsi="http://www.w3.org/2001/XMLSchema-instance" xmlns:xhtml="http://www.w3.org/1999/xhtml" xmlns:my="http://schemas.microsoft.com/office/infopath/2003/myXSD/2004-10-13T22:49:49" xmlns:xd="http://schemas.microsoft.com/office/infopath/2003">
    <mstns:Content>
        <mstns:ContentItem ContentType="Cycles">
            <mstns:ContentOrder>1</mstns:ContentOrder>
            <mstns:ContentName>Check In</mstns:ContentName>
            <mstns:ContentDescription>The most frequent event is the check in. Some work products are stored on the project Portal while others are stored on the Software Configuration Management on the Team Foundation Server.</mstns:ContentDescription>
            <mstns:ContentLink>
            </mstns:ContentLink>
            <mstns:Parts/>
            <mstns:RACI/>
            <mstns:Verification/>
            <mstns:CrossReference>
            </mstns:CrossReference>
            <mstns:When>
            </mstns:When>
            <mstns:Dependencies>
                <mstns:DependencyItem>
                    <mstns:DependencyName>
                    </mstns:DependencyName>
                    <mstns:DependencyDescription>
                    </mstns:DependencyDescription>
                </mstns:DependencyItem>
            </mstns:Dependencies>
            <mstns:CMMI>
            </mstns:CMMI>
            <mstns:Criteria/>
        </mstns:ContentItem>
        <mstns:ContentItem ContentType="Cycles">
            <mstns:ContentOrder>2</mstns:ContentOrder>
            <mstns:ContentName>Daily Build</mstns:ContentName>
            <mstns:ContentDescription>As development tasks and bugs are checked in, the resulting change sets are integrated as part of the build process. The build can be run continuously or periodically. If the build is run periodically, it should be run at least daily. Build verification tests are run over the resulting Build to ensure that it meets basic functionality requirements.</mstns:ContentDescription>
            <mstns:ContentLink>
            </mstns:ContentLink>
            <mstns:Parts/>
            <mstns:Verification/>
            <mstns:CrossReference>
            </mstns:CrossReference>
            <mstns:When>
            </mstns:When>
            <mstns:Dependencies>
                <mstns:DependencyItem>
                    <mstns:DependencyName>
                    </mstns:DependencyName>
                    <mstns:DependencyDescription>
                    </mstns:DependencyDescription>
                </mstns:DependencyItem>
            </mstns:Dependencies>
            <mstns:CMMI>
            </mstns:CMMI>
            <mstns:Criteria/>
        </mstns:ContentItem>
        <mstns:ContentItem ContentType="Cycles">
            <mstns:ContentOrder>3</mstns:ContentOrder>
            <mstns:ContentName>Accepted Build</mstns:ContentName>
            <mstns:ContentDescription>Accepted builds are builds that pass build verification tests and iteration tests. The iteration tests are an additional, automated test pass that ensures that coarse-grained functionality from the Scenarios and quality of service requirements is working. This test pass provides more tests than the build verification tests but less functionality than a full automated regression. As automated test cases for scenarios and quality of service requirements are created in an iteration, they are added to the iteration tests. These tests are run after the build verification tests.</mstns:ContentDescription>
            <mstns:ContentLink>
            </mstns:ContentLink>
            <mstns:Parts/>
            <mstns:Verification/>
            <mstns:CrossReference>
            </mstns:CrossReference>
            <mstns:When>
            </mstns:When>
            <mstns:Dependencies>
                <mstns:DependencyItem>
                    <mstns:DependencyName>
                    </mstns:DependencyName>
                    <mstns:DependencyDescription>
                    </mstns:DependencyDescription>
                </mstns:DependencyItem>
            </mstns:Dependencies>
            <mstns:CMMI>
            </mstns:CMMI>
            <mstns:Criteria/>
        </mstns:ContentItem>
        <mstns:ContentItem ContentType="Cycles">
            <mstns:ContentOrder>4</mstns:ContentOrder>
            <mstns:ContentName>Iteration</mstns:ContentName>
            <mstns:ContentDescription>Every iteration, except the first, begins with an iteration plan. An iteration plan specifies the scenarios, quality of service requirements, and bug allotments that are scheduled for the iteration. In the first Iteration, the second iteration is planned. In the second iteration, the development and test team work on the tasks that they have chosen from this plan. Meanwhile, the third iteration is planned. In this way, There is only one checkpoint, the end of one iteration and the beginning of another. The retrospective and Iteration planning meeting mark this check point.</mstns:ContentDescription>
            <mstns:ContentLink>
            </mstns:ContentLink>
            <mstns:Parts/>
            <mstns:Verification/>
            <mstns:CrossReference>
            </mstns:CrossReference>
            <mstns:When>
            </mstns:When>
            <mstns:Dependencies>
                <mstns:DependencyItem>
                    <mstns:DependencyName>
                    </mstns:DependencyName>
                    <mstns:DependencyDescription>
                    </mstns:DependencyDescription>
                </mstns:DependencyItem>
            </mstns:Dependencies>
            <mstns:CMMI>
            </mstns:CMMI>
            <mstns:Criteria/>
        </mstns:ContentItem>
        <mstns:ContentItem ContentType="Cycles">
            <mstns:ContentOrder>5</mstns:ContentOrder>
            <mstns:ContentName>Project</mstns:ContentName>
            <mstns:ContentDescription>The project begins with the vision statement and completes with the final external release. The project is divided into many iterations, each of which culminates in an accepted build or an internal release. Upon the final iteration, this build becomes the release candidate. A round of regression is performed on this release candidate and any bugs that would violate the test thresholds must be fixed. The final release is made ready for deployment or media control.</mstns:ContentDescription>
            <mstns:ContentLink>
            </mstns:ContentLink>
            <mstns:Parts/>
            <mstns:RACI/>
            <mstns:Verification/>
            <mstns:CrossReference>
            </mstns:CrossReference>
            <mstns:When>
            </mstns:When>
            <mstns:Dependencies>
                <mstns:DependencyItem>
                    <mstns:DependencyName>
                    </mstns:DependencyName>
                    <mstns:DependencyDescription>
                    </mstns:DependencyDescription>
                </mstns:DependencyItem>
            </mstns:Dependencies>
            <mstns:CMMI>
            </mstns:CMMI>
            <mstns:Criteria/>
        </mstns:ContentItem>
        <mstns:ContentItem ContentType="Cycles">
            <mstns:ContentOrder>6</mstns:ContentOrder>
            <mstns:ContentName>As Needed</mstns:ContentName>
            <mstns:ContentDescription>Discovery is a key component of software development. We learn about the domain, the technology, the people, and most of all, ourselves. As we learn new things, we reflect these in the project. This is a continuous endeavor and cannot be planned for. Instead, we can create new scenarios and quality of service requirements to reflect newer understandings of our domain. New risks address those areas that we do not understand or that represent a potential project hazard. The addition of these elements represents change, but the agile process expect there to be change.</mstns:ContentDescription>
            <mstns:ContentLink>
            </mstns:ContentLink>
            <mstns:Parts/>
            <mstns:Verification/>
            <mstns:CrossReference>
            </mstns:CrossReference>
            <mstns:When>
            </mstns:When>
            <mstns:Dependencies>
                <mstns:DependencyItem>
                    <mstns:DependencyName>
                    </mstns:DependencyName>
                    <mstns:DependencyDescription>
                    </mstns:DependencyDescription>
                </mstns:DependencyItem>
            </mstns:Dependencies>
            <mstns:CMMI>
            </mstns:CMMI>
            <mstns:Criteria/>
        </mstns:ContentItem>
        <mstns:ContentItem ContentType="Disciplines">
            <mstns:ContentOrder>1</mstns:ContentOrder>
            <mstns:ContentName>Project Management</mstns:ContentName>
            <mstns:ContentDescription>Project management takes a strategic view of the project and looks past the day-to-day tactical operations to obtain the bigger picture. Most importantly, it looks at the project from the date-driven or functionality  driven point of view defined in the vision statement. It also tracks the progress toward the test thresholds.</mstns:ContentDescription>
            <mstns:ContentLink>
            </mstns:ContentLink>
            <mstns:Parts>
            </mstns:Parts>
            <mstns:RACI>
                <mstns:RACIItem RACIType="Responsible">
                    <mstns:RoleName>Business Analyst</mstns:RoleName>
                    <mstns:RACIDescription>Business Analyst</mstns:RACIDescription>
                </mstns:RACIItem>
            </mstns:RACI>
            <mstns:CrossReference>
            </mstns:CrossReference>
            <mstns:When>
            </mstns:When>
            <mstns:Dependencies>
                <mstns:DependencyItem>
                    <mstns:DependencyName>
                    </mstns:DependencyName>
                    <mstns:DependencyDescription>The vision statement is published to the project portal.</mstns:DependencyDescription>
                </mstns:DependencyItem>
            </mstns:Dependencies>
            <mstns:CMMI>
            </mstns:CMMI>
            <mstns:Criteria>
                <mstns:CriteriaItem CriteriaType="Exit">
                    <mstns:CriteriaName>A list of known quality of service requirements such as platform, load, stress, security, and performance is published to the project portal.</mstns:CriteriaName>
                    <mstns:CriteriaDescription>A list of known quality of service requirements such as platform, load, stress, security, and performance is published to the project portal.</mstns:CriteriaDescription>
                </mstns:CriteriaItem>
                <mstns:CriteriaItem CriteriaType="Exit">
                    <mstns:CriteriaName>Testable descriptions of all of the quality of service requirements scheduled to be developed or prototyped in the upcoming iteration are attached to the quality of service requirement work items.</mstns:CriteriaName>
                    <mstns:CriteriaDescription>Testable descriptions of all of the quality of service requirements scheduled to be developed or prototyped in the upcoming iteration are attached to the quality of service requirement work items.</mstns:CriteriaDescription>
                </mstns:CriteriaItem>
            </mstns:Criteria>
        </mstns:ContentItem>
        <mstns:ContentItem ContentType="Disciplines">
            <mstns:ContentOrder>2</mstns:ContentOrder>
            <mstns:ContentName>Risk Management</mstns:ContentName>
            <mstns:ContentDescription>Risks are inherent in any project. Risk taking is essential to progress. Dealing with risks requires that risk management be viewed as part of a dynamic, competitive process rather than as just an additional static project management activity.  People must feel encouraged and feel safe to express tentative or controversial views and capture them as risks.</mstns:ContentDescription>
            <mstns:ContentLink>
            </mstns:ContentLink>
            <mstns:Parts>
            </mstns:Parts>
            <mstns:CrossReference>
            </mstns:CrossReference>
            <mstns:When>
            </mstns:When>
            <mstns:Dependencies>
                <mstns:DependencyItem>
                    <mstns:DependencyName>
                    </mstns:DependencyName>
                    <mstns:DependencyDescription>
                    </mstns:DependencyDescription>
                </mstns:DependencyItem>
            </mstns:Dependencies>
            <mstns:CMMI>
            </mstns:CMMI>
            <mstns:Criteria>
            </mstns:Criteria>
        </mstns:ContentItem>
        <mstns:ContentItem ContentType="Other">
            <mstns:ContentOrder>
            </mstns:ContentOrder>
            <mstns:ContentName>Concepts</mstns:ContentName>
            <mstns:ContentDescription>
            </mstns:ContentDescription>
            <mstns:ContentLink>
            </mstns:ContentLink>
            <mstns:States>
            </mstns:States>
            <mstns:Parts>
            </mstns:Parts>
            <mstns:RACI>
            </mstns:RACI>
            <mstns:Verification>
            </mstns:Verification>
            <mstns:CrossReference>
                <mstns:CrossReferenceItem CrossType="SeeAlso">
                    <mstns:CrossName>How to: Get started with MSF</mstns:CrossName>
                    <mstns:CrossLink>
                    </mstns:CrossLink>
                    <mstns:CrossDescription>How to: Get started with MSF</mstns:CrossDescription>
                </mstns:CrossReferenceItem>
                <mstns:CrossReferenceItem CrossType="SeeAlso">
                    <mstns:CrossName>To obtain the latest process templates and whitepapers, visit the MSF workbench</mstns:CrossName>
                    <mstns:CrossLink>http://go.microsoft.com/fwlink/?linkid=40663</mstns:CrossLink>
                    <mstns:CrossDescription>
                    </mstns:CrossDescription>
                </mstns:CrossReferenceItem>
                <mstns:CrossReferenceItem CrossType="SeeAlso">
                    <mstns:CrossName>To see a list of tasks to get started using MSF with VSTS</mstns:CrossName>
                    <mstns:CrossLink>../../Project Management/Project Checklist.xls</mstns:CrossLink>
                    <mstns:CrossDescription>
                    </mstns:CrossDescription>
                </mstns:CrossReferenceItem>
                <mstns:CrossReferenceItem CrossType="SeeAlso">
                    <mstns:CrossName>To extend MSF, use the Extensibility Toolkit</mstns:CrossName>
                    <mstns:CrossLink>http://go.microsoft.com/fwlink/?LinkId=50164</mstns:CrossLink>
                    <mstns:CrossDescription>
                    </mstns:CrossDescription>
                </mstns:CrossReferenceItem>
                <mstns:CrossReferenceItem CrossType="PatternPractices">
                    <mstns:CrossName>Patterns and Practices Home Page</mstns:CrossName>
                    <mstns:CrossLink>http://go.microsoft.com/fwlink/?LinkId=41124</mstns:CrossLink>
                    <mstns:CrossDescription>
                    </mstns:CrossDescription>
                </mstns:CrossReferenceItem>
            </mstns:CrossReference>
            <mstns:When>
            </mstns:When>
            <mstns:Dependencies>
                <mstns:DependencyItem>
                    <mstns:DependencyName>
                    </mstns:DependencyName>
                    <mstns:DependencyDescription>
                    </mstns:DependencyDescription>
                </mstns:DependencyItem>
            </mstns:Dependencies>
            <mstns:CMMI>
            </mstns:CMMI>
            <mstns:Criteria>
            </mstns:Criteria>
        </mstns:ContentItem>
        <mstns:ContentItem ContentType="Qualities of Service">
            <mstns:ContentOrder>1</mstns:ContentOrder>
            <mstns:ContentName>Security</mstns:ContentName>
            <mstns:ContentDescription>Security is a quality of service that is important for any application that wishes to protect the assets of the system. Threat modeling is applied throughout the software development lifecycle in an incremental way.</mstns:ContentDescription>
            <mstns:ContentLink>
            </mstns:ContentLink>
            <mstns:Parts>
            </mstns:Parts>
            <mstns:CrossReference>
            </mstns:CrossReference>
            <mstns:When>
            </mstns:When>
            <mstns:Dependencies>
                <mstns:DependencyItem>
                    <mstns:DependencyName>
                    </mstns:DependencyName>
                    <mstns:DependencyDescription>
                    </mstns:DependencyDescription>
                </mstns:DependencyItem>
            </mstns:Dependencies>
            <mstns:CMMI>
            </mstns:CMMI>
            <mstns:Criteria>
            </mstns:Criteria>
        </mstns:ContentItem>
        <mstns:ContentItem ContentType="Qualities of Service">
            <mstns:ContentOrder>2</mstns:ContentOrder>
            <mstns:ContentName>Performance</mstns:ContentName>
            <mstns:ContentDescription>Designing, implementing and testing for performance require understanding the usage scenarios of the system.  Obtaining the proper performance involves setting concrete performance objectives, creating a performance model, allocating the performance budget to each development task, profiling and making changes to the code, and setting up unit tests to maintain the performance. As the profiling process discovers bottlenecks and limitations, the performance budget assigned to the tasks should be adjusted to reflect a new understanding of the system. </mstns:ContentDescription>
            <mstns:ContentLink>
            </mstns:ContentLink>
            <mstns:Parts>
            </mstns:Parts>
            <mstns:CrossReference>
            </mstns:CrossReference>
            <mstns:When>
            </mstns:When>
            <mstns:Dependencies>
                <mstns:DependencyItem>
                    <mstns:DependencyName>
                    </mstns:DependencyName>
                    <mstns:DependencyDescription>
                    </mstns:DependencyDescription>
                </mstns:DependencyItem>
            </mstns:Dependencies>
            <mstns:CMMI>
            </mstns:CMMI>
            <mstns:Criteria>
            </mstns:Criteria>
        </mstns:ContentItem>
        <mstns:ContentItem ContentType="Qualities of Service">
            <mstns:ContentOrder>3</mstns:ContentOrder>
            <mstns:ContentName>User Experience</mstns:ContentName>
            <mstns:ContentDescription>User Experience is a concern throughout the project. It informs envisioning, design, implementation and testing.  Personas drive scenarios, which are storyboarded and then worked into technical designs. Exploratory testing contains a heuristic for adopting the persona and running through the working system. At every stage of the project, customer feedback should be obtained.</mstns:ContentDescription>
            <mstns:ContentLink>
            </mstns:ContentLink>
            <mstns:Parts>
            </mstns:Parts>
            <mstns:CrossReference>
            </mstns:CrossReference>
            <mstns:When>
            </mstns:When>
            <mstns:Dependencies>
                <mstns:DependencyItem>
                    <mstns:DependencyName>
                    </mstns:DependencyName>
                    <mstns:DependencyDescription>
                    </mstns:DependencyDescription>
                </mstns:DependencyItem>
            </mstns:Dependencies>
            <mstns:CMMI>
            </mstns:CMMI>
            <mstns:Criteria>
            </mstns:Criteria>
        </mstns:ContentItem>
        <mstns:ContentItem ContentType="Tracks">
            <mstns:ContentOrder>1</mstns:ContentOrder>
            <mstns:ContentName>Envision</mstns:ContentName>
            <mstns:ContentDescription>Envisioning the system looks at the vision, personas, and scenarios that define the system. However, a “just-in-time” approach is used to write up scenarios that are brainstormed. Scenarios are only written when they appear in the iteration plan or more information is need for rough order of magnitude (ROM) estimates.</mstns:ContentDescription>
            <mstns:ContentLink>
            </mstns:ContentLink>
            <mstns:Parts/>
            <mstns:RACI/>
            <mstns:Verification/>
            <mstns:CrossReference>
            </mstns:CrossReference>
            <mstns:When>
            </mstns:When>
            <mstns:Dependencies>
                <mstns:DependencyItem>
                    <mstns:DependencyName>
                    </mstns:DependencyName>
                    <mstns:DependencyDescription>
                    </mstns:DependencyDescription>
                </mstns:DependencyItem>
            </mstns:Dependencies>
            <mstns:CMMI>
            </mstns:CMMI>
            <mstns:Criteria/>
        </mstns:ContentItem>
        <mstns:ContentItem ContentType="Tracks">
            <mstns:ContentOrder>2</mstns:ContentOrder>
            <mstns:ContentName>Plan</mstns:ContentName>
            <mstns:ContentDescription>The iteration plan is the central work product for tactical planning. An on-going activity is the planning of iterations.  Each iteration is kicked off with an iteration planning meeting where the final iteration plan is shared with the entire team. There should be no surprises at this meeting as team members have been Involved in creating and choosing their tasks. After the iteration planning meeting is completed, work begins on planning the next iteration.</mstns:ContentDescription>
            <mstns:ContentLink>
            </mstns:ContentLink>
            <mstns:Parts/>
            <mstns:Verification/>
            <mstns:CrossReference>
            </mstns:CrossReference>
            <mstns:When>
            </mstns:When>
            <mstns:Dependencies>
                <mstns:DependencyItem>
                    <mstns:DependencyName>
                    </mstns:DependencyName>
                    <mstns:DependencyDescription>
                    </mstns:DependencyDescription>
                </mstns:DependencyItem>
            </mstns:Dependencies>
            <mstns:CMMI>
            </mstns:CMMI>
            <mstns:Criteria/>
        </mstns:ContentItem>
        <mstns:ContentItem ContentType="Tracks">
            <mstns:ContentOrder>3</mstns:ContentOrder>
            <mstns:ContentName>Build</mstns:ContentName>
            <mstns:ContentDescription>The nightly build is a daily heartbeat of the project, accumulating the changesets of the previous day and producing a working build of record, with a build report that documents the work items resolved since the previous nightly build, the code changes, churn, build verification test results, code coverage, and code analysis.</mstns:ContentDescription>
            <mstns:ContentLink>
            </mstns:ContentLink>
            <mstns:Parts/>
            <mstns:RACI/>
            <mstns:Verification/>
            <mstns:CrossReference>
            </mstns:CrossReference>
            <mstns:When>
            </mstns:When>
            <mstns:Dependencies>
                <mstns:DependencyItem>
                    <mstns:DependencyName>
                    </mstns:DependencyName>
                    <mstns:DependencyDescription>
                    </mstns:DependencyDescription>
                </mstns:DependencyItem>
            </mstns:Dependencies>
            <mstns:CMMI>
            </mstns:CMMI>
            <mstns:Criteria/>
        </mstns:ContentItem>
        <mstns:ContentItem ContentType="Tracks">
            <mstns:ContentOrder>4</mstns:ContentOrder>
            <mstns:ContentName>Stabilize</mstns:ContentName>
            <mstns:ContentDescription>Of course, stabilization within the project should be an ongoing process.  However, it is often important to synchronize with parallel projects that may run on their own schedules and require a level of explicit integration.  This integration often requires focuses testing and bug fixing that cannot happen until the parallel projects are ready.</mstns:ContentDescription>
            <mstns:ContentLink>
            </mstns:ContentLink>
            <mstns:Parts/>
            <mstns:RACI/>
            <mstns:Verification/>
            <mstns:CrossReference>
            </mstns:CrossReference>
            <mstns:When>
            </mstns:When>
            <mstns:Dependencies>
                <mstns:DependencyItem>
                    <mstns:DependencyName>
                    </mstns:DependencyName>
                    <mstns:DependencyDescription>
                    </mstns:DependencyDescription>
                </mstns:DependencyItem>
            </mstns:Dependencies>
            <mstns:CMMI>
            </mstns:CMMI>
            <mstns:Criteria/>
        </mstns:ContentItem>
        <mstns:ContentItem ContentType="Tracks">
            <mstns:ContentOrder>5</mstns:ContentOrder>
            <mstns:ContentName>Deploy</mstns:ContentName>
            <mstns:ContentDescription>Releasing a product marks the end of an iteration of application development. If the project is date driven, allow time to “finish” the product. A release plan for the release is created. The release process and corresponding release plan differ depending on the type of product and whether it is for internal or external consumption. For externally released software products, marketing effort and sales collateral are often included. Internal systems require training and operations support. Each of these cases requires a different release plan.</mstns:ContentDescription>
            <mstns:ContentLink>
            </mstns:ContentLink>
            <mstns:Parts/>
            <mstns:Verification/>
            <mstns:CrossReference>
            </mstns:CrossReference>
            <mstns:When>
            </mstns:When>
            <mstns:Dependencies>
                <mstns:DependencyItem>
                    <mstns:DependencyName>
                    </mstns:DependencyName>
                    <mstns:DependencyDescription>
                    </mstns:DependencyDescription>
                </mstns:DependencyItem>
            </mstns:Dependencies>
            <mstns:CMMI>
            </mstns:CMMI>
            <mstns:Criteria/>
        </mstns:ContentItem>
        <mstns:ContentItem ContentType="Tracks">
            <mstns:ContentOrder>6</mstns:ContentOrder>
            <mstns:ContentName>Continuous</mstns:ContentName>
            <mstns:ContentDescription>Disciplines form a continuous track, because they concern all team members throughout the project.</mstns:ContentDescription>
            <mstns:ContentLink>
            </mstns:ContentLink>
            <mstns:Parts/>
            <mstns:RACI/>
            <mstns:Verification/>
            <mstns:CrossReference>
            </mstns:CrossReference>
            <mstns:When>
            </mstns:When>
            <mstns:Dependencies>
                <mstns:DependencyItem>
                    <mstns:DependencyName>
                    </mstns:DependencyName>
                    <mstns:DependencyDescription>
                    </mstns:DependencyDescription>
                </mstns:DependencyItem>
            </mstns:Dependencies>
            <mstns:CMMI>
            </mstns:CMMI>
            <mstns:Criteria/>
        </mstns:ContentItem>
    </mstns:Content>
    <mstns:NavStructure>
        <mstns:Menu>
            <mstns:MenuName>
            </mstns:MenuName>
            <mstns:MenuItem>
                <mstns:MenuItemName>
                </mstns:MenuItemName>
                <mstns:MenuItemTransform>
                </mstns:MenuItemTransform>
                <mstns:MenuBulletImage>
                </mstns:MenuBulletImage>
                <mstns:MenuItemDescription>
                </mstns:MenuItemDescription>
            </mstns:MenuItem>
        </mstns:Menu>
        <mstns:ImageMenu>
        </mstns:ImageMenu>
        <mstns:BulletMenu>
            <mstns:MenuName>
            </mstns:MenuName>
            <mstns:MenuItem>
                <mstns:MenuItemName>
                </mstns:MenuItemName>
                <mstns:MenuItemTransform>
                </mstns:MenuItemTransform>
                <mstns:MenuBulletImage>
                </mstns:MenuBulletImage>
                <mstns:MenuItemDescription>
                </mstns:MenuItemDescription>
            </mstns:MenuItem>
        </mstns:BulletMenu>
    </mstns:NavStructure>
    <mstns:Glossary>
        <mstns:GlossaryName>Glossary</mstns:GlossaryName>
        <mstns:GlossaryItem>
            <mstns:Term>
            </mstns:Term>
            <mstns:Definition>
            </mstns:Definition>
            <mstns:Reference>
            </mstns:Reference>
        </mstns:GlossaryItem>
    </mstns:Glossary>
    <mstns:HelpContextMap>
        <mstns:MapItem>
            <mstns:Keyword>
            </mstns:Keyword>
            <mstns:Context>
            </mstns:Context>
            <mstns:ContentName>
            </mstns:ContentName>
        </mstns:MapItem>
    </mstns:HelpContextMap>
    <mstns:Index>
        <mstns:IndexItem>
            <mstns:Keyword>
            </mstns:Keyword>
            <mstns:ContentName>
            </mstns:ContentName>
        </mstns:IndexItem>
    </mstns:Index>
</mstns:ProcessGuidance>