<?xml version="1.0" encoding="UTF-8"?><?mso-infoPathSolution PIVersion="1.0.0.0" language="en-us" name="urn:schemas-microsoft-com:office:infopath:template2:http---tempuri-org-XMLSchema-xsd" solutionVersion="1.0.0.162" productVersion="11.0.8034" ?><?mso-application progid="InfoPath.Document"?><mstns:ProcessGuidance xmlns:mstns="http://tempuri.org/XMLSchema.xsd" xmlns:xsi="http://www.w3.org/2001/XMLSchema-instance" xmlns:xhtml="http://www.w3.org/1999/xhtml" xmlns:my="http://schemas.microsoft.com/office/infopath/2003/myXSD/2004-10-13T22:49:49" xmlns:xd="http://schemas.microsoft.com/office/infopath/2003"><mstns:Content><mstns:ContentItem ContentType="WorkProduct"><mstns:ContentOrder>11</mstns:ContentOrder><mstns:ContentName>Application Diagram</mstns:ContentName><mstns:ContentDescription>An application diagram is solution scoped and shows deployable elements such as Web services, Web applications, Windows applications and referenced applications such as external databases, external Web services, and external BizTalk services. The diagram shows connections between these applications reflecting their current configuration in the solution.</mstns:ContentDescription><mstns:Parts><mstns:Part PartType="ImageMenuReference"><mstns:PartName>WorkProductImageMenu</mstns:PartName><mstns:Sequence>1</mstns:Sequence><mstns:isRequired>false</mstns:isRequired><mstns:PartDescription>ExampleApplicationDiagram</mstns:PartDescription></mstns:Part></mstns:Parts><mstns:RACI><mstns:RACIItem RACIType="Responsible"><mstns:RoleName>Architect</mstns:RoleName><mstns:RACIDescription>Architect</mstns:RACIDescription></mstns:RACIItem></mstns:RACI><mstns:When>
            </mstns:When><mstns:Dependencies><mstns:DependencyItem><mstns:DependencyName>
                    </mstns:DependencyName><mstns:DependencyDescription>
                    </mstns:DependencyDescription></mstns:DependencyItem></mstns:Dependencies><mstns:CMMI></mstns:CMMI></mstns:ContentItem><mstns:ContentItem ContentType="WorkProduct"><mstns:ContentOrder>16</mstns:ContentOrder><mstns:ContentName>Changeset</mstns:ContentName><mstns:ContentDescription>A changeset is a logical grouping of changes. There are pending changesets, shelvesets, and committed changesets. A pending changeset is a group of changes that have been made in one enlistment but have not yet been submitted to the database for publishing and permanent record. A check shelveset is a set of changes that have yet to be committed, but the entire contents of the pending changes including the changes to the modified files themselves are now located on the server. A committed changeset is a set of changes that have been permanently recorded in the history of the database and are available for others to see.</mstns:ContentDescription><mstns:ContentLink>
            </mstns:ContentLink><mstns:States></mstns:States><mstns:Parts></mstns:Parts><mstns:RACI><mstns:RACIItem RACIType="Responsible"><mstns:RoleName>Developer</mstns:RoleName><mstns:RACIDescription>
                    </mstns:RACIDescription></mstns:RACIItem></mstns:RACI><mstns:Verification></mstns:Verification><mstns:CrossReference></mstns:CrossReference><mstns:When>
            </mstns:When><mstns:Dependencies><mstns:DependencyItem><mstns:DependencyName>
                    </mstns:DependencyName><mstns:DependencyDescription>
                    </mstns:DependencyDescription></mstns:DependencyItem></mstns:Dependencies><mstns:CMMI></mstns:CMMI><mstns:Criteria></mstns:Criteria></mstns:ContentItem><mstns:ContentItem ContentType="WorkProduct"><mstns:ContentOrder>13</mstns:ContentOrder><mstns:ContentName>Class Diagram</mstns:ContentName><mstns:ContentDescription>A class diagram is a diagram that depicts a logical or physical grouping of classes and their relationships.</mstns:ContentDescription><mstns:Parts><mstns:Part PartType="ImageMenuReference"><mstns:PartName>WorkProductImageMenu</mstns:PartName><mstns:Sequence>1</mstns:Sequence><mstns:isRequired>false</mstns:isRequired><mstns:PartDescription>ExampleClassDiagram</mstns:PartDescription></mstns:Part></mstns:Parts><mstns:RACI><mstns:RACIItem RACIType="Responsible"><mstns:RoleName>Developer</mstns:RoleName><mstns:RACIDescription>Developer</mstns:RACIDescription></mstns:RACIItem></mstns:RACI><mstns:When>
            </mstns:When><mstns:Dependencies><mstns:DependencyItem><mstns:DependencyName>
                    </mstns:DependencyName><mstns:DependencyDescription>
                    </mstns:DependencyDescription></mstns:DependencyItem></mstns:Dependencies><mstns:CMMI></mstns:CMMI></mstns:ContentItem><mstns:ContentItem ContentType="WorkProduct"><mstns:ContentOrder>24</mstns:ContentOrder><mstns:ContentName>Code</mstns:ContentName><mstns:ContentDescription>All forms of source code are considered here, including programming, scripting, markup and query languages.</mstns:ContentDescription><mstns:ContentLink>
            </mstns:ContentLink><mstns:States></mstns:States><mstns:Parts></mstns:Parts><mstns:RACI><mstns:RACIItem RACIType="Responsible"><mstns:RoleName>Developer</mstns:RoleName><mstns:RACIDescription>
                    </mstns:RACIDescription></mstns:RACIItem></mstns:RACI><mstns:CrossReference></mstns:CrossReference><mstns:When>
            </mstns:When><mstns:Dependencies><mstns:DependencyItem><mstns:DependencyName>
                    </mstns:DependencyName><mstns:DependencyDescription>
                    </mstns:DependencyDescription></mstns:DependencyItem></mstns:Dependencies><mstns:CMMI></mstns:CMMI><mstns:Criteria></mstns:Criteria></mstns:ContentItem><mstns:ContentItem ContentType="WorkProduct"><mstns:ContentOrder>8</mstns:ContentOrder><mstns:ContentName>Iteration Plan</mstns:ContentName><mstns:ContentDescription>An iteration plan is the set of scenarios, quality of service requirements, and tasks for an iteration. The iteration plan is finalized at the iteration planning meeting just prior to the start of an iteration. It is available in Microsoft Excel and Microsoft Project formats.</mstns:ContentDescription><mstns:Parts><mstns:Part PartType="ImageMenuReference"><mstns:PartName>WorkProductImageMenu</mstns:PartName><mstns:Sequence xsi:nil="true">
                    </mstns:Sequence><mstns:isRequired>false</mstns:isRequired><mstns:PartDescription>ExampleIterationPlan</mstns:PartDescription></mstns:Part></mstns:Parts><mstns:RACI><mstns:RACIItem RACIType="Responsible"><mstns:RoleName>Project Manager</mstns:RoleName><mstns:RACIDescription>Project Manager</mstns:RACIDescription></mstns:RACIItem></mstns:RACI><mstns:CrossReference><mstns:CrossReferenceItem CrossType="SeeAlso"><mstns:CrossName>Development Iteration Plan Template</mstns:CrossName><mstns:CrossLink>../../Project Management/Development Project Plan.mpp</mstns:CrossLink><mstns:CrossDescription>
                    </mstns:CrossDescription></mstns:CrossReferenceItem><mstns:CrossReferenceItem CrossType="SeeAlso"><mstns:CrossName>Test Iteration Plan Template</mstns:CrossName><mstns:CrossLink>../../Project Management/Test Development Plan.mpp</mstns:CrossLink><mstns:CrossDescription>
                    </mstns:CrossDescription></mstns:CrossReferenceItem></mstns:CrossReference><mstns:When>
            </mstns:When><mstns:Dependencies><mstns:DependencyItem><mstns:DependencyName>
                    </mstns:DependencyName><mstns:DependencyDescription>
                    </mstns:DependencyDescription></mstns:DependencyItem></mstns:Dependencies><mstns:CMMI></mstns:CMMI></mstns:ContentItem><mstns:ContentItem ContentType="WorkProduct"><mstns:ContentOrder>21</mstns:ContentOrder><mstns:ContentName>Load Test</mstns:ContentName><mstns:ContentDescription>A load test scenario contains the test mix, load profile, and various tool settings for load and stress tests.</mstns:ContentDescription><mstns:RACI><mstns:RACIItem RACIType="Responsible"><mstns:RoleName>Tester</mstns:RoleName><mstns:RACIDescription>Tester</mstns:RACIDescription></mstns:RACIItem></mstns:RACI><mstns:When>
            </mstns:When><mstns:Dependencies><mstns:DependencyItem><mstns:DependencyName>
                    </mstns:DependencyName><mstns:DependencyDescription>
                    </mstns:DependencyDescription></mstns:DependencyItem></mstns:Dependencies><mstns:CMMI><mstns:CMMIItem><mstns:CMMILevel>
                    </mstns:CMMILevel><mstns:CMMIProcessArea>
                    </mstns:CMMIProcessArea><mstns:CMMIGoal>
                    </mstns:CMMIGoal><mstns:CMMIPractice>
                    </mstns:CMMIPractice></mstns:CMMIItem></mstns:CMMI></mstns:ContentItem><mstns:ContentItem ContentType="WorkProduct"><mstns:ContentOrder>9</mstns:ContentOrder><mstns:ContentName>Logical Datacenter Diagram</mstns:ContentName><mstns:ContentDescription>A logical datacenter diagram defines or documents specific configurations of application server software, such as Internet Information Server, SQL Server or BizTalk Server, that have a specific purpose such as a secure front-end Web server. The diagram shows how these configured logical (application) servers are interconnected.  Logical servers can be grouped within zones which define logical communication boundaries.  Zones can be configured to constrain the kinds of logical servers they can contain and the direction and kinds of communication that can flow into and out of the zone. </mstns:ContentDescription><mstns:Parts><mstns:Part PartType="ImageMenuReference"><mstns:PartName>WorkProductImageMenu</mstns:PartName><mstns:Sequence>1</mstns:Sequence><mstns:isRequired>false</mstns:isRequired><mstns:PartDescription>ExampleLogicalDataCenter</mstns:PartDescription></mstns:Part></mstns:Parts><mstns:RACI><mstns:RACIItem RACIType="Responsible"><mstns:RoleName>Architect</mstns:RoleName><mstns:RACIDescription>Architect</mstns:RACIDescription></mstns:RACIItem></mstns:RACI><mstns:When>
            </mstns:When><mstns:Dependencies><mstns:DependencyItem><mstns:DependencyName>
                    </mstns:DependencyName><mstns:DependencyDescription>
                    </mstns:DependencyDescription></mstns:DependencyItem></mstns:Dependencies><mstns:CMMI></mstns:CMMI></mstns:ContentItem><mstns:ContentItem ContentType="WorkProduct"><mstns:ContentOrder>19</mstns:ContentOrder><mstns:ContentName>Manual Test</mstns:ContentName><mstns:ContentDescription>A manual test is a text or Word document listing the steps that a person follows to complete a test pass.</mstns:ContentDescription><mstns:Parts><mstns:Part PartType="ImageMenuReference"><mstns:PartName>WorkProductImageMenu</mstns:PartName><mstns:Sequence>1</mstns:Sequence><mstns:isRequired>false</mstns:isRequired><mstns:PartDescription>ExampleManualTest</mstns:PartDescription></mstns:Part></mstns:Parts><mstns:RACI><mstns:RACIItem RACIType="Responsible"><mstns:RoleName>Tester</mstns:RoleName><mstns:RACIDescription>Tester</mstns:RACIDescription></mstns:RACIItem></mstns:RACI><mstns:When>
            </mstns:When><mstns:Dependencies><mstns:DependencyItem><mstns:DependencyName>
                    </mstns:DependencyName><mstns:DependencyDescription>
                    </mstns:DependencyDescription></mstns:DependencyItem></mstns:Dependencies><mstns:CMMI></mstns:CMMI></mstns:ContentItem><mstns:ContentItem ContentType="WorkProduct"><mstns:ContentOrder>3</mstns:ContentOrder><mstns:ContentName>Persona</mstns:ContentName><mstns:ContentDescription>A persona describes the typical skills, abilities, needs, desires, working habits, tasks, and backgrounds of a particular set of users. A persona is fictional reality, collecting together real data describing the important characteristics of a particular user group in a fictional character. By doing so, it becomes easier to talk and reason about the whole user group, since we can relate to, and understand individuals more easily than we can a group. Each time we refer to a persona, we feel like we are addressing an individual, but we are in effect addressing the group that the persona represents.</mstns:ContentDescription><mstns:Parts><mstns:Part PartType="ImageMenuReference"><mstns:PartName>WorkProductImageMenu</mstns:PartName><mstns:Sequence>1</mstns:Sequence><mstns:isRequired>false</mstns:isRequired><mstns:PartDescription>ExamplePersona</mstns:PartDescription></mstns:Part></mstns:Parts><mstns:RACI><mstns:RACIItem RACIType="Responsible"><mstns:RoleName>Business Analyst</mstns:RoleName><mstns:RACIDescription>Business Analyst</mstns:RACIDescription></mstns:RACIItem></mstns:RACI><mstns:CrossReference><mstns:CrossReferenceItem CrossType="SeeAlso"><mstns:CrossName>Persona Template</mstns:CrossName><mstns:CrossLink>../../Requirements/Persona.doc</mstns:CrossLink><mstns:CrossDescription>
                    </mstns:CrossDescription></mstns:CrossReferenceItem></mstns:CrossReference><mstns:When>
            </mstns:When><mstns:Dependencies><mstns:DependencyItem><mstns:DependencyName>
                    </mstns:DependencyName><mstns:DependencyDescription>
                    </mstns:DependencyDescription></mstns:DependencyItem></mstns:Dependencies><mstns:CMMI></mstns:CMMI></mstns:ContentItem><mstns:ContentItem ContentType="WorkProduct"><mstns:ContentOrder>1</mstns:ContentOrder><mstns:ContentName>Project Checklist</mstns:ContentName><mstns:ContentDescription>The project checklist is the list of tasks that need to be accomplished before a project or iteration starts.</mstns:ContentDescription><mstns:ContentLink>
            </mstns:ContentLink><mstns:States><mstns:StateItem><mstns:StateName>
                    </mstns:StateName><mstns:StateDescription>
                    </mstns:StateDescription><mstns:Sequence>1</mstns:Sequence><mstns:Transitions></mstns:Transitions></mstns:StateItem></mstns:States><mstns:RACI><mstns:RACIItem RACIType="Responsible"><mstns:RoleName>Architect</mstns:RoleName><mstns:RACIDescription>Architect</mstns:RACIDescription></mstns:RACIItem></mstns:RACI><mstns:Verification></mstns:Verification><mstns:When>
            </mstns:When><mstns:Dependencies><mstns:DependencyItem><mstns:DependencyName>
                    </mstns:DependencyName><mstns:DependencyDescription>
                    </mstns:DependencyDescription></mstns:DependencyItem></mstns:Dependencies><mstns:CMMI></mstns:CMMI><mstns:Criteria></mstns:Criteria></mstns:ContentItem><mstns:ContentItem ContentType="WorkProduct"><mstns:ContentOrder>7</mstns:ContentOrder><mstns:ContentName>Quality of Service Requirement List</mstns:ContentName><mstns:ContentDescription>The quality of service requirement defines the backlog of quality of service requirements. When reviewed and stack ranked, the quality of service requirements list and the scenario list become the minimum acceptance level for the project.</mstns:ContentDescription><mstns:Parts><mstns:Part PartType="ImageMenuReference"><mstns:PartName>WorkProductImageMenu</mstns:PartName><mstns:PartDescription>WPImageMenuSample</mstns:PartDescription></mstns:Part></mstns:Parts><mstns:RACI><mstns:RACIItem RACIType="Responsible"><mstns:RoleName>Business Analyst</mstns:RoleName><mstns:RACIDescription>Business Analyst</mstns:RACIDescription></mstns:RACIItem></mstns:RACI><mstns:CrossReference><mstns:CrossReferenceItem CrossType="SeeAlso"><mstns:CrossName>Scenario List</mstns:CrossName><mstns:CrossLink>
                    </mstns:CrossLink><mstns:CrossDescription>
                    </mstns:CrossDescription></mstns:CrossReferenceItem><mstns:CrossReferenceItem CrossType="WorkProduct-Excel"><mstns:CrossName>Quality of Service Requirement List</mstns:CrossName><mstns:CrossLink>../../Requirements/QoS Requirements.xls</mstns:CrossLink><mstns:CrossDescription>
                    </mstns:CrossDescription></mstns:CrossReferenceItem></mstns:CrossReference><mstns:When>
            </mstns:When><mstns:Dependencies><mstns:DependencyItem><mstns:DependencyName>
                    </mstns:DependencyName><mstns:DependencyDescription>
                    </mstns:DependencyDescription></mstns:DependencyItem></mstns:Dependencies><mstns:CMMI></mstns:CMMI></mstns:ContentItem><mstns:ContentItem ContentType="WorkProduct"><mstns:ContentOrder>22</mstns:ContentOrder><mstns:ContentName>Release Plan</mstns:ContentName><mstns:ContentDescription><span xmlns="http://www.w3.org/1999/xhtml">A release plan encompasses all activities surrounding the external release of an application. It provides detail and sets expectations for all parties involved in the release.</span> A release plan can be created in Microsoft Office Project.</mstns:ContentDescription><mstns:ContentLink>
            </mstns:ContentLink><mstns:Parts></mstns:Parts><mstns:RACI><mstns:RACIItem RACIType="Responsible"><mstns:RoleName>Business Analyst</mstns:RoleName><mstns:RACIDescription>Business Analyst</mstns:RACIDescription></mstns:RACIItem></mstns:RACI><mstns:Verification></mstns:Verification><mstns:CrossReference></mstns:CrossReference><mstns:Dependencies><mstns:DependencyItem/></mstns:Dependencies><mstns:CMMI></mstns:CMMI><mstns:Criteria></mstns:Criteria></mstns:ContentItem><mstns:ContentItem ContentType="WorkProduct"><mstns:ContentOrder>5</mstns:ContentOrder><mstns:ContentName>Scenario Description</mstns:ContentName><mstns:ContentDescription>A scenario is a single path of user interaction through the system. As the persona attempts to reach a goal, the scenario records the specific steps that they take in attempting to reach that goal. Some scenarios record a successful path; others record an unsuccessful one. When writing scenarios, be specific. Since there are an infinite number of possible scenarios, it is important to write only those scenarios with differentiating factors.</mstns:ContentDescription><mstns:Parts><mstns:Part PartType="ImageMenuReference"><mstns:PartName>WorkProductImageMenu</mstns:PartName><mstns:Sequence>1</mstns:Sequence><mstns:isRequired>false</mstns:isRequired><mstns:PartDescription>ExampleScenario</mstns:PartDescription></mstns:Part></mstns:Parts><mstns:RACI><mstns:RACIItem RACIType="Responsible"><mstns:RoleName>Business Analyst</mstns:RoleName><mstns:RACIDescription>Business Analyst</mstns:RACIDescription></mstns:RACIItem></mstns:RACI><mstns:CrossReference><mstns:CrossReferenceItem CrossType="SeeAlso"><mstns:CrossName>Scenario Description Template</mstns:CrossName><mstns:CrossLink>../../Requirements/Scenario Description.doc</mstns:CrossLink><mstns:CrossDescription>
                    </mstns:CrossDescription></mstns:CrossReferenceItem></mstns:CrossReference><mstns:When>
            </mstns:When><mstns:Dependencies><mstns:DependencyItem><mstns:DependencyName>
                    </mstns:DependencyName><mstns:DependencyDescription>
                    </mstns:DependencyDescription></mstns:DependencyItem></mstns:Dependencies><mstns:CMMI></mstns:CMMI></mstns:ContentItem><mstns:ContentItem ContentType="WorkProduct"><mstns:ContentOrder>4</mstns:ContentOrder><mstns:ContentName>Scenario List</mstns:ContentName><mstns:ContentDescription>The scenario list captures the backlog of scenario entries for the project. When reviewed and stack ranked, the quality of service requirements list and the scenario list become the minimum acceptance level for the project.</mstns:ContentDescription><mstns:ContentLink>
            </mstns:ContentLink><mstns:Parts><mstns:Part PartType="ImageMenuReference"><mstns:PartName>WorkProductImageMenu</mstns:PartName><mstns:Sequence>1</mstns:Sequence><mstns:isRequired>false</mstns:isRequired><mstns:PartDescription>WPImageMenuSample</mstns:PartDescription></mstns:Part></mstns:Parts><mstns:RACI><mstns:RACIItem RACIType="Responsible"><mstns:RoleName>Business Analyst</mstns:RoleName><mstns:RACIDescription>Business Analyst</mstns:RACIDescription></mstns:RACIItem></mstns:RACI><mstns:Verification></mstns:Verification><mstns:CrossReference><mstns:CrossReferenceItem CrossType="SeeAlso"><mstns:CrossName>Quality of Service Requirement List</mstns:CrossName><mstns:CrossLink>
                    </mstns:CrossLink><mstns:CrossDescription>
                    </mstns:CrossDescription></mstns:CrossReferenceItem><mstns:CrossReferenceItem CrossType="WorkProduct-Excel"><mstns:CrossName>Scenario List</mstns:CrossName><mstns:CrossLink>../../Requirements/Scenarios.xls</mstns:CrossLink><mstns:CrossDescription>
                    </mstns:CrossDescription></mstns:CrossReferenceItem></mstns:CrossReference><mstns:Dependencies><mstns:DependencyItem/></mstns:Dependencies><mstns:CMMI></mstns:CMMI><mstns:Criteria></mstns:Criteria></mstns:ContentItem><mstns:ContentItem ContentType="WorkProduct"><mstns:ContentOrder>6</mstns:ContentOrder><mstns:ContentName>Storyboard</mstns:ContentName><mstns:ContentDescription>A depiction of user interface details for a scenario using written and visual representations. A storyboard is used to illustrate details in a scenario before the code is written. A storyboard can be created in Microsoft Office PowerPoint or your favorite drawing tool.</mstns:ContentDescription><mstns:ContentLink>
            </mstns:ContentLink><mstns:Parts></mstns:Parts><mstns:RACI><mstns:RACIItem RACIType="Responsible"><mstns:RoleName>Business Analyst</mstns:RoleName><mstns:RACIDescription>Business Analyst</mstns:RACIDescription></mstns:RACIItem></mstns:RACI><mstns:Verification></mstns:Verification><mstns:CrossReference></mstns:CrossReference><mstns:Dependencies><mstns:DependencyItem/></mstns:Dependencies><mstns:CMMI></mstns:CMMI><mstns:Criteria></mstns:Criteria></mstns:ContentItem><mstns:ContentItem ContentType="WorkProduct"><mstns:ContentOrder>10</mstns:ContentOrder><mstns:ContentName>System Diagram</mstns:ContentName><mstns:ContentDescription>A system diagram is a composable configuration of applications and/or other systems. Connections between applications and systems represent how these members will be configured on deployment of the systems. Endpoints can be added to selectively expose the behavior of member application or systems. Systems can be nested to any depth. Systems can be designed bottom up through composition of existing applications or systems, or top-down by describing the system behavior using a shadow application.</mstns:ContentDescription><mstns:Parts><mstns:Part PartType="ImageMenuReference"><mstns:PartName>WorkProductImageMenu</mstns:PartName><mstns:Sequence>1</mstns:Sequence><mstns:isRequired>false</mstns:isRequired><mstns:PartDescription>ExampleSystemDiagram</mstns:PartDescription></mstns:Part></mstns:Parts><mstns:RACI><mstns:RACIItem RACIType="Responsible"><mstns:RoleName>Architect</mstns:RoleName><mstns:RACIDescription>Architect</mstns:RACIDescription></mstns:RACIItem></mstns:RACI><mstns:When>
            </mstns:When><mstns:Dependencies><mstns:DependencyItem><mstns:DependencyName>
                    </mstns:DependencyName><mstns:DependencyDescription>
                    </mstns:DependencyDescription></mstns:DependencyItem></mstns:Dependencies><mstns:CMMI><mstns:CMMIItem><mstns:CMMILevel>
                    </mstns:CMMILevel><mstns:CMMIProcessArea>
                    </mstns:CMMIProcessArea><mstns:CMMIGoal>
                    </mstns:CMMIGoal><mstns:CMMIPractice>
                    </mstns:CMMIPractice></mstns:CMMIItem></mstns:CMMI></mstns:ContentItem><mstns:ContentItem ContentType="WorkProduct"><mstns:ContentOrder>17</mstns:ContentOrder><mstns:ContentName>Team Build</mstns:ContentName><mstns:ContentDescription>A team build is the compilation of all of the files, libraries, or components into a new set of executables, libraries, or components. Team builds that pass verification tests, are referred to as self-test. Builds that do not pass are referred to as self-toast.</mstns:ContentDescription><mstns:ContentLink>
            </mstns:ContentLink><mstns:States><mstns:StateItem><mstns:StateName>
                    </mstns:StateName><mstns:StateDescription>
                    </mstns:StateDescription><mstns:Sequence>
                    </mstns:Sequence><mstns:Transitions></mstns:Transitions></mstns:StateItem></mstns:States><mstns:Parts></mstns:Parts><mstns:RACI><mstns:RACIItem RACIType="Responsible"><mstns:RoleName>Developer</mstns:RoleName><mstns:RACIDescription>
                    </mstns:RACIDescription></mstns:RACIItem></mstns:RACI><mstns:Verification></mstns:Verification><mstns:CrossReference></mstns:CrossReference><mstns:When>
            </mstns:When><mstns:Dependencies><mstns:DependencyItem><mstns:DependencyName>
                    </mstns:DependencyName><mstns:DependencyDescription>
                    </mstns:DependencyDescription></mstns:DependencyItem></mstns:Dependencies><mstns:CMMI></mstns:CMMI><mstns:Criteria></mstns:Criteria></mstns:ContentItem><mstns:ContentItem ContentType="WorkProduct"><mstns:ContentOrder>18</mstns:ContentOrder><mstns:ContentName>Test Approach</mstns:ContentName><mstns:ContentDescription>The test approach worksheet contains the test mission, test coverage, test techniques, and test data. There is also a section for each iteration that outlines the goals and techniques for the iteration.</mstns:ContentDescription><mstns:Parts><mstns:Part PartType="ImageMenuReference"><mstns:PartName>WorkProductImageMenu</mstns:PartName><mstns:Sequence>1</mstns:Sequence><mstns:isRequired>false</mstns:isRequired><mstns:PartDescription>ExampleTestApproach</mstns:PartDescription></mstns:Part></mstns:Parts><mstns:RACI><mstns:RACIItem RACIType="Responsible"><mstns:RoleName>Tester</mstns:RoleName><mstns:RACIDescription>Tester</mstns:RACIDescription></mstns:RACIItem></mstns:RACI><mstns:CrossReference><mstns:CrossReferenceItem CrossType="SeeAlso"><mstns:CrossName>Test Approach Worksheet</mstns:CrossName><mstns:CrossLink>../../Test/Test Approach.doc</mstns:CrossLink><mstns:CrossDescription>
                    </mstns:CrossDescription></mstns:CrossReferenceItem></mstns:CrossReference><mstns:When>
            </mstns:When><mstns:Dependencies><mstns:DependencyItem><mstns:DependencyName>
                    </mstns:DependencyName><mstns:DependencyDescription>
                    </mstns:DependencyDescription></mstns:DependencyItem></mstns:Dependencies><mstns:CMMI></mstns:CMMI></mstns:ContentItem><mstns:ContentItem ContentType="WorkProduct"><mstns:ContentOrder>25</mstns:ContentOrder><mstns:ContentName>Test Result</mstns:ContentName><mstns:ContentDescription>A test result is the verdict from executing a test. Possible verdicts are Pass, Fail or Inconclusive.</mstns:ContentDescription><mstns:ContentLink>
            </mstns:ContentLink><mstns:States><mstns:StateItem><mstns:StateName>
                    </mstns:StateName><mstns:StateDescription>
                    </mstns:StateDescription><mstns:Sequence>1</mstns:Sequence><mstns:Transitions></mstns:Transitions></mstns:StateItem></mstns:States><mstns:Parts></mstns:Parts><mstns:RACI><mstns:RACIItem RACIType="Responsible"><mstns:RoleName>Tester</mstns:RoleName><mstns:RACIDescription>Tester</mstns:RACIDescription></mstns:RACIItem></mstns:RACI><mstns:Verification></mstns:Verification><mstns:CrossReference></mstns:CrossReference><mstns:When>
            </mstns:When><mstns:Dependencies><mstns:DependencyItem><mstns:DependencyName>
                    </mstns:DependencyName><mstns:DependencyDescription>
                    </mstns:DependencyDescription></mstns:DependencyItem></mstns:Dependencies><mstns:CMMI></mstns:CMMI><mstns:Criteria></mstns:Criteria></mstns:ContentItem><mstns:ContentItem ContentType="WorkProduct"><mstns:ContentOrder>12</mstns:ContentOrder><mstns:ContentName>Threat Model</mstns:ContentName><mstns:ContentDescription>
A threat model looks at the use of entry points to possibly obtain access to an asset. When a threat is possible, it becomes a vulnerability of security requirement.</mstns:ContentDescription><mstns:Parts><mstns:Part PartType="ImageMenuReference"><mstns:PartName>WorkProductImageMenu</mstns:PartName><mstns:Sequence>1</mstns:Sequence><mstns:isRequired>false</mstns:isRequired><mstns:PartDescription>ExampleThreatModel</mstns:PartDescription></mstns:Part></mstns:Parts><mstns:RACI><mstns:RACIItem RACIType="Responsible"><mstns:RoleName>Architect</mstns:RoleName><mstns:RACIDescription>Architect</mstns:RACIDescription></mstns:RACIItem></mstns:RACI><mstns:CrossReference><mstns:CrossReferenceItem CrossType="PatternPractices"><mstns:CrossName>Template Sample - Web Application Threat Model</mstns:CrossName><mstns:CrossLink>../../Security/Template Sample - Web Application Threat Model.doc</mstns:CrossLink><mstns:CrossDescription>
                    </mstns:CrossDescription></mstns:CrossReferenceItem></mstns:CrossReference><mstns:When>
            </mstns:When><mstns:Dependencies><mstns:DependencyItem><mstns:DependencyName>
                    </mstns:DependencyName><mstns:DependencyDescription>
                    </mstns:DependencyDescription></mstns:DependencyItem></mstns:Dependencies><mstns:CMMI></mstns:CMMI></mstns:ContentItem><mstns:ContentItem ContentType="WorkProduct"><mstns:ContentOrder>15</mstns:ContentOrder><mstns:ContentName>Unit Test</mstns:ContentName><mstns:ContentDescription>A unit test is typically written by a developer to verify the behavior of a specific method or set of methods. They can also be used for white-box testing or in conjunction with load or stress testing.</mstns:ContentDescription><mstns:Parts><mstns:Part PartType="ImageMenuReference"><mstns:PartName>WorkProductImageMenu</mstns:PartName><mstns:Sequence>1</mstns:Sequence><mstns:isRequired>false</mstns:isRequired><mstns:PartDescription>ExampleUnitTest</mstns:PartDescription></mstns:Part></mstns:Parts><mstns:RACI><mstns:RACIItem RACIType="Responsible"><mstns:RoleName>Tester</mstns:RoleName><mstns:RACIDescription>Tester</mstns:RACIDescription></mstns:RACIItem></mstns:RACI><mstns:When>
            </mstns:When><mstns:Dependencies><mstns:DependencyItem><mstns:DependencyName>
                    </mstns:DependencyName><mstns:DependencyDescription>
                    </mstns:DependencyDescription></mstns:DependencyItem></mstns:Dependencies><mstns:CMMI></mstns:CMMI></mstns:ContentItem><mstns:ContentItem ContentType="WorkProduct"><mstns:ContentOrder>2</mstns:ContentOrder><mstns:ContentName>Vision Statement</mstns:ContentName><mstns:ContentDescription>The vision statement for a project is a description of the product being produced, the value that it will bring, and the stakeholders that will derive that value.</mstns:ContentDescription><mstns:Parts><mstns:Part PartType="ImageMenuReference"><mstns:PartName>WorkProductImageMenu</mstns:PartName><mstns:Sequence>1</mstns:Sequence><mstns:isRequired>false</mstns:isRequired><mstns:PartDescription>ExampleVisionDocument</mstns:PartDescription></mstns:Part></mstns:Parts><mstns:RACI><mstns:RACIItem RACIType="Responsible"><mstns:RoleName>Business Analyst</mstns:RoleName><mstns:RACIDescription>Business Analyst</mstns:RACIDescription></mstns:RACIItem></mstns:RACI><mstns:CrossReference><mstns:CrossReferenceItem CrossType="WorkProduct-Word"><mstns:CrossName>Vision Statement Template</mstns:CrossName><mstns:CrossLink>../../Requirements/Vision.doc</mstns:CrossLink><mstns:CrossDescription>
                    </mstns:CrossDescription></mstns:CrossReferenceItem></mstns:CrossReference><mstns:When>
            </mstns:When><mstns:Dependencies><mstns:DependencyItem><mstns:DependencyName>
                    </mstns:DependencyName><mstns:DependencyDescription>
                    </mstns:DependencyDescription></mstns:DependencyItem></mstns:Dependencies><mstns:CMMI></mstns:CMMI></mstns:ContentItem><mstns:ContentItem ContentType="WorkProduct"><mstns:ContentOrder>20</mstns:ContentOrder><mstns:ContentName>Web Test</mstns:ContentName><mstns:ContentDescription>A Web test is a test type that targets the validation of Web pages and HTTP requests.</mstns:ContentDescription><mstns:States><mstns:StateItem><mstns:StateName>
                    </mstns:StateName><mstns:StateDescription>
                    </mstns:StateDescription><mstns:Sequence>1</mstns:Sequence><mstns:Transitions></mstns:Transitions></mstns:StateItem></mstns:States><mstns:Parts><mstns:Part PartType="ImageMenuReference"><mstns:PartName>WorkProductImageMenu</mstns:PartName><mstns:Sequence>1</mstns:Sequence><mstns:isRequired>false</mstns:isRequired><mstns:PartDescription>ExampleWebTest</mstns:PartDescription></mstns:Part></mstns:Parts><mstns:RACI><mstns:RACIItem RACIType="Responsible"><mstns:RoleName>Tester</mstns:RoleName><mstns:RACIDescription>Tester</mstns:RACIDescription></mstns:RACIItem></mstns:RACI><mstns:When>
            </mstns:When><mstns:Dependencies><mstns:DependencyItem><mstns:DependencyName>
                    </mstns:DependencyName><mstns:DependencyDescription>
                    </mstns:DependencyDescription></mstns:DependencyItem></mstns:Dependencies><mstns:CMMI></mstns:CMMI></mstns:ContentItem><mstns:ContentItem ContentType="WorkProduct">
										<mstns:ContentOrder>23</mstns:ContentOrder>
										<mstns:ContentName>Prototype</mstns:ContentName>
										<mstns:ContentDescription>A prototype is a small coding exercise that is sometimes exploratory in nature to solve a problem or reduce a risk. A prototype can be realized in any type of code.</mstns:ContentDescription>
										<mstns:ContentLink></mstns:ContentLink>
										<mstns:States>
											<mstns:StateItem>
												<mstns:StateName></mstns:StateName>
												<mstns:StateDescription></mstns:StateDescription>
												<mstns:Sequence></mstns:Sequence>
												<mstns:Transitions>
													<mstns:TransitionItem TransitionType="">
														<mstns:TransitionName></mstns:TransitionName>
														<mstns:TransitionDescription></mstns:TransitionDescription>
														<mstns:Sequence></mstns:Sequence>
														<mstns:Reasons>
															<mstns:ReasonItem>
																<mstns:ReasonName></mstns:ReasonName>
																<mstns:ReasonDescription></mstns:ReasonDescription>
																<mstns:Sequence></mstns:Sequence>
															</mstns:ReasonItem>
														</mstns:Reasons>
													</mstns:TransitionItem>
												</mstns:Transitions>
											</mstns:StateItem>
										</mstns:States>
										<mstns:Parts>
											<mstns:Part PartType="">
												<mstns:PartName></mstns:PartName>
												<mstns:Sequence xsi:nil="true"></mstns:Sequence>
												<mstns:isRequired>false</mstns:isRequired>
												<mstns:PartDescription></mstns:PartDescription>
											</mstns:Part>
										</mstns:Parts>
										<mstns:RACI>
											<mstns:RACIItem RACIType="">
												<mstns:RoleName></mstns:RoleName>
												<mstns:RACIDescription></mstns:RACIDescription>
											</mstns:RACIItem>
										</mstns:RACI>
										<mstns:Verification>
											<mstns:VerificationItem VerificationType="">
												<mstns:VerificationName></mstns:VerificationName>
												<mstns:VerificationDescription></mstns:VerificationDescription>
												<mstns:VerificationMetric></mstns:VerificationMetric>
											</mstns:VerificationItem>
										</mstns:Verification>
										<mstns:CrossReference>
											<mstns:CrossReferenceItem CrossType="">
												<mstns:CrossName></mstns:CrossName>
												<mstns:CrossLink></mstns:CrossLink>
												<mstns:CrossDescription></mstns:CrossDescription>
											</mstns:CrossReferenceItem>
										</mstns:CrossReference>
										<mstns:When></mstns:When>
										<mstns:Dependencies>
											<mstns:DependencyItem>
												<mstns:DependencyName></mstns:DependencyName>
												<mstns:DependencyDescription></mstns:DependencyDescription>
											</mstns:DependencyItem>
										</mstns:Dependencies>
										<mstns:CMMI>
											<mstns:CMMIItem>
												<mstns:CMMILevel></mstns:CMMILevel>
												<mstns:CMMIProcessArea></mstns:CMMIProcessArea>
												<mstns:CMMIGoal></mstns:CMMIGoal>
												<mstns:CMMIPractice></mstns:CMMIPractice>
											</mstns:CMMIItem>
										</mstns:CMMI>
										<mstns:Criteria>
											<mstns:CriteriaItem CriteriaType="">
												<mstns:CriteriaName></mstns:CriteriaName>
												<mstns:CriteriaLink></mstns:CriteriaLink>
												<mstns:CriteriaDescription></mstns:CriteriaDescription>
												<mstns:WorkProductName></mstns:WorkProductName>
											</mstns:CriteriaItem>
										</mstns:Criteria>
									</mstns:ContentItem></mstns:Content><mstns:NavStructure><mstns:Menu><mstns:MenuName>
            </mstns:MenuName><mstns:MenuItem><mstns:MenuItemName>
                </mstns:MenuItemName><mstns:MenuItemTransform>
                </mstns:MenuItemTransform><mstns:MenuItemDescription>
                </mstns:MenuItemDescription></mstns:MenuItem></mstns:Menu><mstns:ImageMenu></mstns:ImageMenu><mstns:BulletMenu><mstns:MenuName>
            </mstns:MenuName><mstns:MenuItem><mstns:MenuItemName>
                </mstns:MenuItemName><mstns:MenuItemTransform>
                </mstns:MenuItemTransform><mstns:MenuBulletImage>
                </mstns:MenuBulletImage><mstns:MenuItemDescription>
                </mstns:MenuItemDescription></mstns:MenuItem></mstns:BulletMenu></mstns:NavStructure><mstns:Glossary><mstns:GlossaryName>Glossary</mstns:GlossaryName><mstns:GlossaryItem><mstns:Term>
            </mstns:Term><mstns:Definition>
            </mstns:Definition><mstns:Reference>
            </mstns:Reference></mstns:GlossaryItem></mstns:Glossary><mstns:HelpContextMap><mstns:MapItem><mstns:Keyword>
            </mstns:Keyword><mstns:Context>
            </mstns:Context><mstns:ContentName>
            </mstns:ContentName></mstns:MapItem></mstns:HelpContextMap><mstns:Index><mstns:IndexItem><mstns:Keyword>
            </mstns:Keyword><mstns:ContentName>
            </mstns:ContentName></mstns:IndexItem></mstns:Index></mstns:ProcessGuidance>