﻿<?xml version="1.0" encoding="UTF-8"?>
<?mso-infoPathSolution PIVersion="1.0.0.0" language="en-us" name="urn:schemas-microsoft-com:office:infopath:template2:http---tempuri-org-XMLSchema-xsd" solutionVersion="1.0.0.157" productVersion="11.0.6565" ?><?mso-application progid="InfoPath.Document"?><mstns:ProcessGuidance xmlns:mstns="http://tempuri.org/XMLSchema.xsd" xmlns:xsi="http://www.w3.org/2001/XMLSchema-instance" xmlns:xhtml="http://www.w3.org/1999/xhtml" xmlns:my="http://schemas.microsoft.com/office/infopath/2003/myXSD/2004-10-13T22:49:49" xmlns:xd="http://schemas.microsoft.com/office/infopath/2003"><mstns:Content><mstns:ContentItem ContentType="WorkItem"><mstns:ContentOrder>4</mstns:ContentOrder><mstns:ContentName>Bug</mstns:ContentName><mstns:ContentDescription>
                <div style="PADDING-RIGHT: 0in; MARGIN-TOP: 3pt; PADDING-LEFT: 0in; FONT-SIZE: 10pt; MARGIN-BOTTOM: 3pt; LINE-HEIGHT: 13pt" xmlns="http://www.w3.org/1999/xhtml">A bug is a work item that communicates that a potential problem exists or has existed in the system. The goal of opening a bug is to accurately report bugs in a way that allows the reader to understand the full impact of the problem. The descriptions in the bug report should make it easy to trace through the steps used when the bug was encountered, thus allowing it to be easily reproduced. The test results should clearly show the problem. The clarity and understandability of this description often affects the probability that the bug will be fixed.</div>
            </mstns:ContentDescription><mstns:ContentLink>
            </mstns:ContentLink><mstns:States><mstns:StateItem><mstns:StateName>New</mstns:StateName><mstns:StateDescription>As bugs are detected in the software product, they must be documented as quickly as possible so that developers can resolve them. Before opening a bug report, you should query existing bugs to be sure the bug you discovered is not already reported. </mstns:StateDescription><mstns:Sequence>1</mstns:Sequence><mstns:Transitions><mstns:TransitionItem TransitionType="Reason"><mstns:TransitionName>New to Active</mstns:TransitionName><mstns:TransitionDescription>To create a new bug, use the Work Items node in team explorer.</mstns:TransitionDescription><mstns:Sequence>1</mstns:Sequence><mstns:Reasons><mstns:ReasonItem><mstns:ReasonName>New</mstns:ReasonName><mstns:ReasonDescription>A bug is activated as a new bug when it is first created. Create all bugs with a reason of New, unless the bug is due to a build failure.</mstns:ReasonDescription><mstns:Sequence>1</mstns:Sequence></mstns:ReasonItem><mstns:ReasonItem><mstns:ReasonName>Build Failure</mstns:ReasonName><mstns:ReasonDescription>A bug is activated with a build failure when the bug is being created as a direct result of a build failure.</mstns:ReasonDescription><mstns:Sequence>2</mstns:Sequence></mstns:ReasonItem></mstns:Reasons></mstns:TransitionItem></mstns:Transitions></mstns:StateItem><mstns:StateItem><mstns:StateName>Active</mstns:StateName><mstns:StateDescription>
                        <span style="FONT-SIZE: 10pt" xmlns="http://www.w3.org/1999/xhtml">When you discover a new bug and enter it using Team Explorer, the bug work item is automatically set to an active state. An active bug indicates that a problem exists that must be addressed.</span>
                    </mstns:StateDescription><mstns:Sequence>2</mstns:Sequence><mstns:Transitions><mstns:TransitionItem TransitionType="Reason"><mstns:TransitionName>Active to Resolved</mstns:TransitionName><mstns:TransitionDescription>
                                <div xmlns="http://www.w3.org/1999/xhtml">
                                    <span style="FONT-SIZE: 10pt">For an active bug to be resolved, it should be assigned back to either the original person who created the bug work item, or a tester to verify that the bug is resolved<font style="FONT-SIZE: 10pt">.</font>
									</span>
                                </div>
                            </mstns:TransitionDescription><mstns:Sequence>1</mstns:Sequence><mstns:Reasons><mstns:ReasonItem><mstns:ReasonName>Fixed</mstns:ReasonName><mstns:ReasonDescription>
                                        <span xmlns="http://www.w3.org/1999/xhtml">A bug is resolved as Fixed when the changed code is checked in. Link the bug to the changeset when the fix is checked in.</span>
                                    </mstns:ReasonDescription><mstns:Sequence>1</mstns:Sequence></mstns:ReasonItem><mstns:ReasonItem><mstns:ReasonName>As Designed</mstns:ReasonName><mstns:ReasonDescription>
                                        <span xmlns="http://www.w3.org/1999/xhtml">
                                            <font style="FONT-SIZE: 10pt">A bug is resolved As Designed if the bug describes an expected condition or behavior of the system.</font>
                                        </span>
                                    </mstns:ReasonDescription><mstns:Sequence>2</mstns:Sequence></mstns:ReasonItem><mstns:ReasonItem><mstns:ReasonName>Deferred</mstns:ReasonName><mstns:ReasonDescription>A bug is resolved as Deferred if it will not be fixed in the current iteration. It will be postponed until it can be reevaluated in a future iteration or version of the product.</mstns:ReasonDescription><mstns:Sequence>3</mstns:Sequence></mstns:ReasonItem><mstns:ReasonItem><mstns:ReasonName>Duplicate</mstns:ReasonName><mstns:ReasonDescription>A bug is resolved as Duplicate if it describes the same problem as another bug. Include a link to the duplicate bug to make it easier for the author of the bug to confirm the duplication before closing the bug.</mstns:ReasonDescription><mstns:Sequence>4</mstns:Sequence></mstns:ReasonItem><mstns:ReasonItem><mstns:ReasonName>Obsolete</mstns:ReasonName><mstns:ReasonDescription>A bug is resolved as Obsolete if it is no longer applicable to the product. For example, if the bug describes a problem in a feature area that no longer exists in the product, it is obsolete.</mstns:ReasonDescription><mstns:Sequence>5</mstns:Sequence></mstns:ReasonItem><mstns:ReasonItem><mstns:ReasonName>Unable to Reproduce</mstns:ReasonName><mstns:ReasonDescription>A bug is resolved as Unable to Reproduce if the developer is unable to reproduce the bug on his computer.</mstns:ReasonDescription><mstns:Sequence>6</mstns:Sequence></mstns:ReasonItem></mstns:Reasons></mstns:TransitionItem></mstns:Transitions></mstns:StateItem><mstns:StateItem><mstns:StateName>Resolved</mstns:StateName><mstns:StateDescription>A bug is in the resolved state when it has been addressed by a developer, or during triage. A bug is resolved as either Fixed, or As Designed.</mstns:StateDescription><mstns:Sequence>3</mstns:Sequence><mstns:Transitions><mstns:TransitionItem TransitionType="Reason"><mstns:TransitionName>Resolved to Closed</mstns:TransitionName><mstns:TransitionDescription>
                                <span style="FONT-SIZE: 10pt" xmlns="http://www.w3.org/1999/xhtml">A bug is closed when the resolution has been verified either by the original creator of the bug work item, or by a tester.</span>
                            </mstns:TransitionDescription><mstns:Sequence>1</mstns:Sequence><mstns:Reasons><mstns:ReasonItem><mstns:ReasonName>Fixed</mstns:ReasonName><mstns:ReasonDescription>A bug is closed as Fixed when the author of the bug has verified that the fix is in place in a build.</mstns:ReasonDescription><mstns:Sequence>1</mstns:Sequence></mstns:ReasonItem><mstns:ReasonItem><mstns:ReasonName>As Designed</mstns:ReasonName><mstns:ReasonDescription>A bug is closed As Designed if the bug author agrees that the bug describes something that is intentional by design.</mstns:ReasonDescription><mstns:Sequence>2</mstns:Sequence></mstns:ReasonItem><mstns:ReasonItem><mstns:ReasonName>Deferred</mstns:ReasonName><mstns:ReasonDescription>A bug is closed as Deferred if the bug author agrees that the bug should be deferred.</mstns:ReasonDescription><mstns:Sequence>3</mstns:Sequence></mstns:ReasonItem><mstns:ReasonItem><mstns:ReasonName>Duplicate</mstns:ReasonName><mstns:ReasonDescription>A bug is closed as Duplicate if the bug author confirms that the bug describes the same problem as another bug.</mstns:ReasonDescription><mstns:Sequence>4</mstns:Sequence></mstns:ReasonItem><mstns:ReasonItem><mstns:ReasonName>Obsolete</mstns:ReasonName><mstns:ReasonDescription>A bug is closed as Obsolete if the bug author agrees that the problem described is no longer applicable to the product.</mstns:ReasonDescription><mstns:Sequence>5</mstns:Sequence></mstns:ReasonItem><mstns:ReasonItem><mstns:ReasonName>Unable to Reproduce</mstns:ReasonName><mstns:ReasonDescription>A bug is closed as Unable to Reproduce if the bug author is unable to produce a working example of the bug or provide more specific instructions for reproducing the bug.</mstns:ReasonDescription><mstns:Sequence>6</mstns:Sequence></mstns:ReasonItem></mstns:Reasons></mstns:TransitionItem><mstns:TransitionItem TransitionType="Reason"><mstns:TransitionName>Resolved to Active</mstns:TransitionName><mstns:TransitionDescription>
                                <span style="FONT-SIZE: 10pt" xmlns="http://www.w3.org/1999/xhtml">If the resolution cannot be verified, the state of the bug work item returns to Active. For example, if a code fix fails to fix the bug, the tester can return the bug to an active state. When returning a bug to the active state, be sure to reassign the bug to the correct person for triage, or to the correct person to fix.</span>
                            </mstns:TransitionDescription><mstns:Sequence>2</mstns:Sequence><mstns:Reasons><mstns:ReasonItem><mstns:ReasonName>Resolution Denied</mstns:ReasonName><mstns:ReasonDescription>A bug is returned to the Active state if the resolution is unacceptable. Provide specific information about why the resolution is denied to assist the next person who owns the bug in resolving the bug appropriately.</mstns:ReasonDescription><mstns:Sequence>1</mstns:Sequence></mstns:ReasonItem><mstns:ReasonItem><mstns:ReasonName>Wrong Fix</mstns:ReasonName><mstns:ReasonDescription>A bug is returned to the Active state if the fix was incorrect. Provide details on how and why the fix did not work correctly.</mstns:ReasonDescription><mstns:Sequence>2</mstns:Sequence></mstns:ReasonItem><mstns:ReasonItem><mstns:ReasonName>Test Failed</mstns:ReasonName><mstns:ReasonDescription>A bug is returned to the Active state if a test demonstrates that the bug still exists. Provide details about which test failed, and in which build.</mstns:ReasonDescription><mstns:Sequence>3</mstns:Sequence></mstns:ReasonItem></mstns:Reasons></mstns:TransitionItem></mstns:Transitions></mstns:StateItem><mstns:StateItem><mstns:StateName>Closed</mstns:StateName><mstns:StateDescription>
                        <span style="FONT-SIZE: 10pt" xmlns="http://www.w3.org/1999/xhtml">A closed bug means that no further work is to be done for the current product version. A bug is closed after the resolution has been verified.</span>
                    </mstns:StateDescription><mstns:Sequence>4</mstns:Sequence><mstns:Transitions><mstns:TransitionItem TransitionType="Reason"><mstns:TransitionName>Closed to Active</mstns:TransitionName><mstns:TransitionDescription>
                                <span style="FONT-SIZE: 10pt" xmlns="http://www.w3.org/1999/xhtml">A closed bug can be reactivated if a regression test shows that the bug has returned. </span>
                            </mstns:TransitionDescription><mstns:Sequence>1</mstns:Sequence><mstns:Reasons><mstns:ReasonItem><mstns:ReasonName>Regression</mstns:ReasonName><mstns:ReasonDescription>
                                        <span style="FONT-SIZE: 10pt" xmlns="http://www.w3.org/1999/xhtml">
                                            <span style="FONT-SIZE: 10pt">If a regression test indicates that the bug exists again, then activate the bug and assign it to triage. Set the Reason field to Regression. </span>
                                        </span>
                                    </mstns:ReasonDescription><mstns:Sequence>1</mstns:Sequence></mstns:ReasonItem></mstns:Reasons></mstns:TransitionItem></mstns:Transitions></mstns:StateItem></mstns:States><mstns:Parts><mstns:Part PartType="Field"><mstns:PartName>Title</mstns:PartName><mstns:Sequence>1</mstns:Sequence><mstns:isRequired>true</mstns:isRequired><mstns:PartDescription>
                        <span style="FONT-SIZE: 10pt" xmlns="http://www.w3.org/1999/xhtml">Required. The title provides a concise overview of the problem to be fixed. The title should be descriptive enough to allow the triage team to understand what area of the product is affected and how.</span>
                    </mstns:PartDescription></mstns:Part><mstns:Part PartType="Field"><mstns:PartName>Area</mstns:PartName><mstns:Sequence>2</mstns:Sequence><mstns:isRequired>true</mstns:isRequired><mstns:PartDescription>
                        <span style="FONT-SIZE: 10pt" xmlns="http://www.w3.org/1999/xhtml">The area is used to group the bug by feature or team in the project hierarchy. The area must be a valid node in the project hierarchy.</span>
                    </mstns:PartDescription></mstns:Part><mstns:Part PartType="Field"><mstns:PartName>Iteration</mstns:PartName><mstns:Sequence>3</mstns:Sequence><mstns:isRequired>true</mstns:isRequired><mstns:PartDescription>
                        <span style="FONT-SIZE: 10pt" xmlns="http://www.w3.org/1999/xhtml">The iteration identifies in which iteration the bug is fixed.</span>
                    </mstns:PartDescription></mstns:Part><mstns:Part PartType="Field"><mstns:PartName>Assigned To</mstns:PartName><mstns:Sequence>4</mstns:Sequence><mstns:isRequired>true</mstns:isRequired><mstns:PartDescription>
                        <span style="FONT-SIZE: 10pt" xmlns="http://www.w3.org/1999/xhtml">This field identifies the person that the bug is currently assigned to. If the bug requires multiple development fixes, it can be treated like a scenario and assigned to the person who is next in the dependency chain. The bug report is assigned back to the tester when all of the pieces are integrated.</span>
                    </mstns:PartDescription></mstns:Part><mstns:Part PartType="Field"><mstns:PartName>Priority</mstns:PartName><mstns:Sequence>5</mstns:Sequence><mstns:isRequired>true</mstns:isRequired><mstns:PartDescription>
                        <span style="FONT-SIZE: 10pt" xmlns="http://www.w3.org/1999/xhtml">Required. The priority is a subjective importance rating. Priority 1 indicates the product cannot ship and must be fixed as soon as possible. Priority 2 is an important bug that does not need to be fixed immediately but must be fixed before release. Priority 3 is an optional bug that may or may not be fixed depending on resources, time, and risk.</span>
                    </mstns:PartDescription></mstns:Part><mstns:Part PartType="Field"><mstns:PartName>State</mstns:PartName><mstns:Sequence>6</mstns:Sequence><mstns:isRequired>true</mstns:isRequired><mstns:PartDescription>
                        <span style="FONT-SIZE: 10pt" xmlns="http://www.w3.org/1999/xhtml">Required. A bug can be in the Active, Resolved, or Closed states.</span>
                    </mstns:PartDescription></mstns:Part><mstns:Part PartType="Field"><mstns:PartName>Reason</mstns:PartName><mstns:Sequence>7</mstns:Sequence><mstns:isRequired>true</mstns:isRequired><mstns:PartDescription>
                        <span style="FONT-SIZE: 10pt" xmlns="http://www.w3.org/1999/xhtml">Required. The reason a bug is in the current state. For example, a bug can be in the resolved state because it was Fixed.</span>
                    </mstns:PartDescription></mstns:Part><mstns:Part PartType="Field"><mstns:PartName>Description</mstns:PartName><mstns:Sequence>8</mstns:Sequence><mstns:isRequired>true</mstns:isRequired><mstns:PartDescription>
                        <span style="FONT-SIZE: 10pt" xmlns="http://www.w3.org/1999/xhtml">The description provides an area to describe the problem and the steps to reproduce it.</span>
                    </mstns:PartDescription></mstns:Part><mstns:Part PartType="Field"><mstns:PartName>History</mstns:PartName><mstns:Sequence>9</mstns:Sequence><mstns:isRequired>true</mstns:isRequired><mstns:PartDescription>
                        <span style="FONT-SIZE: 10pt" xmlns="http://www.w3.org/1999/xhtml">This history is a running discussion about the bug report that accumulates additional written entries as changes are made. Each time a change is made to the bug, an entry is made in the History field describing what change was made and why, as well as any additional pertinent information about the change.</span>
                    </mstns:PartDescription></mstns:Part><mstns:Part PartType="Field"><mstns:PartName>Issue</mstns:PartName><mstns:Sequence>10</mstns:Sequence><mstns:isRequired>true</mstns:isRequired><mstns:PartDescription>
                        <span style="FONT-SIZE: 10pt" xmlns="http://www.w3.org/1999/xhtml">Issue is a Yes or No value indicating if fixing the bug is blocked in some manner. If this field is set to Yes, the scenario will appear on the project manager’s issue report.</span>
                    </mstns:PartDescription></mstns:Part><mstns:Part PartType="Field"><mstns:PartName>Found in Build</mstns:PartName><mstns:Sequence>11</mstns:Sequence><mstns:isRequired>true</mstns:isRequired><mstns:PartDescription>
                        <span style="FONT-SIZE: 10pt" xmlns="http://www.w3.org/1999/xhtml">This field displays the build number where the bug was found.</span>
                    </mstns:PartDescription></mstns:Part><mstns:Part PartType="Field"><mstns:PartName>Resolved in Build</mstns:PartName><mstns:Sequence>12</mstns:Sequence><mstns:isRequired>true</mstns:isRequired><mstns:PartDescription>
                        <span style="FONT-SIZE: 10pt" xmlns="http://www.w3.org/1999/xhtml">This field holds the build number in which the bug is resolved.</span>
                    </mstns:PartDescription></mstns:Part><mstns:Part PartType="Field"><mstns:PartName>Test Name</mstns:PartName><mstns:Sequence>13</mstns:Sequence><mstns:isRequired>true</mstns:isRequired><mstns:PartDescription>This field identifies the name of the test associated with this bug.</mstns:PartDescription></mstns:Part><mstns:Part PartType="Field"><mstns:PartName>Test ID</mstns:PartName><mstns:Sequence>14</mstns:Sequence><mstns:isRequired>true</mstns:isRequired><mstns:PartDescription>This field identifies the ID of the test associated with this bug.</mstns:PartDescription></mstns:Part><mstns:Part PartType="Field"><mstns:PartName>Test Path</mstns:PartName><mstns:Sequence>15</mstns:Sequence><mstns:isRequired>true</mstns:isRequired><mstns:PartDescription>This field identifies the path of the test associated with this bug.</mstns:PartDescription></mstns:Part><mstns:Part PartType="Field"><mstns:PartName>Links</mstns:PartName><mstns:Sequence>16</mstns:Sequence><mstns:isRequired>true</mstns:isRequired><mstns:PartDescription>
                        <span xmlns="http://www.w3.org/1999/xhtml">Links to related work items, hyperlinks, changesets, or source code files.</span>
                    </mstns:PartDescription></mstns:Part><mstns:Part PartType="Field"><mstns:PartName>File Attachments</mstns:PartName><mstns:Sequence>17</mstns:Sequence><mstns:isRequired>true</mstns:isRequired><mstns:PartDescription>
                        <span xmlns="http://www.w3.org/1999/xhtml">Attach related files providing additional documentation around the risk.</span>
                    </mstns:PartDescription></mstns:Part><mstns:Part PartType="Field"><mstns:PartName>Rank</mstns:PartName><mstns:Sequence>18</mstns:Sequence><mstns:isRequired>true</mstns:isRequired><mstns:PartDescription>
                        <span xmlns="http://www.w3.org/1999/xhtml">The relative priority with respect to other work items.</span>
                    </mstns:PartDescription></mstns:Part><mstns:Part PartType="Field"><mstns:PartName>Triage</mstns:PartName><mstns:Sequence>19</mstns:Sequence><mstns:isRequired>true</mstns:isRequired><mstns:PartDescription>
                        <span xmlns="http://www.w3.org/1999/xhtml">The result of the traige meeting. A blank triage means that bug is untriaged.</span>
                    </mstns:PartDescription></mstns:Part><mstns:Part PartType="ImageMenuReference"><mstns:PartName>WorkItemImageMenuStates</mstns:PartName><mstns:Sequence>1</mstns:Sequence><mstns:isRequired>false</mstns:isRequired><mstns:PartDescription>BugStates</mstns:PartDescription></mstns:Part></mstns:Parts><mstns:CrossReference><mstns:CrossReferenceItem CrossType="Activity"><mstns:CrossName>Integrate Code Changes</mstns:CrossName><mstns:CrossLink>
                    </mstns:CrossLink><mstns:CrossDescription>
                    </mstns:CrossDescription></mstns:CrossReferenceItem><mstns:CrossReferenceItem CrossType="Activity"><mstns:CrossName>Close the Bug</mstns:CrossName><mstns:CrossLink>
                    </mstns:CrossLink><mstns:CrossDescription>
                    </mstns:CrossDescription></mstns:CrossReferenceItem></mstns:CrossReference><mstns:When>
            </mstns:When><mstns:Dependencies><mstns:DependencyItem><mstns:DependencyName>
                    </mstns:DependencyName><mstns:DependencyDescription>
                    </mstns:DependencyDescription></mstns:DependencyItem></mstns:Dependencies><mstns:CMMI></mstns:CMMI><mstns:Criteria></mstns:Criteria></mstns:ContentItem><mstns:ContentItem ContentType="WorkItem"><mstns:ContentOrder>2</mstns:ContentOrder><mstns:ContentName>Quality of Service Requirement</mstns:ContentName><mstns:ContentDescription>
                <span style="FONT-SIZE: 10pt" xmlns="http://www.w3.org/1999/xhtml">Quality of service requirements document characteristics of the system such as performance, load, availability, stress, accessibility, serviceability, and maintainability. These requirements usually take the form of constraints on how the system should operate.</span>
            </mstns:ContentDescription><mstns:ContentLink>
            </mstns:ContentLink><mstns:States><mstns:StateItem><mstns:StateName>New</mstns:StateName><mstns:StateDescription>
                        <div xmlns="http://www.w3.org/1999/xhtml">Quality of service requirements can be created in the quality of service requirements list found in the requirements folder in the document library or by using the new work item menu in Team Explorer.</div>
                    </mstns:StateDescription><mstns:Sequence>1</mstns:Sequence><mstns:Transitions><mstns:TransitionItem TransitionType="Reason"><mstns:TransitionName>New to Active</mstns:TransitionName><mstns:TransitionDescription>
                            </mstns:TransitionDescription><mstns:Sequence>1</mstns:Sequence><mstns:Reasons><mstns:ReasonItem><mstns:ReasonName>New</mstns:ReasonName><mstns:ReasonDescription>A quality of service requirement is activated as a new requirement when it is first created.</mstns:ReasonDescription><mstns:Sequence>1</mstns:Sequence></mstns:ReasonItem></mstns:Reasons></mstns:TransitionItem></mstns:Transitions></mstns:StateItem><mstns:StateItem><mstns:StateName>Active</mstns:StateName><mstns:StateDescription>
                        <div xmlns="http://www.w3.org/1999/xhtml">
                            <span style="FONT-SIZE: 10pt">Quality of service requirements begin in the active state. The business analyst creates the requirement, provides a descriptive title, and fills in the description field with as much detail as possible about the requirement.</span>
                            <span style="FONT-SIZE: 10pt">When the requirement is fully written, the business analyst assigns it to a lead developer. The Specified field is set to Yes and the requirement remains in the active state while it is being implemented. The lead developer coordinates efforts with other developers to implement the requirement.</span>
                        </div>
                    </mstns:StateDescription><mstns:Sequence>2</mstns:Sequence><mstns:Transitions><mstns:TransitionItem TransitionType="Reason"><mstns:TransitionName>Active to Resolved</mstns:TransitionName><mstns:TransitionDescription>
                            </mstns:TransitionDescription><mstns:Sequence>1</mstns:Sequence><mstns:Reasons><mstns:ReasonItem><mstns:ReasonName>Completed</mstns:ReasonName><mstns:ReasonDescription>
                                        <span style="FONT-SIZE: 10pt" xmlns="http://www.w3.org/1999/xhtml">A quality of service requirement is resolved as Completed when the development team completes writing code for the requirement. The lead developer assigns the requirement to a tester.</span>
                                    </mstns:ReasonDescription><mstns:Sequence>1</mstns:Sequence></mstns:ReasonItem><mstns:ReasonItem><mstns:ReasonName>Deferred</mstns:ReasonName><mstns:ReasonDescription>A quality of service requirement is resolved as Deferred if it cannot be implemented in the current iteration. A requirement could be deferred because the team does not have enough time, or because blocking issues were discovered. Update the Iteration field to the correct iteration in which the requirement will be implemented. If the requirement is deferred to the next software product release version, leave the Iteration field blank. Be sure to include a detailed description of why the requirement was deferred, and when it is planned to be implemented. </mstns:ReasonDescription><mstns:Sequence>2</mstns:Sequence></mstns:ReasonItem><mstns:ReasonItem><mstns:ReasonName>Removed</mstns:ReasonName><mstns:ReasonDescription>A quality of service requirement is resolved as Removed if it is no longer deemed necessary to implement. When removing a requirement, check the Issue, and Exit Criteria fields. Typically these fields should be set to No for a removed quality of service requirement.</mstns:ReasonDescription><mstns:Sequence>3</mstns:Sequence></mstns:ReasonItem></mstns:Reasons></mstns:TransitionItem></mstns:Transitions></mstns:StateItem><mstns:StateItem><mstns:StateName>Resolved</mstns:StateName><mstns:StateDescription>
                        <span style="FONT-SIZE: 10pt" xmlns="http://www.w3.org/1999/xhtml">When the quality of service requirement is implemented in code, the lead developer sets the state to Resolved. The lead developer also assigns the requirement to a tester so that testing can begin.</span>
                    </mstns:StateDescription><mstns:Sequence>3</mstns:Sequence><mstns:Transitions><mstns:TransitionItem TransitionType="Reason"><mstns:TransitionName>Resolved to Closed</mstns:TransitionName><mstns:TransitionDescription>
                            </mstns:TransitionDescription><mstns:Sequence>1</mstns:Sequence><mstns:Reasons><mstns:ReasonItem><mstns:ReasonName>Completed</mstns:ReasonName><mstns:ReasonDescription>
                                        <span style="FONT-SIZE: 10pt" xmlns="http://www.w3.org/1999/xhtml">A quality of service requirement is closed as Completed when the tester indicates that it has passed its tests. When completing a requirement, check the Issue, and Exit Criteria fields. Typically these fields should be set to No for a completed quality of service requirement.</span>
                                    </mstns:ReasonDescription><mstns:Sequence>1</mstns:Sequence></mstns:ReasonItem><mstns:ReasonItem><mstns:ReasonName>Deferred</mstns:ReasonName><mstns:ReasonDescription>A quality of service requirement is closed as Deferred because it could not be implemented in the current iteration.</mstns:ReasonDescription><mstns:Sequence>2</mstns:Sequence></mstns:ReasonItem><mstns:ReasonItem><mstns:ReasonName>Removed</mstns:ReasonName><mstns:ReasonDescription>A quality of service requirement is closed as Removed because it is no longer deemed necessary to implement.</mstns:ReasonDescription><mstns:Sequence>3</mstns:Sequence></mstns:ReasonItem></mstns:Reasons></mstns:TransitionItem><mstns:TransitionItem TransitionType="Reason"><mstns:TransitionName>Resolved to Active</mstns:TransitionName><mstns:TransitionDescription>
                            </mstns:TransitionDescription><mstns:Sequence>2</mstns:Sequence><mstns:Reasons><mstns:ReasonItem><mstns:ReasonName>Test Failed</mstns:ReasonName><mstns:ReasonDescription>
                                        <span style="FONT-SIZE: 10pt" xmlns="http://www.w3.org/1999/xhtml">A quality of service requirement is returned to the active state if it fails one or more tests. The tester must reassign it to the original lead developer. Also, the tester should create appropriate bugs for the test failures.</span>
                                    </mstns:ReasonDescription><mstns:Sequence>1</mstns:Sequence></mstns:ReasonItem></mstns:Reasons></mstns:TransitionItem></mstns:Transitions></mstns:StateItem><mstns:StateItem><mstns:StateName>Closed</mstns:StateName><mstns:StateDescription>
                        <span style="FONT-SIZE: 10pt" xmlns="http://www.w3.org/1999/xhtml">The tester closes a quality of service requirement if it passes its tests. A requirement is also closed if it is Deferred, Removed, or Split into more requirements.</span>
                    </mstns:StateDescription><mstns:Sequence>4</mstns:Sequence><mstns:Transitions><mstns:TransitionItem TransitionType="Reason"><mstns:TransitionName>Closed to Active</mstns:TransitionName><mstns:TransitionDescription>
                            </mstns:TransitionDescription><mstns:Sequence>1</mstns:Sequence><mstns:Reasons><mstns:ReasonItem><mstns:ReasonName>Reactivated</mstns:ReasonName><mstns:ReasonDescription>
                                        <span style="FONT-SIZE: 10pt" xmlns="http://www.w3.org/1999/xhtml">A deferred quality of service requirement is reactivated when its assigned iteration begins. If the requirement must still be written, assign it to a business analyst. If the requirement is ready to be implemented, assign it to a lead developer.</span>
                                        <span style="FONT-SIZE: 10pt" xmlns="http://www.w3.org/1999/xhtml">If a removed requirement is reactivated, follow the same process as for a deferred requirement.</span>
                                    </mstns:ReasonDescription><mstns:Sequence>1</mstns:Sequence></mstns:ReasonItem></mstns:Reasons></mstns:TransitionItem></mstns:Transitions></mstns:StateItem></mstns:States><mstns:Parts><mstns:Part PartType="Field"><mstns:PartName>Title</mstns:PartName><mstns:Sequence>1</mstns:Sequence><mstns:isRequired>true</mstns:isRequired><mstns:PartDescription>
                        <span style="FONT-SIZE: 10pt" xmlns="http://www.w3.org/1999/xhtml">Required. The title should be as descriptive as possible.</span>
                    </mstns:PartDescription></mstns:Part><mstns:Part PartType="Field"><mstns:PartName>Area</mstns:PartName><mstns:Sequence>2</mstns:Sequence><mstns:isRequired>true</mstns:isRequired><mstns:PartDescription>
                        <span style="FONT-SIZE: 10pt" xmlns="http://www.w3.org/1999/xhtml">The area is used to group the quality of service requirement into an appropriate feature or team area. The area must be a valid node in the project hierarchy.</span>
                    </mstns:PartDescription></mstns:Part><mstns:Part PartType="Field"><mstns:PartName>Iteration</mstns:PartName><mstns:Sequence>3</mstns:Sequence><mstns:isRequired>true</mstns:isRequired><mstns:PartDescription>
                        <span style="FONT-SIZE: 10pt" xmlns="http://www.w3.org/1999/xhtml">The iteration in which the quality of service requirement is implemented in code.</span>
                    </mstns:PartDescription></mstns:Part><mstns:Part PartType="Field"><mstns:PartName>Type</mstns:PartName><mstns:Sequence>4</mstns:Sequence><mstns:isRequired>true</mstns:isRequired><mstns:PartDescription>
                        <span style="FONT-SIZE: 10pt" xmlns="http://www.w3.org/1999/xhtml">There are five types of quality of service requirements: Load, Stress, Performance, Platform, Other, and Security.</span>
                    </mstns:PartDescription></mstns:Part><mstns:Part PartType="Field"><mstns:PartName>Assigned To</mstns:PartName><mstns:Sequence>5</mstns:Sequence><mstns:isRequired>true</mstns:isRequired><mstns:PartDescription>
                        <span style="FONT-SIZE: 10pt" xmlns="http://www.w3.org/1999/xhtml">The current person that the quality of service requirement is assigned to.</span>
                    </mstns:PartDescription></mstns:Part><mstns:Part PartType="Field"><mstns:PartName>State</mstns:PartName><mstns:Sequence>6</mstns:Sequence><mstns:isRequired>true</mstns:isRequired><mstns:PartDescription>
                        <span style="FONT-SIZE: 10pt" xmlns="http://www.w3.org/1999/xhtml">Required. A quality of service requirement can be in the Active, Resolved, or Closed states.</span>
                    </mstns:PartDescription></mstns:Part><mstns:Part PartType="Field"><mstns:PartName>Reason</mstns:PartName><mstns:Sequence>7</mstns:Sequence><mstns:isRequired>true</mstns:isRequired><mstns:PartDescription>
                        <span style="FONT-SIZE: 10pt" xmlns="http://www.w3.org/1999/xhtml">The reason a quality of service requirement is in the current state. For example, a requirement can be in the Closed state because it was Completed.</span>
                    </mstns:PartDescription></mstns:Part><mstns:Part PartType="Field"><mstns:PartName>Description</mstns:PartName><mstns:Sequence>8</mstns:Sequence><mstns:isRequired>true</mstns:isRequired><mstns:PartDescription>
                        <div style="PADDING-RIGHT: 0in; MARGIN-TOP: 3pt; PADDING-LEFT: 0in; FONT-SIZE: 10pt; MARGIN-BOTTOM: 3pt; LINE-HEIGHT: 13pt" xmlns="http://www.w3.org/1999/xhtml">The description provides an area to describe the quality of service requirement. Provide as much detail as possible to ensure a developer can implement the requirement, and that a tester can test the <span style="FONT-SIZE: 10pt">requirement.</span>
						</div>
                    </mstns:PartDescription></mstns:Part><mstns:Part PartType="Field"><mstns:PartName>History</mstns:PartName><mstns:Sequence>9</mstns:Sequence><mstns:isRequired>true</mstns:isRequired><mstns:PartDescription>
                        <span style="FONT-SIZE: 10pt" xmlns="http://www.w3.org/1999/xhtml">This history is a running discussion about the quality of service requirement that accumulates additional written entries as changes are made. Each time a change is made to the requirement, an entry is made in the History field describing what change was made and why, as well as any additional pertinent information about the change.</span>
                    </mstns:PartDescription></mstns:Part><mstns:Part PartType="Field"><mstns:PartName>Issue</mstns:PartName><mstns:Sequence>10</mstns:Sequence><mstns:isRequired>true</mstns:isRequired><mstns:PartDescription>
                        <span style="FONT-SIZE: 10pt" xmlns="http://www.w3.org/1999/xhtml">Issue is a Yes or No value indicating if the scenario is blocked on progress. If this field is set to Yes, the scenario will display on the project manager’s issue report.</span>
                    </mstns:PartDescription></mstns:Part><mstns:Part PartType="Field"><mstns:PartName>Exit Criteria</mstns:PartName><mstns:Sequence>12</mstns:Sequence><mstns:isRequired>true</mstns:isRequired><mstns:PartDescription><span style="FONT-SIZE: 10pt" xmlns="http://www.w3.org/1999/xhtml"><span style="FONT-SIZE: 10pt" xmlns="http://www.w3.org/1999/xhtml">Exit Criteria is a Yes or No value indicating if the quality of service requirement is part of the iteration backlog. </span><span xmlns="http://www.w3.org/1999/xhtml">This field is used to synchronize the various views of the backlog (the scenario list, quality of service requirement list, and iteration plan). If the exit criteria field is set to Yes, the quality of service requirement displays in the project checklist query and work product.</span> This field will be renamed to "iteration backlog" in a future release.</span></mstns:PartDescription></mstns:Part><mstns:Part PartType="Field"><mstns:PartName>Rank</mstns:PartName><mstns:Sequence>13</mstns:Sequence><mstns:isRequired>true</mstns:isRequired><mstns:PartDescription><span style="FONT-SIZE: 10pt" xmlns="http://www.w3.org/1999/xhtml">Rank indicates how important the quality of service requirement is relative to all requirements for the software product. </span></mstns:PartDescription></mstns:Part><mstns:Part PartType="Field"><mstns:PartName>Integration Build</mstns:PartName><mstns:Sequence>14</mstns:Sequence><mstns:isRequired>true</mstns:isRequired><mstns:PartDescription>
                        <span style="FONT-SIZE: 10pt" xmlns="http://www.w3.org/1999/xhtml">The Integration Build is the build number in which the requirement is integrated by the development team.</span>
                    </mstns:PartDescription></mstns:Part><mstns:Part PartType="Field"><mstns:PartName>ID</mstns:PartName><mstns:Sequence>15</mstns:Sequence><mstns:isRequired>true</mstns:isRequired><mstns:PartDescription>
                        <span style="FONT-SIZE: 10pt" xmlns="http://www.w3.org/1999/xhtml">The ID is the unique identification number assigned to the quality of service requirement.</span>
                    </mstns:PartDescription></mstns:Part><mstns:Part PartType="Field"><mstns:PartName>Rough Order of Magnitude</mstns:PartName><mstns:Sequence>16</mstns:Sequence><mstns:isRequired>true</mstns:isRequired><mstns:PartDescription>The rough order of magnitude estimate is a measure of the complexity of the scenario or quality of service requirement. If the work item requires a half dozen or less 1-2 day development tasks to implement, choose 1. If the work item requires between a half dozen and a dozen 1-2 day development tasks to implement, choose 2. If it is larger than this, choose 3 and consider splitting the scenario or quality of service requirement.</mstns:PartDescription></mstns:Part><mstns:Part PartType="ImageMenuReference"><mstns:PartName>WorkItemImageMenuStates</mstns:PartName><mstns:Sequence>1</mstns:Sequence><mstns:isRequired>false</mstns:isRequired><mstns:PartDescription>QualityOfServiceRequirementStates</mstns:PartDescription></mstns:Part></mstns:Parts><mstns:CrossReference><mstns:CrossReferenceItem CrossType="Activity"><mstns:CrossName>Integrate Code Changes</mstns:CrossName><mstns:CrossLink>
                    </mstns:CrossLink><mstns:CrossDescription>
                    </mstns:CrossDescription></mstns:CrossReferenceItem><mstns:CrossReferenceItem CrossType="Activity"><mstns:CrossName>Select and Run a Test Case</mstns:CrossName><mstns:CrossLink>
                    </mstns:CrossLink><mstns:CrossDescription>
                    </mstns:CrossDescription></mstns:CrossReferenceItem></mstns:CrossReference><mstns:When>
            </mstns:When><mstns:Dependencies><mstns:DependencyItem><mstns:DependencyName>
                    </mstns:DependencyName><mstns:DependencyDescription>
                    </mstns:DependencyDescription></mstns:DependencyItem></mstns:Dependencies><mstns:CMMI></mstns:CMMI><mstns:Criteria></mstns:Criteria></mstns:ContentItem><mstns:ContentItem ContentType="WorkItem"><mstns:ContentOrder>1</mstns:ContentOrder><mstns:ContentName>Scenario</mstns:ContentName><mstns:ContentDescription>
                <span style="FONT-SIZE: 10pt" xmlns="http://www.w3.org/1999/xhtml">A scenario is a type of work item, recording a single path of user interaction through the system. As the persona attempts to reach a goal, the scenario records the specific steps that they will take in attempting to reach that goal. Some scenarios will record a successful path; others will record an unsuccessful one. When writing scenarios, be specific as there are many possible paths.</span>
            </mstns:ContentDescription><mstns:ContentLink>
            </mstns:ContentLink><mstns:States><mstns:StateItem><mstns:StateName>New</mstns:StateName><mstns:StateDescription>Scenarios can be created in the quality of scenarios list found in the requirements folder in the document library or by using the Team Explorer.</mstns:StateDescription><mstns:Sequence>1</mstns:Sequence><mstns:Transitions><mstns:TransitionItem TransitionType="Reason"><mstns:TransitionName>New to Active</mstns:TransitionName><mstns:TransitionDescription>
                            </mstns:TransitionDescription><mstns:Sequence>1</mstns:Sequence><mstns:Reasons><mstns:ReasonItem><mstns:ReasonName>New</mstns:ReasonName><mstns:ReasonDescription>A scenario is activated as a new scenario when it is first created.</mstns:ReasonDescription><mstns:Sequence>1</mstns:Sequence></mstns:ReasonItem></mstns:Reasons></mstns:TransitionItem></mstns:Transitions></mstns:StateItem><mstns:StateItem><mstns:StateName>Active</mstns:StateName><mstns:StateDescription>
                        <span style="FONT-SIZE: 10pt" xmlns="http://www.w3.org/1999/xhtml">Scenarios begin in the Active state. The business analyst creates the scenario, provides a descriptive title, and fills in the Description field with as much detail as possible about the scenario.</span>
                        <span style="FONT-SIZE: 10pt" xmlns="http://www.w3.org/1999/xhtml">When the scenario is fully written, the business analyst assigns it to a lead developer. The Specified field is set to Yes, and the scenario remains in the active state while it is being implemented. The lead developer coordinates efforts with other developers to implement the scenario.</span>
                    </mstns:StateDescription><mstns:Sequence>2</mstns:Sequence><mstns:Transitions><mstns:TransitionItem TransitionType="Reason"><mstns:TransitionName>Active to Resolved</mstns:TransitionName><mstns:TransitionDescription>Active to Resolved Description</mstns:TransitionDescription><mstns:Sequence>1</mstns:Sequence><mstns:Reasons><mstns:ReasonItem><mstns:ReasonName>Completed</mstns:ReasonName><mstns:ReasonDescription>
                                        <span style="FONT-SIZE: 10pt" xmlns="http://www.w3.org/1999/xhtml">A scenario is resolved as Completed when the development team completes writing code for the scenario. The lead developer assigns the scenario to a tester.</span>
                                    </mstns:ReasonDescription><mstns:Sequence>1</mstns:Sequence></mstns:ReasonItem><mstns:ReasonItem><mstns:ReasonName>Split</mstns:ReasonName><mstns:ReasonDescription>
                                        <div style="PADDING-RIGHT: 0in; MARGIN-TOP: 0in; PADDING-LEFT: 0in; FONT-SIZE: 12pt; MARGIN-BOTTOM: 0pt" xmlns="http://www.w3.org/1999/xhtml">
                                            <span style="FONT-SIZE: 10pt">A scenario is resolved as Split when further review indicates that the scenario is too large, or that it needs more granular definition. When splitting a scenario, create the new scenarios and link to them from the original scenario.</span>
                                        </div>
                                    </mstns:ReasonDescription><mstns:Sequence>2</mstns:Sequence></mstns:ReasonItem><mstns:ReasonItem><mstns:ReasonName>Deferred</mstns:ReasonName><mstns:ReasonDescription>
                                        <div style="PADDING-RIGHT: 0in; MARGIN-TOP: 0in; PADDING-LEFT: 0in; FONT-SIZE: 12pt; MARGIN-BOTTOM: 0pt" xmlns="http://www.w3.org/1999/xhtml">
                                            <span style="FONT-SIZE: 10pt">A scenario is resolved as Deferred if it cannot be implemented in the current iteration. A scenario could be deferred because the team does not have enough time, or because blocking issues were discovered. Update the Iteration field to the correct iteration in which the scenario will be implemented. If the scenario is deferred to the next software product release version, leave the Iteration field blank. Be sure to include a detailed description of why the scenario was deferred, and when it is planned to be implemented.</span>
                                        </div>
                                    </mstns:ReasonDescription><mstns:Sequence>3</mstns:Sequence></mstns:ReasonItem><mstns:ReasonItem><mstns:ReasonName>Removed</mstns:ReasonName><mstns:ReasonDescription>
                                        <div style="PADDING-RIGHT: 0in; MARGIN-TOP: 0in; PADDING-LEFT: 0in; FONT-SIZE: 12pt; MARGIN-BOTTOM: 0pt" xmlns="http://www.w3.org/1999/xhtml">
                                            <span style="FONT-SIZE: 10pt">A scenario is resolved as Removed if it is no longer deemed necessary to implement. When removing a scenario, check the Issue, and Exit Criteria fields. Typically these fields should be set to No for a removed quality of service scenario.</span>
                                        </div>
                                    </mstns:ReasonDescription><mstns:Sequence>4</mstns:Sequence></mstns:ReasonItem></mstns:Reasons></mstns:TransitionItem></mstns:Transitions></mstns:StateItem><mstns:StateItem><mstns:StateName>Resolved</mstns:StateName><mstns:StateDescription>When the scenario is implemented in code, the lead developer sets the state to Resolved. The lead developer also assigns the scenario to a tester so that testing can begin.</mstns:StateDescription><mstns:Sequence>3</mstns:Sequence><mstns:Transitions><mstns:TransitionItem TransitionType="Reason"><mstns:TransitionName>Resolved to Closed</mstns:TransitionName><mstns:TransitionDescription>
                            </mstns:TransitionDescription><mstns:Sequence>1</mstns:Sequence><mstns:Reasons><mstns:ReasonItem><mstns:ReasonName>Completed</mstns:ReasonName><mstns:ReasonDescription>
                                        <div style="PADDING-RIGHT: 0in; MARGIN-TOP: 0in; PADDING-LEFT: 0in; FONT-SIZE: 12pt; MARGIN-BOTTOM: 0pt" xmlns="http://www.w3.org/1999/xhtml">
                                            <span style="FONT-SIZE: 10pt">A scenario is closed as Completed when the tester indicates that it has passed its tests. When completing a scenario, check the Issue, and Exit Criteria fields. Typically these fields should be set to No for a completed quality of service scenario.</span>
                                        </div>
                                    </mstns:ReasonDescription><mstns:Sequence>1</mstns:Sequence></mstns:ReasonItem><mstns:ReasonItem><mstns:ReasonName>Split</mstns:ReasonName><mstns:ReasonDescription>
                                        <div style="PADDING-RIGHT: 0in; MARGIN-TOP: 0in; PADDING-LEFT: 0in; FONT-SIZE: 12pt; MARGIN-BOTTOM: 0pt" xmlns="http://www.w3.org/1999/xhtml">
                                            <span style="FONT-SIZE: 10pt">A scenario is closed as Split because further review indicated that the scenario was too large, or that it needed more granular definition.</span>
                                        </div>
                                    </mstns:ReasonDescription><mstns:Sequence>2</mstns:Sequence></mstns:ReasonItem><mstns:ReasonItem><mstns:ReasonName>Deferred</mstns:ReasonName><mstns:ReasonDescription>
                                        <div style="PADDING-RIGHT: 0in; MARGIN-TOP: 0in; PADDING-LEFT: 0in; FONT-SIZE: 12pt; MARGIN-BOTTOM: 0pt" xmlns="http://www.w3.org/1999/xhtml">
                                            <span style="FONT-SIZE: 10pt">A scenario is closed as Deferred because it could not be implemented in the current iteration.</span>
                                        </div>
                                    </mstns:ReasonDescription><mstns:Sequence>3</mstns:Sequence></mstns:ReasonItem><mstns:ReasonItem><mstns:ReasonName>Removed</mstns:ReasonName><mstns:ReasonDescription>
                                        <div style="PADDING-RIGHT: 0in; MARGIN-TOP: 0in; PADDING-LEFT: 0in; FONT-SIZE: 12pt; MARGIN-BOTTOM: 0pt" xmlns="http://www.w3.org/1999/xhtml">
                                            <span style="FONT-SIZE: 10pt">A scenario is closed as Removed because it is no longer deemed necessary to implement.</span>
                                        </div>
                                    </mstns:ReasonDescription><mstns:Sequence>4</mstns:Sequence></mstns:ReasonItem></mstns:Reasons></mstns:TransitionItem><mstns:TransitionItem TransitionType="Reason"><mstns:TransitionName>Resolved to Active</mstns:TransitionName><mstns:TransitionDescription>
                            </mstns:TransitionDescription><mstns:Sequence>1</mstns:Sequence><mstns:Reasons><mstns:ReasonItem><mstns:ReasonName>Test Failed</mstns:ReasonName><mstns:ReasonDescription>If the scenario fails to pass any tests, the tester must return the scenario to an active state and reassign it to the original lead developer. Also, the tester should create appropriate bugs for the test failures. </mstns:ReasonDescription><mstns:Sequence>1</mstns:Sequence></mstns:ReasonItem></mstns:Reasons></mstns:TransitionItem></mstns:Transitions></mstns:StateItem><mstns:StateItem><mstns:StateName>Closed</mstns:StateName><mstns:StateDescription>
                        <span style="FONT-SIZE: 10pt" xmlns="http://www.w3.org/1999/xhtml">The tester closes a scenario if it passes its tests. A scenario is also closed if it is Deferred, Removed, or Split into more scenarios.</span>
                    </mstns:StateDescription><mstns:Sequence>4</mstns:Sequence><mstns:Transitions><mstns:TransitionItem TransitionType="Reason"><mstns:TransitionName>Closed to Active</mstns:TransitionName><mstns:TransitionDescription>
                            </mstns:TransitionDescription><mstns:Sequence>1</mstns:Sequence><mstns:Reasons><mstns:ReasonItem><mstns:ReasonName>Reactivated</mstns:ReasonName><mstns:ReasonDescription>A scenario may be reactivated due to a change in functionality.</mstns:ReasonDescription><mstns:Sequence>1</mstns:Sequence></mstns:ReasonItem></mstns:Reasons></mstns:TransitionItem></mstns:Transitions></mstns:StateItem></mstns:States><mstns:Parts><mstns:Part PartType="Field"><mstns:PartName>Title</mstns:PartName><mstns:Sequence>1</mstns:Sequence><mstns:isRequired>true</mstns:isRequired><mstns:PartDescription>
                        <span style="FONT-SIZE: 10pt" xmlns="http://www.w3.org/1999/xhtml">Required. The title describes the intent of the scenario. The title should be descriptive enough to allow a business analyst to write it several iterations after it was initially conceived.</span>
                    </mstns:PartDescription></mstns:Part><mstns:Part PartType="Field"><mstns:PartName>Area</mstns:PartName><mstns:Sequence>2</mstns:Sequence><mstns:isRequired>true</mstns:isRequired><mstns:PartDescription>
                        <span style="FONT-SIZE: 10pt" xmlns="http://www.w3.org/1999/xhtml">The area is used to group the scenario into an appropriate feature or team area. The area must be a valid node in the project hierarchy.</span>
                    </mstns:PartDescription></mstns:Part><mstns:Part PartType="Field"><mstns:PartName>Iteration</mstns:PartName><mstns:Sequence>3</mstns:Sequence><mstns:isRequired>true</mstns:isRequired><mstns:PartDescription>
                        <span style="FONT-SIZE: 10pt" xmlns="http://www.w3.org/1999/xhtml">The scheduled iteration is the iteration in which the scenario is implemented in code.</span>
                    </mstns:PartDescription></mstns:Part><mstns:Part PartType="Field"><mstns:PartName>Assigned To</mstns:PartName><mstns:Sequence>5</mstns:Sequence><mstns:isRequired>true</mstns:isRequired><mstns:PartDescription>
                        <span style="FONT-SIZE: 10pt" xmlns="http://www.w3.org/1999/xhtml">The current person that the scenario is assigned to.</span>
                    </mstns:PartDescription></mstns:Part><mstns:Part PartType="Field"><mstns:PartName>State</mstns:PartName><mstns:Sequence>6</mstns:Sequence><mstns:isRequired>true</mstns:isRequired><mstns:PartDescription>
                        <span style="FONT-SIZE: 10pt" xmlns="http://www.w3.org/1999/xhtml">Required. A scenario can be in the Active, Resolved, or Closed states.</span>
                    </mstns:PartDescription></mstns:Part><mstns:Part PartType="Field"><mstns:PartName>Reason</mstns:PartName><mstns:Sequence>7</mstns:Sequence><mstns:isRequired>true</mstns:isRequired><mstns:PartDescription>
                        <span style="FONT-SIZE: 10pt" xmlns="http://www.w3.org/1999/xhtml">The reason a scenario is in the current state. For example, a scenario can be in the Closed state because it was Completed.</span>
                    </mstns:PartDescription></mstns:Part><mstns:Part PartType="Field"><mstns:PartName>Description</mstns:PartName><mstns:Sequence>8</mstns:Sequence><mstns:isRequired>true</mstns:isRequired><mstns:PartDescription>
                        <span style="FONT-SIZE: 10pt" xmlns="http://www.w3.org/1999/xhtml">The description should be a high level outline of the scenario. The full scenario should be described in a scenario work product.</span>
                    </mstns:PartDescription></mstns:Part><mstns:Part PartType="Field"><mstns:PartName>History</mstns:PartName><mstns:Sequence>9</mstns:Sequence><mstns:isRequired>true</mstns:isRequired><mstns:PartDescription>
                        <span style="FONT-SIZE: 10pt" xmlns="http://www.w3.org/1999/xhtml">This history is a running discussion about the scenario that accumulates additional written entries as changes are made. Each time a change is made to the scenario, an entry is made in the History field describing what change was made and why, as well as any additional pertinent information about the change.</span>
                    </mstns:PartDescription></mstns:Part><mstns:Part PartType="Field"><mstns:PartName>Issue</mstns:PartName><mstns:Sequence>10</mstns:Sequence><mstns:isRequired>true</mstns:isRequired><mstns:PartDescription>
                        <span style="FONT-SIZE: 10pt" xmlns="http://www.w3.org/1999/xhtml">Issue is a Yes or No value indicating if the scenario is blocked on progress. If this field is set to Yes, the scenario will show up on the project manager’s issue report.</span>
                    </mstns:PartDescription></mstns:Part><mstns:Part PartType="Field"><mstns:PartName>Exit Criteria</mstns:PartName><mstns:Sequence>12</mstns:Sequence><mstns:isRequired>true</mstns:isRequired><mstns:PartDescription><span style="FONT-SIZE: 10pt" xmlns="http://www.w3.org/1999/xhtml">Exit Criteria is a Yes or No value indicating if the scenario is part of the iteration backlog. </span><span xmlns="http://www.w3.org/1999/xhtml">This field is used to synchronize the various views of the backlog (the scenario list, quality of service requirement list, and iteration plan). If the exit criteria field is set to Yes, the scenario displays in the project checklist query and work product.</span> This field will be renamed to "iteration backlog" in a future release.</mstns:PartDescription></mstns:Part><mstns:Part PartType="Field"><mstns:PartName>Rank</mstns:PartName><mstns:Sequence>13</mstns:Sequence><mstns:isRequired>true</mstns:isRequired><mstns:PartDescription><span style="FONT-SIZE: 10pt" xmlns="http://www.w3.org/1999/xhtml">Rank indicates how important the scenario is relative to all scenarios for the software product. </span></mstns:PartDescription></mstns:Part><mstns:Part PartType="Field"><mstns:PartName>Integration Build</mstns:PartName><mstns:Sequence>14</mstns:Sequence><mstns:isRequired>true</mstns:isRequired><mstns:PartDescription>
                        <span style="FONT-SIZE: 10pt" xmlns="http://www.w3.org/1999/xhtml">The Integration Build is the build number in which the scenario is integrated by the development team.</span>
                    </mstns:PartDescription></mstns:Part><mstns:Part PartType="Field"><mstns:PartName>ID</mstns:PartName><mstns:Sequence>15</mstns:Sequence><mstns:isRequired>true</mstns:isRequired><mstns:PartDescription>
                        <span style="FONT-SIZE: 10pt" xmlns="http://www.w3.org/1999/xhtml">The ID is the unique identification number assigned to the scenario.</span>
                    </mstns:PartDescription></mstns:Part><mstns:Part PartType="Field"><mstns:PartName>Rough Order of Magnitude</mstns:PartName><mstns:Sequence>16</mstns:Sequence><mstns:isRequired>true</mstns:isRequired><mstns:PartDescription>The rough order of magnitude estimate is a measure of the complexity of the scenario or quality of service requirement. If the work item requires a half dozen or less 1-2 day development tasks to implement, choose 1. If the work item requires between a half dozen and a dozen 1-2 day development tasks to implement, choose 2. If it is larger than this, choose 3 and consider splitting the scenario or quality of service requirement.</mstns:PartDescription></mstns:Part><mstns:Part PartType="ImageMenuReference"><mstns:PartName>WorkItemImageMenuStates</mstns:PartName><mstns:Sequence>1</mstns:Sequence><mstns:isRequired>false</mstns:isRequired><mstns:PartDescription>ScenarioStates</mstns:PartDescription></mstns:Part></mstns:Parts><mstns:CrossReference><mstns:CrossReferenceItem CrossType="WorkItem"><mstns:CrossName>Integrate Code Changes</mstns:CrossName><mstns:CrossLink>
                    </mstns:CrossLink><mstns:CrossDescription>
                    </mstns:CrossDescription></mstns:CrossReferenceItem><mstns:CrossReferenceItem CrossType="Activity"><mstns:CrossName>Select and Run a Test Case</mstns:CrossName><mstns:CrossLink>
                    </mstns:CrossLink><mstns:CrossDescription>
                    </mstns:CrossDescription></mstns:CrossReferenceItem></mstns:CrossReference><mstns:When>
            </mstns:When><mstns:Dependencies><mstns:DependencyItem><mstns:DependencyName>
                    </mstns:DependencyName><mstns:DependencyDescription>
                    </mstns:DependencyDescription></mstns:DependencyItem></mstns:Dependencies><mstns:CMMI></mstns:CMMI><mstns:Criteria></mstns:Criteria></mstns:ContentItem><mstns:ContentItem ContentType="WorkItem"><mstns:ContentOrder>5</mstns:ContentOrder><mstns:ContentName>Risk</mstns:ContentName><mstns:ContentDescription>
                <div style="PADDING-RIGHT: 0in; MARGIN-TOP: 0in; PADDING-LEFT: 0in; MARGIN-BOTTOM: 0pt" xmlns="http://www.w3.org/1999/xhtml">An essential aspect of project management is to identify and manage the inherent risks of a project. A risk is any probable event or condition that can have a potentially negative outcome on the project in the future. A risk work item documents and tracks the technical or organizational risks of a project. When concrete action is required, these risks may translate into tasks to be performed to mitigate the risk. For example, a technical risk can set off an architectural prototyping effort. The team should always regard risk identification in a positive way to ensure contribution of as much information as possible about the risks it faces. The environment should be such that individuals identifying risks can do so without fear of retribution for honest expression of tentative or controversial views. Teams creating a positive risk management environment will be more successful at identifying and addressing risks earlier than those teams operating in a negative risk environment.</div>
            </mstns:ContentDescription><mstns:ContentLink>
            </mstns:ContentLink><mstns:States><mstns:StateItem><mstns:StateName>New</mstns:StateName><mstns:StateDescription>A new risk work item can be created whenever a new risk is identified. These new work items should contain a title and description that clearly states the potential adverse outcome. The potential impact should be selected. New risks can be created by any team member and should be assigned to the person who will track the risk until it is closed or reassigned.</mstns:StateDescription><mstns:Sequence>1</mstns:Sequence><mstns:Transitions><mstns:TransitionItem TransitionType="Reason"><mstns:TransitionName>New to Active</mstns:TransitionName><mstns:TransitionDescription>A new risk work item can be created whenever a potential risk may impact the project. To create a new risk work item, use the new work item menu in Team Explorer.</mstns:TransitionDescription><mstns:Sequence>1</mstns:Sequence><mstns:Reasons><mstns:ReasonItem><mstns:ReasonName>New</mstns:ReasonName><mstns:ReasonDescription>A new risk work item can be created whenever a potential risk may impact the project. To create a new risk work item, use the new work item menu in the team explorer.</mstns:ReasonDescription><mstns:Sequence>1</mstns:Sequence></mstns:ReasonItem></mstns:Reasons></mstns:TransitionItem></mstns:Transitions></mstns:StateItem><mstns:StateItem><mstns:StateName>Active</mstns:StateName><mstns:StateDescription>When a new risk is created using Team Explorer, the state is automatically set to Active. An active risk indicates there is some potential, unrealized event that could impact the project. All risks should be assigned to an owner. </mstns:StateDescription><mstns:Sequence>2</mstns:Sequence><mstns:Transitions><mstns:TransitionItem TransitionType="Reason"><mstns:TransitionName>Active to Closed</mstns:TransitionName><mstns:TransitionDescription>
                            </mstns:TransitionDescription><mstns:Sequence>1</mstns:Sequence><mstns:Reasons><mstns:ReasonItem><mstns:ReasonName>Mitigated</mstns:ReasonName><mstns:ReasonDescription>A risk may be closed as Mitigated when some actions performed ahead of time to prevent the risk from occurring altogether or to reduce the impact or consequences of its occurring to an acceptable level.</mstns:ReasonDescription><mstns:Sequence>1</mstns:Sequence></mstns:ReasonItem><mstns:ReasonItem><mstns:ReasonName>Inactive</mstns:ReasonName><mstns:ReasonDescription>A risk may be closed as Inactive when the probability of the risk occurring drops low enough to be negligible. No actions need to be performed.</mstns:ReasonDescription><mstns:Sequence>2</mstns:Sequence></mstns:ReasonItem><mstns:ReasonItem><mstns:ReasonName>Transferred</mstns:ReasonName><mstns:ReasonDescription>A risk may be closed as Transferred when it may be moved outside the project. The risk has not been eliminated. It is no longer in the scope of the current project. Example methods of transferred risk include: moving the risk to next release, using external consultants, or purchasing a component instead of building it.</mstns:ReasonDescription><mstns:Sequence>3</mstns:Sequence></mstns:ReasonItem><mstns:ReasonItem><mstns:ReasonName>Accepted</mstns:ReasonName><mstns:ReasonDescription>Some risks are such that it is simply not feasible to intervene with effective preventative or corrective measures. The team elects simply to accept the risk in order to realize the opportunity. In these cases, the risk may be closed as Accepted.</mstns:ReasonDescription><mstns:Sequence>4</mstns:Sequence></mstns:ReasonItem><mstns:ReasonItem><mstns:ReasonName>Avoided</mstns:ReasonName><mstns:ReasonDescription>A risk may no longer be valid because of a change to the project or the risk itself. The risk may have failed to materialize and thus the project can stop tracking it. The risk work item can be closed as Avoided.</mstns:ReasonDescription><mstns:Sequence>5</mstns:Sequence></mstns:ReasonItem></mstns:Reasons></mstns:TransitionItem></mstns:Transitions></mstns:StateItem><mstns:StateItem><mstns:StateName>Closed</mstns:StateName><mstns:StateDescription>A risk that is closed is no longer a threat to the project. However, a risk that was closed during an iteration may be worth discussing in the iteration retrospective. </mstns:StateDescription><mstns:Sequence>3</mstns:Sequence><mstns:Transitions><mstns:TransitionItem TransitionType="Reason"><mstns:TransitionName>Closed to Active</mstns:TransitionName><mstns:TransitionDescription>
                            </mstns:TransitionDescription><mstns:Sequence>1</mstns:Sequence><mstns:Reasons><mstns:ReasonItem><mstns:ReasonName>Reactivated</mstns:ReasonName><mstns:ReasonDescription>A risk may reappear and be reactivated. When a risk is reactivated, move the state from Closed to Active.</mstns:ReasonDescription><mstns:Sequence>1</mstns:Sequence></mstns:ReasonItem></mstns:Reasons></mstns:TransitionItem></mstns:Transitions></mstns:StateItem></mstns:States><mstns:Parts><mstns:Part PartType="Field"><mstns:PartName>Title</mstns:PartName><mstns:Sequence>1</mstns:Sequence><mstns:isRequired>true</mstns:isRequired><mstns:PartDescription>
                        <div class="p1c" xmlns="http://www.w3.org/1999/xhtml">Required. The title provides a concise overview of the risk that may occur. The title should be descriptive enough to allow the team to understand what the potential risk is.</div>
                    </mstns:PartDescription></mstns:Part><mstns:Part PartType="Field"><mstns:PartName>Area</mstns:PartName><mstns:Sequence>2</mstns:Sequence><mstns:isRequired>true</mstns:isRequired><mstns:PartDescription>
                        <div class="p1c" xmlns="http://www.w3.org/1999/xhtml">
                            <span style="FONT-SIZE: 10pt">The area is used to group the risk into an appropriate feature or team area. The area must be a valid node in the project hierarchy.</span>
                        </div>
                    </mstns:PartDescription></mstns:Part><mstns:Part PartType="Field"><mstns:PartName>Assigned To</mstns:PartName><mstns:Sequence>3</mstns:Sequence><mstns:isRequired>true</mstns:isRequired><mstns:PartDescription>
                        <span xmlns="http://www.w3.org/1999/xhtml">The current person that the risk is assigned to. Generally, it is a project manager or an architect but may be any of the project team members.</span>
                    </mstns:PartDescription></mstns:Part><mstns:Part PartType="Field"><mstns:PartName>Severity</mstns:PartName><mstns:Sequence>4</mstns:Sequence><mstns:isRequired>true</mstns:isRequired><mstns:PartDescription>
                        <div style="PADDING-RIGHT: 0in; MARGIN-TOP: 0in; PADDING-LEFT: 0in; MARGIN-BOTTOM: 0pt" xmlns="http://www.w3.org/1999/xhtml">
                            <span>The severity is an estimate of the impact (Low, Medium, High, or Critical) of adverse effects, magnitude of loss, or the potential opportunity cost should the risk be realized within the project.</span>
                        </div>
                    </mstns:PartDescription></mstns:Part><mstns:Part PartType="Field"><mstns:PartName>Reason</mstns:PartName><mstns:Sequence>5</mstns:Sequence><mstns:isRequired>true</mstns:isRequired><mstns:PartDescription>
                        <div style="PADDING-RIGHT: 0in; MARGIN-TOP: 0in; PADDING-LEFT: 0in; FONT-SIZE: 12pt; MARGIN-BOTTOM: 0pt" xmlns="http://www.w3.org/1999/xhtml">
                            <span style="FONT-SIZE: 10pt">The reason a risk is in the current state. For example, a risk can be in the Closed state because it was Avoided.</span>
                        </div>
                    </mstns:PartDescription></mstns:Part><mstns:Part PartType="Field"><mstns:PartName>State</mstns:PartName><mstns:Sequence>6</mstns:Sequence><mstns:isRequired>true</mstns:isRequired><mstns:PartDescription>
                        <div style="PADDING-RIGHT: 0in; MARGIN-TOP: 0in; PADDING-LEFT: 0in; FONT-SIZE: 12pt; MARGIN-BOTTOM: 0pt" xmlns="http://www.w3.org/1999/xhtml">
                            <span style="FONT-SIZE: 10pt">Required. A risk can be in the Active or Closed states.</span>
                        </div>
                    </mstns:PartDescription></mstns:Part><mstns:Part PartType="Field"><mstns:PartName>Iteration</mstns:PartName><mstns:Sequence>7</mstns:Sequence><mstns:isRequired>true</mstns:isRequired><mstns:PartDescription>
                        <span xmlns="http://www.w3.org/1999/xhtml">
                            <span style="FONT-SIZE: 10pt">The iteration in which the risk could be realized.</span>
                        </span>
                    </mstns:PartDescription></mstns:Part><mstns:Part PartType="Field"><mstns:PartName>Priority</mstns:PartName><mstns:Sequence>8</mstns:Sequence><mstns:isRequired>true</mstns:isRequired><mstns:PartDescription>
                        <span xmlns="http://www.w3.org/1999/xhtml">The priority describes the importance of a risk in relation to other risks and is useful for prioritizing which risks to mitigate.</span>
                    </mstns:PartDescription></mstns:Part><mstns:Part PartType="Field"><mstns:PartName>Links</mstns:PartName><mstns:Sequence>9</mstns:Sequence><mstns:isRequired>true</mstns:isRequired><mstns:PartDescription>
                        <span xmlns="http://www.w3.org/1999/xhtml">Links to related work items, hyperlinks, changesets, or source code files.</span>
                    </mstns:PartDescription></mstns:Part><mstns:Part PartType="Field"><mstns:PartName>File Attachments</mstns:PartName><mstns:Sequence>10</mstns:Sequence><mstns:isRequired>true</mstns:isRequired><mstns:PartDescription>
                        <span xmlns="http://www.w3.org/1999/xhtml">Attach related files providing additional documentation around the risk.</span>
                    </mstns:PartDescription></mstns:Part><mstns:Part PartType="Field"><mstns:PartName>Issue</mstns:PartName><mstns:Sequence>11</mstns:Sequence><mstns:isRequired>true</mstns:isRequired><mstns:PartDescription>
                        <span xmlns="http://www.w3.org/1999/xhtml">Issue is a Yes or No value indicating if the risk is blocked in some manner. If this field is set to Yes, the task displays on the project manager's issue report.</span>
                    </mstns:PartDescription></mstns:Part><mstns:Part PartType="Field"><mstns:PartName>Exit Criteria</mstns:PartName><mstns:Sequence>12</mstns:Sequence><mstns:isRequired>true</mstns:isRequired><mstns:PartDescription><span xmlns="http://www.w3.org/1999/xhtml"><span style="FONT-SIZE: 10pt"><span style="FONT-SIZE: 10pt">Exit Criteria is a Yes or No value indicating if the risk is part of the iteration backlog. </span>This field is used to synchronize the various views of the backlog (the scenario list, quality of service requirement list, and iteration plan). If the exit criteria field is set to Yes, the risk displays in the project checklist query and work product. This field will be renamed to "iteration backlog" in a future release.</span></span></mstns:PartDescription></mstns:Part><mstns:Part PartType="Field"><mstns:PartName>Description</mstns:PartName><mstns:Sequence>13</mstns:Sequence><mstns:isRequired>true</mstns:isRequired><mstns:PartDescription>This field provides a description of the risk, any project exposure, and potential mitigations.</mstns:PartDescription></mstns:Part><mstns:Part PartType="Field"><mstns:PartName>History</mstns:PartName><mstns:Sequence>14</mstns:Sequence><mstns:isRequired>true</mstns:isRequired><mstns:PartDescription>The history field contains the set of changes to the work item.</mstns:PartDescription></mstns:Part><mstns:Part PartType="State"><mstns:PartName>New</mstns:PartName><mstns:Sequence>1</mstns:Sequence><mstns:isRequired>false</mstns:isRequired><mstns:PartDescription>A new risk work item can be created whenever a potential risk may impact the project. To create a new risk work item, use the new work item menu in the team explorer.</mstns:PartDescription></mstns:Part><mstns:Part PartType="State"><mstns:PartName>Active</mstns:PartName><mstns:Sequence>2</mstns:Sequence><mstns:isRequired>false</mstns:isRequired><mstns:PartDescription>When a new risk is created using the Team Explorer, the state, or status, is automatically set to active. An active risk indicates there is some potential, unrealized event that could impact the project. All risks should be assigned to an owner. </mstns:PartDescription></mstns:Part><mstns:Part PartType="State"><mstns:PartName>Closed</mstns:PartName><mstns:Sequence>3</mstns:Sequence><mstns:isRequired>false</mstns:isRequired><mstns:PartDescription>A closed risk means that the risk no longer represents a possible outcome for the project.</mstns:PartDescription></mstns:Part><mstns:Part PartType="Transition"><mstns:PartName>Active to Closed</mstns:PartName><mstns:Sequence>1</mstns:Sequence><mstns:isRequired>false</mstns:isRequired><mstns:PartDescription>
                        <span xmlns="http://www.w3.org/1999/xhtml">
                            <font style="FONT-SIZE: 10pt">A risk may be closed for many reasons such as being resolved, inactive, transferred, accepted, or avoided. A technical risk may resolved through an architectural prototype, development effort, or tests. Other types of risk such as organizational risk may fall outside of a software development process or require adaptation of the process.</font>
                        </span>
                    </mstns:PartDescription></mstns:Part><mstns:Part PartType="Transition"><mstns:PartName>Closed to Active</mstns:PartName><mstns:Sequence>2</mstns:Sequence><mstns:isRequired>false</mstns:isRequired><mstns:PartDescription>A risk may reappear and thus be reopened. </mstns:PartDescription></mstns:Part><mstns:Part PartType="ImageMenuReference"><mstns:PartName>WorkItemImageMenuStates</mstns:PartName><mstns:Sequence>1</mstns:Sequence><mstns:isRequired>false</mstns:isRequired><mstns:PartDescription>RiskStates</mstns:PartDescription></mstns:Part></mstns:Parts><mstns:RACI/><mstns:Verification></mstns:Verification><mstns:CrossReference><mstns:CrossReferenceItem CrossType="Activity"><mstns:CrossName>Create Architectural Prototype</mstns:CrossName><mstns:CrossLink>
                    </mstns:CrossLink><mstns:CrossDescription>Create Architectural Prototype</mstns:CrossDescription></mstns:CrossReferenceItem></mstns:CrossReference><mstns:Dependencies><mstns:DependencyItem><mstns:DependencyName>
                    </mstns:DependencyName><mstns:DependencyDescription>
                    </mstns:DependencyDescription></mstns:DependencyItem></mstns:Dependencies><mstns:CMMI></mstns:CMMI><mstns:Criteria></mstns:Criteria></mstns:ContentItem><mstns:ContentItem ContentType="WorkItem"><mstns:ContentOrder>3</mstns:ContentOrder><mstns:ContentName>Task</mstns:ContentName><mstns:ContentDescription>
                <div xmlns="http://www.w3.org/1999/xhtml">
                    <span>A task work item communicates the need to do some work. Each role has its own requirements for a task. For example, a developer uses development tasks to assign work derived from scenarios or quality of service requirements to component owners. The tester uses test tasks to assign the job of writing and running test cases. A task can also be used to signal regressions or to suggest that exploratory testing be performed. Finally, a task can be used generically to assign work within the project. On the work item form, certain</span> fields are used only in cases when a task relates to a particular role.</div>
            </mstns:ContentDescription><mstns:ContentLink>
            </mstns:ContentLink><mstns:States><mstns:StateItem><mstns:StateName>New</mstns:StateName><mstns:StateDescription>A new task work item can be created whenever new work is identified that needs to be done. There are three types of tasks. Development tasks identify development work to be done as part of implementing scenarios, quality of service requirements, or architecture. Test tasks identify testing to be completed. Tasks can be used to identify work outside of these two areas. To create a new task work item, use Team Explorer.</mstns:StateDescription><mstns:Sequence>1</mstns:Sequence><mstns:Transitions><mstns:TransitionItem TransitionType="Reason"><mstns:TransitionName>New to Active</mstns:TransitionName><mstns:TransitionDescription>
                            </mstns:TransitionDescription><mstns:Sequence>1</mstns:Sequence><mstns:Reasons><mstns:ReasonItem><mstns:ReasonName>New</mstns:ReasonName><mstns:ReasonDescription>A task is activated as a new task when it is first created.</mstns:ReasonDescription><mstns:Sequence>1</mstns:Sequence></mstns:ReasonItem></mstns:Reasons></mstns:TransitionItem></mstns:Transitions></mstns:StateItem><mstns:StateItem><mstns:StateName>Active</mstns:StateName><mstns:StateDescription>
                        <div xmlns="http://www.w3.org/1999/xhtml">When a new task is created using Team Explorer, the state, or status, is automatically set to active. An active task indicates there is some element of work to be done. All tasks should be assigned to an owner and a discipline if they are development or test tasks. </div>
                    </mstns:StateDescription><mstns:Sequence>2</mstns:Sequence><mstns:Transitions><mstns:TransitionItem TransitionType="Reason"><mstns:TransitionName>Active to Closed</mstns:TransitionName><mstns:TransitionDescription>
                            </mstns:TransitionDescription><mstns:Sequence>1</mstns:Sequence><mstns:Reasons><mstns:ReasonItem><mstns:ReasonName>Completed</mstns:ReasonName><mstns:ReasonDescription>A task is closed as Completed when there is no further work to be done.</mstns:ReasonDescription><mstns:Sequence>1</mstns:Sequence></mstns:ReasonItem><mstns:ReasonItem><mstns:ReasonName>Deferred</mstns:ReasonName><mstns:ReasonDescription>
                                        <div style="PADDING-RIGHT: 0in; MARGIN-TOP: 0in; PADDING-LEFT: 0in; FONT-SIZE: 12pt; MARGIN-BOTTOM: 0pt" xmlns="http://www.w3.org/1999/xhtml">
                                            <span style="FONT-SIZE: 10pt">A task is closed as Deferred if it cannot be implemented in the current iteration. A task could be deferred because the team does not have enough time, or because blocking issues were discovered. Update the Iteration field to the correct iteration in which the task will be implemented.</span>
                                        </div>
                                    </mstns:ReasonDescription><mstns:Sequence>2</mstns:Sequence></mstns:ReasonItem><mstns:ReasonItem><mstns:ReasonName>Obsolete</mstns:ReasonName><mstns:ReasonDescription>A task is closed as Obsolete if the work it represents is no longer applicable to completion of the product.</mstns:ReasonDescription><mstns:Sequence>3</mstns:Sequence></mstns:ReasonItem><mstns:ReasonItem><mstns:ReasonName>Cut</mstns:ReasonName><mstns:ReasonDescription>A development task or test task is closed as Cut if the functionality for that task is removed from the product. </mstns:ReasonDescription><mstns:Sequence>4</mstns:Sequence></mstns:ReasonItem></mstns:Reasons></mstns:TransitionItem></mstns:Transitions></mstns:StateItem><mstns:StateItem><mstns:StateName>Closed</mstns:StateName><mstns:StateDescription>
                        <div style="PADDING-RIGHT: 0in; MARGIN-TOP: 0in; PADDING-LEFT: 0in; MARGIN-BOTTOM: 0pt" xmlns="http://www.w3.org/1999/xhtml">A closed task means that no further work is to be done for the current product version. A development task is closed after the code changes have been integrated. A test task is closed when all of the tests are complete for that area.</div>
                    </mstns:StateDescription><mstns:Sequence>3</mstns:Sequence><mstns:Transitions><mstns:TransitionItem TransitionType="Reason"><mstns:TransitionName>Closed to Active</mstns:TransitionName><mstns:TransitionDescription>
                            </mstns:TransitionDescription><mstns:Sequence>1</mstns:Sequence><mstns:Reasons><mstns:ReasonItem><mstns:ReasonName>Reactivated</mstns:ReasonName><mstns:ReasonDescription>A development task or test task may be reactivated due to a change in functionality.</mstns:ReasonDescription><mstns:Sequence>1</mstns:Sequence></mstns:ReasonItem></mstns:Reasons></mstns:TransitionItem></mstns:Transitions></mstns:StateItem></mstns:States><mstns:Parts><mstns:Part PartType="Field"><mstns:PartName>Title</mstns:PartName><mstns:Sequence>1</mstns:Sequence><mstns:isRequired>false</mstns:isRequired><mstns:PartDescription>
                        <span xmlns="http://www.w3.org/1999/xhtml">Required. The title provides a concise overview of the task to be completed. The title should be descriptive enough to allow the team to understand what area of the product is affected and how it is affected.</span>
                    </mstns:PartDescription></mstns:Part><mstns:Part PartType="Field"><mstns:PartName>Discipline</mstns:PartName><mstns:Sequence>2</mstns:Sequence><mstns:isRequired>false</mstns:isRequired><mstns:PartDescription>
                        <span xmlns="http://www.w3.org/1999/xhtml">Indicates whether the task is a development task, test task, or just an ordinary task. Setting the Discipline field to development or test carries a distinct meaning about the state of the work when the task is closed.</span>
                    </mstns:PartDescription></mstns:Part><mstns:Part PartType="Field"><mstns:PartName>Area</mstns:PartName><mstns:Sequence>3</mstns:Sequence><mstns:isRequired>false</mstns:isRequired><mstns:PartDescription>
                        <span xmlns="http://www.w3.org/1999/xhtml">Used to group the task into an appropriate feature or team area. The area must be a valid node in the project hierarchy.</span>
                    </mstns:PartDescription></mstns:Part><mstns:Part PartType="Field"><mstns:PartName>Iteration</mstns:PartName><mstns:Sequence>4</mstns:Sequence><mstns:isRequired>false</mstns:isRequired><mstns:PartDescription>
                        <span xmlns="http://www.w3.org/1999/xhtml">The scheduled iteration is the iteration in which the bug report is fixed.</span>
                    </mstns:PartDescription></mstns:Part><mstns:Part PartType="Field"><mstns:PartName>Assigned To</mstns:PartName><mstns:Sequence>5</mstns:Sequence><mstns:isRequired>false</mstns:isRequired><mstns:PartDescription>
                        <span xmlns="http://www.w3.org/1999/xhtml">The current person that the task is assigned to.</span>
                    </mstns:PartDescription></mstns:Part><mstns:Part PartType="Field"><mstns:PartName>State</mstns:PartName><mstns:Sequence>6</mstns:Sequence><mstns:isRequired>false</mstns:isRequired><mstns:PartDescription>
                        <span xmlns="http://www.w3.org/1999/xhtml">Required. A task can be in the Active or Closed states.</span>
                    </mstns:PartDescription></mstns:Part><mstns:Part PartType="Field"><mstns:PartName>Reason</mstns:PartName><mstns:Sequence>7</mstns:Sequence><mstns:isRequired>false</mstns:isRequired><mstns:PartDescription>
                        <span xmlns="http://www.w3.org/1999/xhtml">Required. The reason a task is in the current state.  For example, a task may be Closed because it is Completed, Deferred, Cut, Deferred, or Obsolete.</span>
                    </mstns:PartDescription></mstns:Part><mstns:Part PartType="Field"><mstns:PartName>Rank</mstns:PartName><mstns:Sequence>8</mstns:Sequence><mstns:isRequired>false</mstns:isRequired><mstns:PartDescription>
                        <span xmlns="http://www.w3.org/1999/xhtml">Required. The rank field is a subjective importance rating. If the rank field is set to 1, the task is a must have task and should be completed as soon as possible. If the rank is set to 2, the task is a should have, to be completed following all tasks ranked 1. If the rank is set to 3, the task is a could have, to be completed after tasks ranked 1 and 2.</span>
                    </mstns:PartDescription></mstns:Part><mstns:Part PartType="Field"><mstns:PartName>Summary</mstns:PartName><mstns:Sequence>9</mstns:Sequence><mstns:isRequired>false</mstns:isRequired><mstns:PartDescription>
                        <span xmlns="http://www.w3.org/1999/xhtml">A short summary of the task.</span>
                    </mstns:PartDescription></mstns:Part><mstns:Part PartType="Field"><mstns:PartName>Detailed Description and History</mstns:PartName><mstns:Sequence>10</mstns:Sequence><mstns:isRequired>false</mstns:isRequired><mstns:PartDescription>
                        <span xmlns="http://www.w3.org/1999/xhtml">Details and history of the work item.</span>
                    </mstns:PartDescription></mstns:Part><mstns:Part PartType="Field"><mstns:PartName>File Attachments</mstns:PartName><mstns:Sequence>11</mstns:Sequence><mstns:isRequired>false</mstns:isRequired><mstns:PartDescription>
                        <span xmlns="http://www.w3.org/1999/xhtml">Links to files or other work items. In the case of a development or test task, the supporting scenario or quality of service requirement should be attached. It also contains any attachments such as notes on the task.</span>
                    </mstns:PartDescription></mstns:Part><mstns:Part PartType="Field"><mstns:PartName>Issue</mstns:PartName><mstns:Sequence>12</mstns:Sequence><mstns:isRequired>false</mstns:isRequired><mstns:PartDescription>
                        <span xmlns="http://www.w3.org/1999/xhtml">Issue is a Yes or No value indicating if the task is blocked in some manner. If this field is set to Yes, the task displays on the project manager’s issue report.</span>
                    </mstns:PartDescription></mstns:Part><mstns:Part PartType="Field"><mstns:PartName>Exit Criteria</mstns:PartName><mstns:Sequence>13</mstns:Sequence><mstns:isRequired>false</mstns:isRequired><mstns:PartDescription><span xmlns="http://www.w3.org/1999/xhtml"><span style="FONT-SIZE: 10pt" xmlns="http://www.w3.org/1999/xhtml"><span style="FONT-SIZE: 10pt">Exit Criteria is a Yes or No value indicating if the task is part of the iteration backlog. </span>This field is used to synchronize the various views of the backlog (the scenario list, quality of service requirement list, and iteration plan). If the exit criteria field is set to Yes, the task displays in the project checklist query and work product. This field will be renamed to "iteration backlog" in a future release.</span></span></mstns:PartDescription></mstns:Part><mstns:Part PartType="Field"><mstns:PartName>Integration Build</mstns:PartName><mstns:Sequence>14</mstns:Sequence><mstns:isRequired>false</mstns:isRequired><mstns:PartDescription>
                        <span xmlns="http://www.w3.org/1999/xhtml">The changes for a development task appear in the build number displayed.</span>
                    </mstns:PartDescription></mstns:Part><mstns:Part PartType="Field"><mstns:PartName>Remaining Work (hours)</mstns:PartName><mstns:Sequence>15</mstns:Sequence><mstns:isRequired>false</mstns:isRequired><mstns:PartDescription>
                        <span xmlns="http://www.w3.org/1999/xhtml">The amount of work that remains to finish the task. This field is synchronized with Microsoft Project and can be used when the Microsoft Project version of the iteration plan is chosen.</span>
                    </mstns:PartDescription></mstns:Part><mstns:Part PartType="Field"><mstns:PartName>Completed Work (hours)</mstns:PartName><mstns:Sequence>16</mstns:Sequence><mstns:isRequired>false</mstns:isRequired><mstns:PartDescription>
                        <span xmlns="http://www.w3.org/1999/xhtml">The amount of work completed on a task. This field is synchronized with Microsoft Project and can be used when the Microsoft Project version of the iteration plan is chosen.</span>
                    </mstns:PartDescription></mstns:Part><mstns:Part PartType="ImageMenuReference"><mstns:PartName>WorkItemImageMenuStates</mstns:PartName><mstns:Sequence>17</mstns:Sequence><mstns:isRequired>false</mstns:isRequired><mstns:PartDescription>TaskStates</mstns:PartDescription></mstns:Part></mstns:Parts><mstns:RACI></mstns:RACI><mstns:CrossReference><mstns:CrossReferenceItem CrossType="Activity"><mstns:CrossName>Integrate Code Changes</mstns:CrossName><mstns:CrossLink>
                    </mstns:CrossLink><mstns:CrossDescription>
                    </mstns:CrossDescription></mstns:CrossReferenceItem><mstns:CrossReferenceItem CrossType="Activity"><mstns:CrossName>Select and Run a Test Case</mstns:CrossName><mstns:CrossLink>
                    </mstns:CrossLink><mstns:CrossDescription>Select and Run a Test Case</mstns:CrossDescription></mstns:CrossReferenceItem><mstns:CrossReferenceItem CrossType="Activity"><mstns:CrossName>Divide Scenarios into Tasks</mstns:CrossName><mstns:CrossLink>
                    </mstns:CrossLink><mstns:CrossDescription>Divide Scenarios into Tasks</mstns:CrossDescription></mstns:CrossReferenceItem><mstns:CrossReferenceItem CrossType="Activity"><mstns:CrossName>Divide Quality of Service Requirements into Tasks</mstns:CrossName><mstns:CrossLink>
                    </mstns:CrossLink><mstns:CrossDescription>Divide Quality of Service Requirements into Tasks</mstns:CrossDescription></mstns:CrossReferenceItem></mstns:CrossReference><mstns:Dependencies><mstns:DependencyItem><mstns:DependencyName>
                    </mstns:DependencyName><mstns:DependencyDescription>
                    </mstns:DependencyDescription></mstns:DependencyItem></mstns:Dependencies><mstns:CMMI></mstns:CMMI><mstns:Criteria></mstns:Criteria></mstns:ContentItem></mstns:Content><mstns:NavStructure><mstns:Menu><mstns:MenuName>
            </mstns:MenuName><mstns:MenuItem><mstns:MenuItemName>
                </mstns:MenuItemName><mstns:MenuItemTransform>
                </mstns:MenuItemTransform><mstns:MenuItemDescription>
                </mstns:MenuItemDescription></mstns:MenuItem></mstns:Menu><mstns:ImageMenu></mstns:ImageMenu><mstns:BulletMenu><mstns:MenuName>
            </mstns:MenuName><mstns:MenuItem><mstns:MenuItemName>
                </mstns:MenuItemName><mstns:MenuItemTransform>
                </mstns:MenuItemTransform><mstns:MenuBulletImage>
                </mstns:MenuBulletImage><mstns:MenuItemDescription>
                </mstns:MenuItemDescription></mstns:MenuItem></mstns:BulletMenu></mstns:NavStructure><mstns:Glossary><mstns:GlossaryName>Glossary</mstns:GlossaryName><mstns:GlossaryItem><mstns:Term>
            </mstns:Term><mstns:Definition>
            </mstns:Definition><mstns:Reference>
            </mstns:Reference></mstns:GlossaryItem></mstns:Glossary><mstns:HelpContextMap><mstns:MapItem><mstns:Keyword>
            </mstns:Keyword><mstns:Context>
            </mstns:Context><mstns:ContentName>
            </mstns:ContentName></mstns:MapItem></mstns:HelpContextMap><mstns:Index><mstns:IndexItem><mstns:Keyword>
            </mstns:Keyword><mstns:ContentName>
            </mstns:ContentName></mstns:IndexItem></mstns:Index></mstns:ProcessGuidance>