﻿<tasks>
  <task id="SharePointPortal" name="Create Sharepoint Portal" plugin="Microsoft.ProjectCreationWizard.Portal" completionMessage="Project site created.">
    <dependencies />
    <taskXml>
      <Portal>
        <site template="VSTS_MSFAgile" language="1033" />
        <documentLibraries>
          <documentLibrary name="Security" description="Documents for the architect team" />
          <documentLibrary name="Test" description="Documents for the test team" />
          <documentLibrary name="Project Management" description="Documents for the project management team" />
          <documentLibrary name="Templates" description="Templates for the team documents" />
          <documentLibrary name="Requirements" description="Documents for the business analyst team" />
          <documentLibrary name="Process Guidance" description="Process Guidance for the team documents" />
        </documentLibraries>
        <folders>
          <folder documentLibrary="Process Guidance" name="Supporting Files" />
          <folder documentLibrary="Process Guidance" name="Supporting Files/Code" />
          <folder documentLibrary="Process Guidance" name="Supporting Files/CSS" />
          <folder documentLibrary="Process Guidance" name="Supporting Files/EULA" />
          <folder documentLibrary="Process Guidance" name="Supporting Files/images" />
        </folders>
        <files>
          <file source="Windows SharePoint Services\Process Guidance\Supporting Files\ProcessGuidance.htm" documentLibrary="Process Guidance" target="Supporting Files/ProcessGuidance.htm" />
          <file source="Windows SharePoint Services\Process Guidance\Supporting Files\Glossary.htm" documentLibrary="Process Guidance" target="Supporting Files/Glossary.htm" />
          <file source="Windows SharePoint Services\Process Guidance\Supporting Files\Concepts.htm" documentLibrary="Process Guidance" target="Supporting Files/Concepts.htm" />
          <file source="Windows SharePoint Services\Process Guidance\Supporting Files\Iterations.htm" documentLibrary="Process Guidance" target="Supporting Files/Iterations.htm" />
          <file source="Windows SharePoint Services\Process Guidance\Supporting Files\Governance.htm" documentLibrary="Process Guidance" target="Supporting Files/Governance.htm" />
          <file source="Windows SharePoint Services\Process Guidance\Supporting Files\TeamModel.htm" documentLibrary="Process Guidance" target="Supporting Files/TeamModel.htm" />
          <file source="Windows SharePoint Services\Process Guidance\Supporting Files\Principles.htm" documentLibrary="Process Guidance" target="Supporting Files/Principles.htm" />
          <file source="Windows SharePoint Services\Process Guidance\Supporting Files\Mindsets.htm" documentLibrary="Process Guidance" target="Supporting Files/Mindsets.htm" />
          <file source="Windows SharePoint Services\Process Guidance\Supporting Files\Innovations.htm" documentLibrary="Process Guidance" target="Supporting Files/Innovations.htm" />
          <file source="Windows SharePoint Services\Process Guidance\Supporting Files\GettingStarted.htm" documentLibrary="Process Guidance" target="Supporting Files/GettingStarted.htm" />
          <file source="Windows SharePoint Services\Process Guidance\Supporting Files\AboutRoles.htm" documentLibrary="Process Guidance" target="Supporting Files/AboutRoles.htm" />
          <file source="Windows SharePoint Services\Process Guidance\Supporting Files\BusinessAnalyst.htm" documentLibrary="Process Guidance" target="Supporting Files/BusinessAnalyst.htm" />
          <file source="Windows SharePoint Services\Process Guidance\Supporting Files\BusinessAnalyst_AboutBusinessAnalyst.htm" documentLibrary="Process Guidance" target="Supporting Files/BusinessAnalyst_AboutBusinessAnalyst.htm" />
          <file source="Windows SharePoint Services\Process Guidance\Supporting Files\BusinessAnalyst_CaptureProjectVision.htm" documentLibrary="Process Guidance" target="Supporting Files/BusinessAnalyst_CaptureProjectVision.htm" />
          <file source="Windows SharePoint Services\Process Guidance\Supporting Files\BusinessAnalyst_CreateaQualityofServiceRequirement.htm" documentLibrary="Process Guidance" target="Supporting Files/BusinessAnalyst_CreateaQualityofServiceRequirement.htm" />
          <file source="Windows SharePoint Services\Process Guidance\Supporting Files\BusinessAnalyst_CreateaScenario.htm" documentLibrary="Process Guidance" target="Supporting Files/BusinessAnalyst_CreateaScenario.htm" />
          <file source="Windows SharePoint Services\Process Guidance\Supporting Files\BusinessAnalyst_PlananIteration.htm" documentLibrary="Process Guidance" target="Supporting Files/BusinessAnalyst_PlananIteration.htm" />
          <file source="Windows SharePoint Services\Process Guidance\Supporting Files\BusinessAnalyst_ShowAll.htm" documentLibrary="Process Guidance" target="Supporting Files/BusinessAnalyst_ShowAll.htm" />
          <file source="Windows SharePoint Services\Process Guidance\Supporting Files\ProjectManager.htm" documentLibrary="Process Guidance" target="Supporting Files/ProjectManager.htm" />
          <file source="Windows SharePoint Services\Process Guidance\Supporting Files\ProjectManager_AboutProjectManager.htm" documentLibrary="Process Guidance" target="Supporting Files/ProjectManager_AboutProjectManager.htm" />
          <file source="Windows SharePoint Services\Process Guidance\Supporting Files\ProjectManager_GuideIteration.htm" documentLibrary="Process Guidance" target="Supporting Files/ProjectManager_GuideIteration.htm" />
          <file source="Windows SharePoint Services\Process Guidance\Supporting Files\ProjectManager_PlananIteration.htm" documentLibrary="Process Guidance" target="Supporting Files/ProjectManager_PlananIteration.htm" />
          <file source="Windows SharePoint Services\Process Guidance\Supporting Files\ProjectManager_GuideProject.htm" documentLibrary="Process Guidance" target="Supporting Files/ProjectManager_GuideProject.htm" />
          <file source="Windows SharePoint Services\Process Guidance\Supporting Files\ProjectManager_ShowAll.htm" documentLibrary="Process Guidance" target="Supporting Files/ProjectManager_ShowAll.htm" />
          <file source="Windows SharePoint Services\Process Guidance\Supporting Files\Architect.htm" documentLibrary="Process Guidance" target="Supporting Files/Architect.htm" />
          <file source="Windows SharePoint Services\Process Guidance\Supporting Files\Architect_AboutArchitect.htm" documentLibrary="Process Guidance" target="Supporting Files/Architect_AboutArchitect.htm" />
          <file source="Windows SharePoint Services\Process Guidance\Supporting Files\Architect_CreateSolutionArchitecture.htm" documentLibrary="Process Guidance" target="Supporting Files/Architect_CreateSolutionArchitecture.htm" />
          <file source="Windows SharePoint Services\Process Guidance\Supporting Files\Architect_PlananIteration.htm" documentLibrary="Process Guidance" target="Supporting Files/Architect_PlananIteration.htm" />
          <file source="Windows SharePoint Services\Process Guidance\Supporting Files\Architect_ShowAll.htm" documentLibrary="Process Guidance" target="Supporting Files/Architect_ShowAll.htm" />
          <file source="Windows SharePoint Services\Process Guidance\Supporting Files\Developer.htm" documentLibrary="Process Guidance" target="Supporting Files/Developer.htm" />
          <file source="Windows SharePoint Services\Process Guidance\Supporting Files\Developer_AboutDeveloper.htm" documentLibrary="Process Guidance" target="Supporting Files/Developer_AboutDeveloper.htm" />
          <file source="Windows SharePoint Services\Process Guidance\Supporting Files\Developer_BuildaProduct.htm" documentLibrary="Process Guidance" target="Supporting Files/Developer_BuildaProduct.htm" />
          <file source="Windows SharePoint Services\Process Guidance\Supporting Files\Developer_FixaBug.htm" documentLibrary="Process Guidance" target="Supporting Files/Developer_FixaBug.htm" />
          <file source="Windows SharePoint Services\Process Guidance\Supporting Files\Developer_ImplementaDevelopmentTask.htm" documentLibrary="Process Guidance" target="Supporting Files/Developer_ImplementaDevelopmentTask.htm" />
          <file source="Windows SharePoint Services\Process Guidance\Supporting Files\Developer_PlananIteration.htm" documentLibrary="Process Guidance" target="Supporting Files/Developer_PlananIteration.htm" />
          <file source="Windows SharePoint Services\Process Guidance\Supporting Files\Developer_ShowAll.htm" documentLibrary="Process Guidance" target="Supporting Files/Developer_ShowAll.htm" />
          <file source="Windows SharePoint Services\Process Guidance\Supporting Files\Tester.htm" documentLibrary="Process Guidance" target="Supporting Files/Tester.htm" />
          <file source="Windows SharePoint Services\Process Guidance\Supporting Files\Tester_AboutTester.htm" documentLibrary="Process Guidance" target="Supporting Files/Tester_AboutTester.htm" />
          <file source="Windows SharePoint Services\Process Guidance\Supporting Files\Tester_PlananIteration.htm" documentLibrary="Process Guidance" target="Supporting Files/Tester_PlananIteration.htm" />
          <file source="Windows SharePoint Services\Process Guidance\Supporting Files\Tester_CloseaBug.htm" documentLibrary="Process Guidance" target="Supporting Files/Tester_CloseaBug.htm" />
          <file source="Windows SharePoint Services\Process Guidance\Supporting Files\Tester_TestaQualityofServiceRequirement.htm" documentLibrary="Process Guidance" target="Supporting Files/Tester_TestaQualityofServiceRequirement.htm" />
          <file source="Windows SharePoint Services\Process Guidance\Supporting Files\Tester_TestaScenario.htm" documentLibrary="Process Guidance" target="Supporting Files/Tester_TestaScenario.htm" />
          <file source="Windows SharePoint Services\Process Guidance\Supporting Files\Tester_ShowAll.htm" documentLibrary="Process Guidance" target="Supporting Files/Tester_ShowAll.htm" />
          <file source="Windows SharePoint Services\Process Guidance\Supporting Files\ReleaseManager.htm" documentLibrary="Process Guidance" target="Supporting Files/ReleaseManager.htm" />
          <file source="Windows SharePoint Services\Process Guidance\Supporting Files\ReleaseManager_AboutReleaseManager.htm" documentLibrary="Process Guidance" target="Supporting Files/ReleaseManager_AboutReleaseManager.htm" />
          <file source="Windows SharePoint Services\Process Guidance\Supporting Files\ReleaseManager_ReleaseaProduct.htm" documentLibrary="Process Guidance" target="Supporting Files/ReleaseManager_ReleaseaProduct.htm" />
          <file source="Windows SharePoint Services\Process Guidance\Supporting Files\ReleaseManager_ShowAll.htm" documentLibrary="Process Guidance" target="Supporting Files/ReleaseManager_ShowAll.htm" />
          <file source="Windows SharePoint Services\Process Guidance\Supporting Files\DatabaseAdministrator.htm" documentLibrary="Process Guidance" target="Supporting Files/DatabaseAdministrator.htm" />
          <file source="Windows SharePoint Services\Process Guidance\Supporting Files\DatabaseAdministrator_AboutDatabaseAdministrator.htm" documentLibrary="Process Guidance" target="Supporting Files/DatabaseAdministrator_AboutDatabaseAdministrator.htm" />
          <file source="Windows SharePoint Services\Process Guidance\Supporting Files\DatabaseAdministrator_CreateaDatabaseProject.htm" documentLibrary="Process Guidance" target="Supporting Files/DatabaseAdministrator_CreateaDatabaseProject.htm" />
          <file source="Windows SharePoint Services\Process Guidance\Supporting Files\DatabaseAdministrator_DeployaDatabaseProject.htm" documentLibrary="Process Guidance" target="Supporting Files/DatabaseAdministrator_DeployaDatabaseProject.htm" />
          <file source="Windows SharePoint Services\Process Guidance\Supporting Files\DatabaseAdministrator_ShowAll.htm" documentLibrary="Process Guidance" target="Supporting Files/DatabaseAdministrator_ShowAll.htm" />
          <file source="Windows SharePoint Services\Process Guidance\Supporting Files\DatabaseDeveloper.htm" documentLibrary="Process Guidance" target="Supporting Files/DatabaseDeveloper.htm" />
          <file source="Windows SharePoint Services\Process Guidance\Supporting Files\DatabaseDeveloper_AboutDatabaseDeveloper.htm" documentLibrary="Process Guidance" target="Supporting Files/DatabaseDeveloper_AboutDatabaseDeveloper.htm" />
          <file source="Windows SharePoint Services\Process Guidance\Supporting Files\DatabaseDeveloper_ImplementaDatabaseDevelopmentTask.htm" documentLibrary="Process Guidance" target="Supporting Files/DatabaseDeveloper_ImplementaDatabaseDevelopmentTask.htm" />
          <file source="Windows SharePoint Services\Process Guidance\Supporting Files\DatabaseDeveloper_PlananIteration.htm" documentLibrary="Process Guidance" target="Supporting Files/DatabaseDeveloper_PlananIteration.htm" />
          <file source="Windows SharePoint Services\Process Guidance\Supporting Files\DatabaseDeveloper_ShowAll.htm" documentLibrary="Process Guidance" target="Supporting Files/DatabaseDeveloper_ShowAll.htm" />
          <file source="Windows SharePoint Services\Process Guidance\Supporting Files\CreateSolutionArchitecture.htm" documentLibrary="Process Guidance" target="Supporting Files/CreateSolutionArchitecture.htm" />
          <file source="Windows SharePoint Services\Process Guidance\Supporting Files\CaptureProjectVision.htm" documentLibrary="Process Guidance" target="Supporting Files/CaptureProjectVision.htm" />
          <file source="Windows SharePoint Services\Process Guidance\Supporting Files\CreateaDatabaseProject.htm" documentLibrary="Process Guidance" target="Supporting Files/CreateaDatabaseProject.htm" />
          <file source="Windows SharePoint Services\Process Guidance\Supporting Files\CreateaQualityofServiceRequirement.htm" documentLibrary="Process Guidance" target="Supporting Files/CreateaQualityofServiceRequirement.htm" />
          <file source="Windows SharePoint Services\Process Guidance\Supporting Files\CreateaScenario.htm" documentLibrary="Process Guidance" target="Supporting Files/CreateaScenario.htm" />
          <file source="Windows SharePoint Services\Process Guidance\Supporting Files\DeployaDatabaseProject.htm" documentLibrary="Process Guidance" target="Supporting Files/DeployaDatabaseProject.htm" />
          <file source="Windows SharePoint Services\Process Guidance\Supporting Files\BuildaProduct.htm" documentLibrary="Process Guidance" target="Supporting Files/BuildaProduct.htm" />
          <file source="Windows SharePoint Services\Process Guidance\Supporting Files\FixaBug.htm" documentLibrary="Process Guidance" target="Supporting Files/FixaBug.htm" />
          <file source="Windows SharePoint Services\Process Guidance\Supporting Files\ImplementaDevelopmentTask.htm" documentLibrary="Process Guidance" target="Supporting Files/ImplementaDevelopmentTask.htm" />
          <file source="Windows SharePoint Services\Process Guidance\Supporting Files\ImplementaDatabaseDevelopmentTask.htm" documentLibrary="Process Guidance" target="Supporting Files/ImplementaDatabaseDevelopmentTask.htm" />
          <file source="Windows SharePoint Services\Process Guidance\Supporting Files\GuideIteration.htm" documentLibrary="Process Guidance" target="Supporting Files/GuideIteration.htm" />
          <file source="Windows SharePoint Services\Process Guidance\Supporting Files\PlananIteration.htm" documentLibrary="Process Guidance" target="Supporting Files/PlananIteration.htm" />
          <file source="Windows SharePoint Services\Process Guidance\Supporting Files\ReleaseaProduct.htm" documentLibrary="Process Guidance" target="Supporting Files/ReleaseaProduct.htm" />
          <file source="Windows SharePoint Services\Process Guidance\Supporting Files\CloseaBug.htm" documentLibrary="Process Guidance" target="Supporting Files/CloseaBug.htm" />
          <file source="Windows SharePoint Services\Process Guidance\Supporting Files\TestaQualityofServiceRequirement.htm" documentLibrary="Process Guidance" target="Supporting Files/TestaQualityofServiceRequirement.htm" />
          <file source="Windows SharePoint Services\Process Guidance\Supporting Files\TestaScenario.htm" documentLibrary="Process Guidance" target="Supporting Files/TestaScenario.htm" />
          <file source="Windows SharePoint Services\Process Guidance\Supporting Files\GuideProject.htm" documentLibrary="Process Guidance" target="Supporting Files/GuideProject.htm" />
          <file source="Windows SharePoint Services\Process Guidance\Supporting Files\PartitiontheSystem.htm" documentLibrary="Process Guidance" target="Supporting Files/PartitiontheSystem.htm" />
          <file source="Windows SharePoint Services\Process Guidance\Supporting Files\DetermineInterfaces.htm" documentLibrary="Process Guidance" target="Supporting Files/DetermineInterfaces.htm" />
          <file source="Windows SharePoint Services\Process Guidance\Supporting Files\DevelopThreatModel.htm" documentLibrary="Process Guidance" target="Supporting Files/DevelopThreatModel.htm" />
          <file source="Windows SharePoint Services\Process Guidance\Supporting Files\DevelopPerformanceModel.htm" documentLibrary="Process Guidance" target="Supporting Files/DevelopPerformanceModel.htm" />
          <file source="Windows SharePoint Services\Process Guidance\Supporting Files\CreateArchitecturalPrototype.htm" documentLibrary="Process Guidance" target="Supporting Files/CreateArchitecturalPrototype.htm" />
          <file source="Windows SharePoint Services\Process Guidance\Supporting Files\CreateInfrastructureArchitecture.htm" documentLibrary="Process Guidance" target="Supporting Files/CreateInfrastructureArchitecture.htm" />
          <file source="Windows SharePoint Services\Process Guidance\Supporting Files\WriteVisionStatement.htm" documentLibrary="Process Guidance" target="Supporting Files/WriteVisionStatement.htm" />
          <file source="Windows SharePoint Services\Process Guidance\Supporting Files\DefinePersonas.htm" documentLibrary="Process Guidance" target="Supporting Files/DefinePersonas.htm" />
          <file source="Windows SharePoint Services\Process Guidance\Supporting Files\RefinePersonas.htm" documentLibrary="Process Guidance" target="Supporting Files/RefinePersonas.htm" />
          <file source="Windows SharePoint Services\Process Guidance\Supporting Files\CreateDatabaseProject.htm" documentLibrary="Process Guidance" target="Supporting Files/CreateDatabaseProject.htm" />
          <file source="Windows SharePoint Services\Process Guidance\Supporting Files\ImportExistingDatabase.htm" documentLibrary="Process Guidance" target="Supporting Files/ImportExistingDatabase.htm" />
          <file source="Windows SharePoint Services\Process Guidance\Supporting Files\ConfigureBuildandDeploySettings.htm" documentLibrary="Process Guidance" target="Supporting Files/ConfigureBuildandDeploySettings.htm" />
          <file source="Windows SharePoint Services\Process Guidance\Supporting Files\ModifyGeneratedScripts.htm" documentLibrary="Process Guidance" target="Supporting Files/ModifyGeneratedScripts.htm" />
          <file source="Windows SharePoint Services\Process Guidance\Supporting Files\VerifyDatabaseProject.htm" documentLibrary="Process Guidance" target="Supporting Files/VerifyDatabaseProject.htm" />
          <file source="Windows SharePoint Services\Process Guidance\Supporting Files\AddDatabaseProjecttoSourceControl.htm" documentLibrary="Process Guidance" target="Supporting Files/AddDatabaseProjecttoSourceControl.htm" />
          <file source="Windows SharePoint Services\Process Guidance\Supporting Files\BrainstormQualityofServiceRequirements.htm" documentLibrary="Process Guidance" target="Supporting Files/BrainstormQualityofServiceRequirements.htm" />
          <file source="Windows SharePoint Services\Process Guidance\Supporting Files\DevelopLifestyleSnapshot.htm" documentLibrary="Process Guidance" target="Supporting Files/DevelopLifestyleSnapshot.htm" />
          <file source="Windows SharePoint Services\Process Guidance\Supporting Files\PrioritizeQualityofServiceRequirementsList.htm" documentLibrary="Process Guidance" target="Supporting Files/PrioritizeQualityofServiceRequirementsList.htm" />
          <file source="Windows SharePoint Services\Process Guidance\Supporting Files\WriteQualityofServiceRequirement.htm" documentLibrary="Process Guidance" target="Supporting Files/WriteQualityofServiceRequirement.htm" />
          <file source="Windows SharePoint Services\Process Guidance\Supporting Files\IdentifySecurityObjectives.htm" documentLibrary="Process Guidance" target="Supporting Files/IdentifySecurityObjectives.htm" />
          <file source="Windows SharePoint Services\Process Guidance\Supporting Files\BrainstormScenarios.htm" documentLibrary="Process Guidance" target="Supporting Files/BrainstormScenarios.htm" />
          <file source="Windows SharePoint Services\Process Guidance\Supporting Files\PrioritizeScenarioList.htm" documentLibrary="Process Guidance" target="Supporting Files/PrioritizeScenarioList.htm" />
          <file source="Windows SharePoint Services\Process Guidance\Supporting Files\WriteScenarioDescription.htm" documentLibrary="Process Guidance" target="Supporting Files/WriteScenarioDescription.htm" />
          <file source="Windows SharePoint Services\Process Guidance\Supporting Files\StoryboardaScenario.htm" documentLibrary="Process Guidance" target="Supporting Files/StoryboardaScenario.htm" />
          <file source="Windows SharePoint Services\Process Guidance\Supporting Files\SynchronizeDatabaseProject.htm" documentLibrary="Process Guidance" target="Supporting Files/SynchronizeDatabaseProject.htm" />
          <file source="Windows SharePoint Services\Process Guidance\Supporting Files\VerifyBuild.htm" documentLibrary="Process Guidance" target="Supporting Files/VerifyBuild.htm" />
          <file source="Windows SharePoint Services\Process Guidance\Supporting Files\PerformDatabaseUnitTests.htm" documentLibrary="Process Guidance" target="Supporting Files/PerformDatabaseUnitTests.htm" />
          <file source="Windows SharePoint Services\Process Guidance\Supporting Files\AnalyzeChanges.htm" documentLibrary="Process Guidance" target="Supporting Files/AnalyzeChanges.htm" />
          <file source="Windows SharePoint Services\Process Guidance\Supporting Files\CreateBuildScript.htm" documentLibrary="Process Guidance" target="Supporting Files/CreateBuildScript.htm" />
          <file source="Windows SharePoint Services\Process Guidance\Supporting Files\BackUpTargetDatabase.htm" documentLibrary="Process Guidance" target="Supporting Files/BackUpTargetDatabase.htm" />
          <file source="Windows SharePoint Services\Process Guidance\Supporting Files\DeployDatabasetoStagingServer.htm" documentLibrary="Process Guidance" target="Supporting Files/DeployDatabasetoStagingServer.htm" />
          <file source="Windows SharePoint Services\Process Guidance\Supporting Files\DeployDatabase.htm" documentLibrary="Process Guidance" target="Supporting Files/DeployDatabase.htm" />
          <file source="Windows SharePoint Services\Process Guidance\Supporting Files\StartaBuild.htm" documentLibrary="Process Guidance" target="Supporting Files/StartaBuild.htm" />
          <file source="Windows SharePoint Services\Process Guidance\Supporting Files\VerifyaBuild.htm" documentLibrary="Process Guidance" target="Supporting Files/VerifyaBuild.htm" />
          <file source="Windows SharePoint Services\Process Guidance\Supporting Files\FixaBuild.htm" documentLibrary="Process Guidance" target="Supporting Files/FixaBuild.htm" />
          <file source="Windows SharePoint Services\Process Guidance\Supporting Files\AcceptBuild.htm" documentLibrary="Process Guidance" target="Supporting Files/AcceptBuild.htm" />
          <file source="Windows SharePoint Services\Process Guidance\Supporting Files\ReproducetheBug.htm" documentLibrary="Process Guidance" target="Supporting Files/ReproducetheBug.htm" />
          <file source="Windows SharePoint Services\Process Guidance\Supporting Files\LocatetheCauseofaBug.htm" documentLibrary="Process Guidance" target="Supporting Files/LocatetheCauseofaBug.htm" />
          <file source="Windows SharePoint Services\Process Guidance\Supporting Files\ReassignaBug.htm" documentLibrary="Process Guidance" target="Supporting Files/ReassignaBug.htm" />
          <file source="Windows SharePoint Services\Process Guidance\Supporting Files\DecideonaBugFixStrategy.htm" documentLibrary="Process Guidance" target="Supporting Files/DecideonaBugFixStrategy.htm" />
          <file source="Windows SharePoint Services\Process Guidance\Supporting Files\CodetheFixforaBug.htm" documentLibrary="Process Guidance" target="Supporting Files/CodetheFixforaBug.htm" />
          <file source="Windows SharePoint Services\Process Guidance\Supporting Files\CreateorUpdateaUnitTest.htm" documentLibrary="Process Guidance" target="Supporting Files/CreateorUpdateaUnitTest.htm" />
          <file source="Windows SharePoint Services\Process Guidance\Supporting Files\PerformaUnitTest.htm" documentLibrary="Process Guidance" target="Supporting Files/PerformaUnitTest.htm" />
          <file source="Windows SharePoint Services\Process Guidance\Supporting Files\RefactorCode.htm" documentLibrary="Process Guidance" target="Supporting Files/RefactorCode.htm" />
          <file source="Windows SharePoint Services\Process Guidance\Supporting Files\ReviewCode.htm" documentLibrary="Process Guidance" target="Supporting Files/ReviewCode.htm" />
          <file source="Windows SharePoint Services\Process Guidance\Supporting Files\IntegrateCodeChanges.htm" documentLibrary="Process Guidance" target="Supporting Files/IntegrateCodeChanges.htm" />
          <file source="Windows SharePoint Services\Process Guidance\Supporting Files\CostaDevelopmentTask.htm" documentLibrary="Process Guidance" target="Supporting Files/CostaDevelopmentTask.htm" />
          <file source="Windows SharePoint Services\Process Guidance\Supporting Files\WriteCodeforaDevelopmentTask.htm" documentLibrary="Process Guidance" target="Supporting Files/WriteCodeforaDevelopmentTask.htm" />
          <file source="Windows SharePoint Services\Process Guidance\Supporting Files\PerformCodeAnalysis.htm" documentLibrary="Process Guidance" target="Supporting Files/PerformCodeAnalysis.htm" />
          <file source="Windows SharePoint Services\Process Guidance\Supporting Files\CostaDatabaseDevelopmentTask.htm" documentLibrary="Process Guidance" target="Supporting Files/CostaDatabaseDevelopmentTask.htm" />
          <file source="Windows SharePoint Services\Process Guidance\Supporting Files\UpdateLocalProjectEnvironment.htm" documentLibrary="Process Guidance" target="Supporting Files/UpdateLocalProjectEnvironment.htm" />
          <file source="Windows SharePoint Services\Process Guidance\Supporting Files\WriteCodeforaDatabaseDevelopmentTask.htm" documentLibrary="Process Guidance" target="Supporting Files/WriteCodeforaDatabaseDevelopmentTask.htm" />
          <file source="Windows SharePoint Services\Process Guidance\Supporting Files\PerformaDatabaseUnitTest.htm" documentLibrary="Process Guidance" target="Supporting Files/PerformaDatabaseUnitTest.htm" />
          <file source="Windows SharePoint Services\Process Guidance\Supporting Files\RefactorDatabaseCode.htm" documentLibrary="Process Guidance" target="Supporting Files/RefactorDatabaseCode.htm" />
          <file source="Windows SharePoint Services\Process Guidance\Supporting Files\ReviewDatabaseCode.htm" documentLibrary="Process Guidance" target="Supporting Files/ReviewDatabaseCode.htm" />
          <file source="Windows SharePoint Services\Process Guidance\Supporting Files\IntegrateDatabaseCodeChanges.htm" documentLibrary="Process Guidance" target="Supporting Files/IntegrateDatabaseCodeChanges.htm" />
          <file source="Windows SharePoint Services\Process Guidance\Supporting Files\MonitorIteration.htm" documentLibrary="Process Guidance" target="Supporting Files/MonitorIteration.htm" />
          <file source="Windows SharePoint Services\Process Guidance\Supporting Files\MitigateaRisk.htm" documentLibrary="Process Guidance" target="Supporting Files/MitigateaRisk.htm" />
          <file source="Windows SharePoint Services\Process Guidance\Supporting Files\ConductRetrospective.htm" documentLibrary="Process Guidance" target="Supporting Files/ConductRetrospective.htm" />
          <file source="Windows SharePoint Services\Process Guidance\Supporting Files\DetermineIterationLength.htm" documentLibrary="Process Guidance" target="Supporting Files/DetermineIterationLength.htm" />
          <file source="Windows SharePoint Services\Process Guidance\Supporting Files\EstimateScenario.htm" documentLibrary="Process Guidance" target="Supporting Files/EstimateScenario.htm" />
          <file source="Windows SharePoint Services\Process Guidance\Supporting Files\EstimateQualityofServiceRequirement.htm" documentLibrary="Process Guidance" target="Supporting Files/EstimateQualityofServiceRequirement.htm" />
          <file source="Windows SharePoint Services\Process Guidance\Supporting Files\DivideScenariosintoTasks.htm" documentLibrary="Process Guidance" target="Supporting Files/DivideScenariosintoTasks.htm" />
          <file source="Windows SharePoint Services\Process Guidance\Supporting Files\DivideQualityofServiceRequirementsintoTasks.htm" documentLibrary="Process Guidance" target="Supporting Files/DivideQualityofServiceRequirementsintoTasks.htm" />
          <file source="Windows SharePoint Services\Process Guidance\Supporting Files\ScheduleBugFixingAllotment.htm" documentLibrary="Process Guidance" target="Supporting Files/ScheduleBugFixingAllotment.htm" />
          <file source="Windows SharePoint Services\Process Guidance\Supporting Files\ScheduleScenario.htm" documentLibrary="Process Guidance" target="Supporting Files/ScheduleScenario.htm" />
          <file source="Windows SharePoint Services\Process Guidance\Supporting Files\ScheduleQualityofServiceRequirement.htm" documentLibrary="Process Guidance" target="Supporting Files/ScheduleQualityofServiceRequirement.htm" />
          <file source="Windows SharePoint Services\Process Guidance\Supporting Files\ExecuteaReleasePlan.htm" documentLibrary="Process Guidance" target="Supporting Files/ExecuteaReleasePlan.htm" />
          <file source="Windows SharePoint Services\Process Guidance\Supporting Files\ValidateaRelease.htm" documentLibrary="Process Guidance" target="Supporting Files/ValidateaRelease.htm" />
          <file source="Windows SharePoint Services\Process Guidance\Supporting Files\CreateReleaseNotes.htm" documentLibrary="Process Guidance" target="Supporting Files/CreateReleaseNotes.htm" />
          <file source="Windows SharePoint Services\Process Guidance\Supporting Files\DeploytheProduct.htm" documentLibrary="Process Guidance" target="Supporting Files/DeploytheProduct.htm" />
          <file source="Windows SharePoint Services\Process Guidance\Supporting Files\VerifyaFix.htm" documentLibrary="Process Guidance" target="Supporting Files/VerifyaFix.htm" />
          <file source="Windows SharePoint Services\Process Guidance\Supporting Files\ClosetheBug.htm" documentLibrary="Process Guidance" target="Supporting Files/ClosetheBug.htm" />
          <file source="Windows SharePoint Services\Process Guidance\Supporting Files\DefineTestApproach.htm" documentLibrary="Process Guidance" target="Supporting Files/DefineTestApproach.htm" />
          <file source="Windows SharePoint Services\Process Guidance\Supporting Files\WritePerformanceTests.htm" documentLibrary="Process Guidance" target="Supporting Files/WritePerformanceTests.htm" />
          <file source="Windows SharePoint Services\Process Guidance\Supporting Files\WriteSecurityTests.htm" documentLibrary="Process Guidance" target="Supporting Files/WriteSecurityTests.htm" />
          <file source="Windows SharePoint Services\Process Guidance\Supporting Files\WriteStressTests.htm" documentLibrary="Process Guidance" target="Supporting Files/WriteStressTests.htm" />
          <file source="Windows SharePoint Services\Process Guidance\Supporting Files\WriteLoadTests.htm" documentLibrary="Process Guidance" target="Supporting Files/WriteLoadTests.htm" />
          <file source="Windows SharePoint Services\Process Guidance\Supporting Files\SelectandRunaTestCase.htm" documentLibrary="Process Guidance" target="Supporting Files/SelectandRunaTestCase.htm" />
          <file source="Windows SharePoint Services\Process Guidance\Supporting Files\OpenaBug.htm" documentLibrary="Process Guidance" target="Supporting Files/OpenaBug.htm" />
          <file source="Windows SharePoint Services\Process Guidance\Supporting Files\ConductExploratoryTesting.htm" documentLibrary="Process Guidance" target="Supporting Files/ConductExploratoryTesting.htm" />
          <file source="Windows SharePoint Services\Process Guidance\Supporting Files\WriteValidationTests.htm" documentLibrary="Process Guidance" target="Supporting Files/WriteValidationTests.htm" />
          <file source="Windows SharePoint Services\Process Guidance\Supporting Files\AssessProgress.htm" documentLibrary="Process Guidance" target="Supporting Files/AssessProgress.htm" />
          <file source="Windows SharePoint Services\Process Guidance\Supporting Files\EvaluateTestMetricThresholds.htm" documentLibrary="Process Guidance" target="Supporting Files/EvaluateTestMetricThresholds.htm" />
          <file source="Windows SharePoint Services\Process Guidance\Supporting Files\IdentifyRisk.htm" documentLibrary="Process Guidance" target="Supporting Files/IdentifyRisk.htm" />
          <file source="Windows SharePoint Services\Process Guidance\Supporting Files\ReviewObjectives.htm" documentLibrary="Process Guidance" target="Supporting Files/ReviewObjectives.htm" />
          <file source="Windows SharePoint Services\Process Guidance\Supporting Files\TriageBugs.htm" documentLibrary="Process Guidance" target="Supporting Files/TriageBugs.htm" />
          <file source="Windows SharePoint Services\Process Guidance\Supporting Files\ApplicationDiagram.htm" documentLibrary="Process Guidance" target="Supporting Files/ApplicationDiagram.htm" />
          <file source="Windows SharePoint Services\Process Guidance\Supporting Files\Changeset.htm" documentLibrary="Process Guidance" target="Supporting Files/Changeset.htm" />
          <file source="Windows SharePoint Services\Process Guidance\Supporting Files\ClassDiagram.htm" documentLibrary="Process Guidance" target="Supporting Files/ClassDiagram.htm" />
          <file source="Windows SharePoint Services\Process Guidance\Supporting Files\Code.htm" documentLibrary="Process Guidance" target="Supporting Files/Code.htm" />
          <file source="Windows SharePoint Services\Process Guidance\Supporting Files\IterationPlan.htm" documentLibrary="Process Guidance" target="Supporting Files/IterationPlan.htm" />
          <file source="Windows SharePoint Services\Process Guidance\Supporting Files\LoadTest.htm" documentLibrary="Process Guidance" target="Supporting Files/LoadTest.htm" />
          <file source="Windows SharePoint Services\Process Guidance\Supporting Files\LogicalDatacenterDiagram.htm" documentLibrary="Process Guidance" target="Supporting Files/LogicalDatacenterDiagram.htm" />
          <file source="Windows SharePoint Services\Process Guidance\Supporting Files\ManualTest.htm" documentLibrary="Process Guidance" target="Supporting Files/ManualTest.htm" />
          <file source="Windows SharePoint Services\Process Guidance\Supporting Files\Persona.htm" documentLibrary="Process Guidance" target="Supporting Files/Persona.htm" />
          <file source="Windows SharePoint Services\Process Guidance\Supporting Files\ProjectChecklist.htm" documentLibrary="Process Guidance" target="Supporting Files/ProjectChecklist.htm" />
          <file source="Windows SharePoint Services\Process Guidance\Supporting Files\QualityofServiceRequirementList.htm" documentLibrary="Process Guidance" target="Supporting Files/QualityofServiceRequirementList.htm" />
          <file source="Windows SharePoint Services\Process Guidance\Supporting Files\ReleasePlan.htm" documentLibrary="Process Guidance" target="Supporting Files/ReleasePlan.htm" />
          <file source="Windows SharePoint Services\Process Guidance\Supporting Files\ScenarioDescription.htm" documentLibrary="Process Guidance" target="Supporting Files/ScenarioDescription.htm" />
          <file source="Windows SharePoint Services\Process Guidance\Supporting Files\ScenarioList.htm" documentLibrary="Process Guidance" target="Supporting Files/ScenarioList.htm" />
          <file source="Windows SharePoint Services\Process Guidance\Supporting Files\Storyboard.htm" documentLibrary="Process Guidance" target="Supporting Files/Storyboard.htm" />
          <file source="Windows SharePoint Services\Process Guidance\Supporting Files\SystemDiagram.htm" documentLibrary="Process Guidance" target="Supporting Files/SystemDiagram.htm" />
          <file source="Windows SharePoint Services\Process Guidance\Supporting Files\TeamBuild.htm" documentLibrary="Process Guidance" target="Supporting Files/TeamBuild.htm" />
          <file source="Windows SharePoint Services\Process Guidance\Supporting Files\TestApproach.htm" documentLibrary="Process Guidance" target="Supporting Files/TestApproach.htm" />
          <file source="Windows SharePoint Services\Process Guidance\Supporting Files\TestResult.htm" documentLibrary="Process Guidance" target="Supporting Files/TestResult.htm" />
          <file source="Windows SharePoint Services\Process Guidance\Supporting Files\ThreatModel.htm" documentLibrary="Process Guidance" target="Supporting Files/ThreatModel.htm" />
          <file source="Windows SharePoint Services\Process Guidance\Supporting Files\UnitTest.htm" documentLibrary="Process Guidance" target="Supporting Files/UnitTest.htm" />
          <file source="Windows SharePoint Services\Process Guidance\Supporting Files\VisionStatement.htm" documentLibrary="Process Guidance" target="Supporting Files/VisionStatement.htm" />
          <file source="Windows SharePoint Services\Process Guidance\Supporting Files\WebTest.htm" documentLibrary="Process Guidance" target="Supporting Files/WebTest.htm" />
          <file source="Windows SharePoint Services\Process Guidance\Supporting Files\Prototype.htm" documentLibrary="Process Guidance" target="Supporting Files/Prototype.htm" />
          <file source="Windows SharePoint Services\Process Guidance\Supporting Files\AboutWorkItems.htm" documentLibrary="Process Guidance" target="Supporting Files/AboutWorkItems.htm" />
          <file source="Windows SharePoint Services\Process Guidance\Supporting Files\Bug.htm" documentLibrary="Process Guidance" target="Supporting Files/Bug.htm" />
          <file source="Windows SharePoint Services\Process Guidance\Supporting Files\Bug_Overview.htm" documentLibrary="Process Guidance" target="Supporting Files/Bug_Overview.htm" />
          <file source="Windows SharePoint Services\Process Guidance\Supporting Files\Bug_StatesandTransitions.htm" documentLibrary="Process Guidance" target="Supporting Files/Bug_StatesandTransitions.htm" />
          <file source="Windows SharePoint Services\Process Guidance\Supporting Files\Bug_Fields.htm" documentLibrary="Process Guidance" target="Supporting Files/Bug_Fields.htm" />
          <file source="Windows SharePoint Services\Process Guidance\Supporting Files\Bug_Activities.htm" documentLibrary="Process Guidance" target="Supporting Files/Bug_Activities.htm" />
          <file source="Windows SharePoint Services\Process Guidance\Supporting Files\Bug_WorkStreams.htm" documentLibrary="Process Guidance" target="Supporting Files/Bug_WorkStreams.htm" />
          <file source="Windows SharePoint Services\Process Guidance\Supporting Files\QualityofServiceRequirement.htm" documentLibrary="Process Guidance" target="Supporting Files/QualityofServiceRequirement.htm" />
          <file source="Windows SharePoint Services\Process Guidance\Supporting Files\QualityofServiceRequirement_Overview.htm" documentLibrary="Process Guidance" target="Supporting Files/QualityofServiceRequirement_Overview.htm" />
          <file source="Windows SharePoint Services\Process Guidance\Supporting Files\QualityofServiceRequirement_StatesandTransitions.htm" documentLibrary="Process Guidance" target="Supporting Files/QualityofServiceRequirement_StatesandTransitions.htm" />
          <file source="Windows SharePoint Services\Process Guidance\Supporting Files\QualityofServiceRequirement_Fields.htm" documentLibrary="Process Guidance" target="Supporting Files/QualityofServiceRequirement_Fields.htm" />
          <file source="Windows SharePoint Services\Process Guidance\Supporting Files\QualityofServiceRequirement_Activities.htm" documentLibrary="Process Guidance" target="Supporting Files/QualityofServiceRequirement_Activities.htm" />
          <file source="Windows SharePoint Services\Process Guidance\Supporting Files\QualityofServiceRequirement_WorkStreams.htm" documentLibrary="Process Guidance" target="Supporting Files/QualityofServiceRequirement_WorkStreams.htm" />
          <file source="Windows SharePoint Services\Process Guidance\Supporting Files\Scenario.htm" documentLibrary="Process Guidance" target="Supporting Files/Scenario.htm" />
          <file source="Windows SharePoint Services\Process Guidance\Supporting Files\Scenario_Overview.htm" documentLibrary="Process Guidance" target="Supporting Files/Scenario_Overview.htm" />
          <file source="Windows SharePoint Services\Process Guidance\Supporting Files\Scenario_StatesandTransitions.htm" documentLibrary="Process Guidance" target="Supporting Files/Scenario_StatesandTransitions.htm" />
          <file source="Windows SharePoint Services\Process Guidance\Supporting Files\Scenario_Fields.htm" documentLibrary="Process Guidance" target="Supporting Files/Scenario_Fields.htm" />
          <file source="Windows SharePoint Services\Process Guidance\Supporting Files\Scenario_Activities.htm" documentLibrary="Process Guidance" target="Supporting Files/Scenario_Activities.htm" />
          <file source="Windows SharePoint Services\Process Guidance\Supporting Files\Scenario_WorkStreams.htm" documentLibrary="Process Guidance" target="Supporting Files/Scenario_WorkStreams.htm" />
          <file source="Windows SharePoint Services\Process Guidance\Supporting Files\Risk.htm" documentLibrary="Process Guidance" target="Supporting Files/Risk.htm" />
          <file source="Windows SharePoint Services\Process Guidance\Supporting Files\Risk_Overview.htm" documentLibrary="Process Guidance" target="Supporting Files/Risk_Overview.htm" />
          <file source="Windows SharePoint Services\Process Guidance\Supporting Files\Risk_StatesandTransitions.htm" documentLibrary="Process Guidance" target="Supporting Files/Risk_StatesandTransitions.htm" />
          <file source="Windows SharePoint Services\Process Guidance\Supporting Files\Risk_Fields.htm" documentLibrary="Process Guidance" target="Supporting Files/Risk_Fields.htm" />
          <file source="Windows SharePoint Services\Process Guidance\Supporting Files\Risk_Activities.htm" documentLibrary="Process Guidance" target="Supporting Files/Risk_Activities.htm" />
          <file source="Windows SharePoint Services\Process Guidance\Supporting Files\Risk_WorkStreams.htm" documentLibrary="Process Guidance" target="Supporting Files/Risk_WorkStreams.htm" />
          <file source="Windows SharePoint Services\Process Guidance\Supporting Files\Task.htm" documentLibrary="Process Guidance" target="Supporting Files/Task.htm" />
          <file source="Windows SharePoint Services\Process Guidance\Supporting Files\Task_Overview.htm" documentLibrary="Process Guidance" target="Supporting Files/Task_Overview.htm" />
          <file source="Windows SharePoint Services\Process Guidance\Supporting Files\Task_StatesandTransitions.htm" documentLibrary="Process Guidance" target="Supporting Files/Task_StatesandTransitions.htm" />
          <file source="Windows SharePoint Services\Process Guidance\Supporting Files\Task_Fields.htm" documentLibrary="Process Guidance" target="Supporting Files/Task_Fields.htm" />
          <file source="Windows SharePoint Services\Process Guidance\Supporting Files\Task_Activities.htm" documentLibrary="Process Guidance" target="Supporting Files/Task_Activities.htm" />
          <file source="Windows SharePoint Services\Process Guidance\Supporting Files\Task_WorkStreams.htm" documentLibrary="Process Guidance" target="Supporting Files/Task_WorkStreams.htm" />
          <file source="Windows SharePoint Services\Process Guidance\Supporting Files\AboutViews.htm" documentLibrary="Process Guidance" target="Supporting Files/AboutViews.htm" />
          <file source="Windows SharePoint Services\Process Guidance\Supporting Files\Disciplines.htm" documentLibrary="Process Guidance" target="Supporting Files/Disciplines.htm" />
          <file source="Windows SharePoint Services\Process Guidance\Supporting Files\Disciplines_AboutDisciplines.htm" documentLibrary="Process Guidance" target="Supporting Files/Disciplines_AboutDisciplines.htm" />
          <file source="Windows SharePoint Services\Process Guidance\Supporting Files\Disciplines_ProjectManagement.htm" documentLibrary="Process Guidance" target="Supporting Files/Disciplines_ProjectManagement.htm" />
          <file source="Windows SharePoint Services\Process Guidance\Supporting Files\Disciplines_RiskManagement.htm" documentLibrary="Process Guidance" target="Supporting Files/Disciplines_RiskManagement.htm" />
          <file source="Windows SharePoint Services\Process Guidance\Supporting Files\Disciplines_ProjectManagementDetails.htm" documentLibrary="Process Guidance" target="Supporting Files/Disciplines_ProjectManagementDetails.htm" />
          <file source="Windows SharePoint Services\Process Guidance\Supporting Files\Disciplines_RiskManagementDetails.htm" documentLibrary="Process Guidance" target="Supporting Files/Disciplines_RiskManagementDetails.htm" />
          <file source="Windows SharePoint Services\Process Guidance\Supporting Files\QualitiesofService.htm" documentLibrary="Process Guidance" target="Supporting Files/QualitiesofService.htm" />
          <file source="Windows SharePoint Services\Process Guidance\Supporting Files\QualitiesofService_AboutQualitiesofService.htm" documentLibrary="Process Guidance" target="Supporting Files/QualitiesofService_AboutQualitiesofService.htm" />
          <file source="Windows SharePoint Services\Process Guidance\Supporting Files\QualitiesofService_Security.htm" documentLibrary="Process Guidance" target="Supporting Files/QualitiesofService_Security.htm" />
          <file source="Windows SharePoint Services\Process Guidance\Supporting Files\QualitiesofService_Performance.htm" documentLibrary="Process Guidance" target="Supporting Files/QualitiesofService_Performance.htm" />
          <file source="Windows SharePoint Services\Process Guidance\Supporting Files\QualitiesofService_UserExperience.htm" documentLibrary="Process Guidance" target="Supporting Files/QualitiesofService_UserExperience.htm" />
          <file source="Windows SharePoint Services\Process Guidance\Supporting Files\QualitiesofService_SecurityDetails.htm" documentLibrary="Process Guidance" target="Supporting Files/QualitiesofService_SecurityDetails.htm" />
          <file source="Windows SharePoint Services\Process Guidance\Supporting Files\QualitiesofService_PerformanceDetails.htm" documentLibrary="Process Guidance" target="Supporting Files/QualitiesofService_PerformanceDetails.htm" />
          <file source="Windows SharePoint Services\Process Guidance\Supporting Files\QualitiesofService_UserExperienceDetails.htm" documentLibrary="Process Guidance" target="Supporting Files/QualitiesofService_UserExperienceDetails.htm" />
          <file source="Windows SharePoint Services\Process Guidance\Supporting Files\Cycles.htm" documentLibrary="Process Guidance" target="Supporting Files/Cycles.htm" />
          <file source="Windows SharePoint Services\Process Guidance\Supporting Files\Cycles_AboutCycles.htm" documentLibrary="Process Guidance" target="Supporting Files/Cycles_AboutCycles.htm" />
          <file source="Windows SharePoint Services\Process Guidance\Supporting Files\Cycles_CheckIn.htm" documentLibrary="Process Guidance" target="Supporting Files/Cycles_CheckIn.htm" />
          <file source="Windows SharePoint Services\Process Guidance\Supporting Files\Cycles_DailyBuild.htm" documentLibrary="Process Guidance" target="Supporting Files/Cycles_DailyBuild.htm" />
          <file source="Windows SharePoint Services\Process Guidance\Supporting Files\Cycles_AcceptedBuild.htm" documentLibrary="Process Guidance" target="Supporting Files/Cycles_AcceptedBuild.htm" />
          <file source="Windows SharePoint Services\Process Guidance\Supporting Files\Cycles_Iteration.htm" documentLibrary="Process Guidance" target="Supporting Files/Cycles_Iteration.htm" />
          <file source="Windows SharePoint Services\Process Guidance\Supporting Files\Cycles_Project.htm" documentLibrary="Process Guidance" target="Supporting Files/Cycles_Project.htm" />
          <file source="Windows SharePoint Services\Process Guidance\Supporting Files\Cycles_AsNeeded.htm" documentLibrary="Process Guidance" target="Supporting Files/Cycles_AsNeeded.htm" />
          <file source="Windows SharePoint Services\Process Guidance\Supporting Files\Cycles_CheckInDetails.htm" documentLibrary="Process Guidance" target="Supporting Files/Cycles_CheckInDetails.htm" />
          <file source="Windows SharePoint Services\Process Guidance\Supporting Files\Cycles_DailyBuildDetails.htm" documentLibrary="Process Guidance" target="Supporting Files/Cycles_DailyBuildDetails.htm" />
          <file source="Windows SharePoint Services\Process Guidance\Supporting Files\Cycles_AcceptedBuildDetails.htm" documentLibrary="Process Guidance" target="Supporting Files/Cycles_AcceptedBuildDetails.htm" />
          <file source="Windows SharePoint Services\Process Guidance\Supporting Files\Cycles_IterationDetails.htm" documentLibrary="Process Guidance" target="Supporting Files/Cycles_IterationDetails.htm" />
          <file source="Windows SharePoint Services\Process Guidance\Supporting Files\Cycles_ProjectDetails.htm" documentLibrary="Process Guidance" target="Supporting Files/Cycles_ProjectDetails.htm" />
          <file source="Windows SharePoint Services\Process Guidance\Supporting Files\Cycles_AsNeededDetails.htm" documentLibrary="Process Guidance" target="Supporting Files/Cycles_AsNeededDetails.htm" />
          <file source="Windows SharePoint Services\Process Guidance\Supporting Files\Tracks.htm" documentLibrary="Process Guidance" target="Supporting Files/Tracks.htm" />
          <file source="Windows SharePoint Services\Process Guidance\Supporting Files\Tracks_AboutTracks.htm" documentLibrary="Process Guidance" target="Supporting Files/Tracks_AboutTracks.htm" />
          <file source="Windows SharePoint Services\Process Guidance\Supporting Files\Tracks_Envision.htm" documentLibrary="Process Guidance" target="Supporting Files/Tracks_Envision.htm" />
          <file source="Windows SharePoint Services\Process Guidance\Supporting Files\Tracks_Plan.htm" documentLibrary="Process Guidance" target="Supporting Files/Tracks_Plan.htm" />
          <file source="Windows SharePoint Services\Process Guidance\Supporting Files\Tracks_Build.htm" documentLibrary="Process Guidance" target="Supporting Files/Tracks_Build.htm" />
          <file source="Windows SharePoint Services\Process Guidance\Supporting Files\Tracks_Stabilize.htm" documentLibrary="Process Guidance" target="Supporting Files/Tracks_Stabilize.htm" />
          <file source="Windows SharePoint Services\Process Guidance\Supporting Files\Tracks_Deploy.htm" documentLibrary="Process Guidance" target="Supporting Files/Tracks_Deploy.htm" />
          <file source="Windows SharePoint Services\Process Guidance\Supporting Files\Tracks_Continuous.htm" documentLibrary="Process Guidance" target="Supporting Files/Tracks_Continuous.htm" />
          <file source="Windows SharePoint Services\Process Guidance\Supporting Files\Tracks_EnvisionDetails.htm" documentLibrary="Process Guidance" target="Supporting Files/Tracks_EnvisionDetails.htm" />
          <file source="Windows SharePoint Services\Process Guidance\Supporting Files\Tracks_PlanDetails.htm" documentLibrary="Process Guidance" target="Supporting Files/Tracks_PlanDetails.htm" />
          <file source="Windows SharePoint Services\Process Guidance\Supporting Files\Tracks_BuildDetails.htm" documentLibrary="Process Guidance" target="Supporting Files/Tracks_BuildDetails.htm" />
          <file source="Windows SharePoint Services\Process Guidance\Supporting Files\Tracks_StabilizeDetails.htm" documentLibrary="Process Guidance" target="Supporting Files/Tracks_StabilizeDetails.htm" />
          <file source="Windows SharePoint Services\Process Guidance\Supporting Files\Tracks_DeployDetails.htm" documentLibrary="Process Guidance" target="Supporting Files/Tracks_DeployDetails.htm" />
          <file source="Windows SharePoint Services\Process Guidance\Supporting Files\Tracks_ContinuousDetails.htm" documentLibrary="Process Guidance" target="Supporting Files/Tracks_ContinuousDetails.htm" />
          <file source="Windows SharePoint Services\Process Guidance\Supporting Files\WorkStreamsIndex.htm" documentLibrary="Process Guidance" target="Supporting Files/WorkStreamsIndex.htm" />
          <file source="Windows SharePoint Services\Process Guidance\Supporting Files\ActivitiesIndex.htm" documentLibrary="Process Guidance" target="Supporting Files/ActivitiesIndex.htm" />
          <file source="Windows SharePoint Services\Process Guidance\Supporting Files\WorkItemsIndex.htm" documentLibrary="Process Guidance" target="Supporting Files/WorkItemsIndex.htm" />
          <file source="Windows SharePoint Services\Process Guidance\Supporting Files\WorkProductsIndex.htm" documentLibrary="Process Guidance" target="Supporting Files/WorkProductsIndex.htm" />
          <file source="Windows SharePoint Services\Process Guidance\Supporting Files\ReportsIndex.htm" documentLibrary="Process Guidance" target="Supporting Files/ReportsIndex.htm" />
          <file source="Windows SharePoint Services\Process Guidance\Supporting Files\ActualQualityversusPlannedVelocity.htm" documentLibrary="Process Guidance" target="Supporting Files/ActualQualityversusPlannedVelocity.htm" />
          <file source="Windows SharePoint Services\Process Guidance\Supporting Files\BugsbyPriority.htm" documentLibrary="Process Guidance" target="Supporting Files/BugsbyPriority.htm" />
          <file source="Windows SharePoint Services\Process Guidance\Supporting Files\BugRates.htm" documentLibrary="Process Guidance" target="Supporting Files/BugRates.htm" />
          <file source="Windows SharePoint Services\Process Guidance\Supporting Files\QualityIndicators.htm" documentLibrary="Process Guidance" target="Supporting Files/QualityIndicators.htm" />
          <file source="Windows SharePoint Services\Process Guidance\Supporting Files\RemainingWork.htm" documentLibrary="Process Guidance" target="Supporting Files/RemainingWork.htm" />
          <file source="Windows SharePoint Services\Process Guidance\Supporting Files\UnplannedWork.htm" documentLibrary="Process Guidance" target="Supporting Files/UnplannedWork.htm" />
          <file source="Windows SharePoint Services\Process Guidance\Supporting Files\Velocity.htm" documentLibrary="Process Guidance" target="Supporting Files/Velocity.htm" />
          <file source="Windows SharePoint Services\Process Guidance\Supporting Files\Reactivations.htm" documentLibrary="Process Guidance" target="Supporting Files/Reactivations.htm" />
          <file source="Windows SharePoint Services\Process Guidance\Supporting Files\QueriesIndex.htm" documentLibrary="Process Guidance" target="Supporting Files/QueriesIndex.htm" />
          <file source="Windows SharePoint Services\Process Guidance\Supporting Files\HowtoIndex.htm" documentLibrary="Process Guidance" target="Supporting Files/HowtoIndex.htm" />
          <file source="Windows SharePoint Services\Process Guidance\Supporting Files\HowtoReassignaBug.htm" documentLibrary="Process Guidance" target="Supporting Files/HowtoReassignaBug.htm" />
          <file source="Windows SharePoint Services\Process Guidance\Supporting Files\HowtoResolveaBug.htm" documentLibrary="Process Guidance" target="Supporting Files/HowtoResolveaBug.htm" />
          <file source="Windows SharePoint Services\Process Guidance\Supporting Files\HowtoCreateaBug.htm" documentLibrary="Process Guidance" target="Supporting Files/HowtoCreateaBug.htm" />
          <file source="Windows SharePoint Services\Process Guidance\Supporting Files\HowtoCreateaScenarioList.htm" documentLibrary="Process Guidance" target="Supporting Files/HowtoCreateaScenarioList.htm" />
          <file source="Windows SharePoint Services\Process Guidance\Supporting Files\HowtoCreateaQualityofServiceRequirementsList.htm" documentLibrary="Process Guidance" target="Supporting Files/HowtoCreateaQualityofServiceRequirementsList.htm" />
          <file source="Windows SharePoint Services\Process Guidance\Supporting Files\HowtoCreateaBugList.htm" documentLibrary="Process Guidance" target="Supporting Files/HowtoCreateaBugList.htm" />
          <file source="Windows SharePoint Services\Process Guidance\Supporting Files\HowToCreateaShadowApplication.htm" documentLibrary="Process Guidance" target="Supporting Files/HowToCreateaShadowApplication.htm" />
          <file source="Windows SharePoint Services\Process Guidance\Supporting Files\HowtoCreateanIterationPlan.htm" documentLibrary="Process Guidance" target="Supporting Files/HowtoCreateanIterationPlan.htm" />
          <file source="Windows SharePoint Services\Process Guidance\Supporting Files\HowtoGetstartedwithMSF.htm" documentLibrary="Process Guidance" target="Supporting Files/HowtoGetstartedwithMSF.htm" />
          <file source="Windows SharePoint Services\Process Guidance\Supporting Files\ToresolveabugusingTeamExplorer.htm" documentLibrary="Process Guidance" target="Supporting Files/ToresolveabugusingTeamExplorer.htm" />
          <file source="Windows SharePoint Services\Process Guidance\Supporting Files\ToreassignabugusingMicrosoftProject.htm" documentLibrary="Process Guidance" target="Supporting Files/ToreassignabugusingMicrosoftProject.htm" />
          <file source="Windows SharePoint Services\Process Guidance\Supporting Files\ToreassignabugusingMicrosoftExcel.htm" documentLibrary="Process Guidance" target="Supporting Files/ToreassignabugusingMicrosoftExcel.htm" />
          <file source="Windows SharePoint Services\Process Guidance\Supporting Files\ToreassignabugusingVisualStudio.htm" documentLibrary="Process Guidance" target="Supporting Files/ToreassignabugusingVisualStudio.htm" />
          <file source="Windows SharePoint Services\Process Guidance\Supporting Files\TocreateabugusingVisualStudio.htm" documentLibrary="Process Guidance" target="Supporting Files/TocreateabugusingVisualStudio.htm" />
          <file source="Windows SharePoint Services\Process Guidance\Supporting Files\Tocreatescenariosinthescenariolist.htm" documentLibrary="Process Guidance" target="Supporting Files/Tocreatescenariosinthescenariolist.htm" />
          <file source="Windows SharePoint Services\Process Guidance\Supporting Files\Tocreatequalityofservicerequirements.htm" documentLibrary="Process Guidance" target="Supporting Files/Tocreatequalityofservicerequirements.htm" />
          <file source="Windows SharePoint Services\Process Guidance\Supporting Files\Tocreateabuglist.htm" documentLibrary="Process Guidance" target="Supporting Files/Tocreateabuglist.htm" />
          <file source="Windows SharePoint Services\Process Guidance\Supporting Files\Tocreatealeadingshadow.htm" documentLibrary="Process Guidance" target="Supporting Files/Tocreatealeadingshadow.htm" />
          <file source="Windows SharePoint Services\Process Guidance\Supporting Files\Toconnecttwoshadowapplications.htm" documentLibrary="Process Guidance" target="Supporting Files/Toconnecttwoshadowapplications.htm" />
          <file source="Windows SharePoint Services\Process Guidance\Supporting Files\Tomoveanendpointfromaleadingshadowtoatrailingshadow.htm" documentLibrary="Process Guidance" target="Supporting Files/Tomoveanendpointfromaleadingshadowtoatrailingshadow.htm" />
          <file source="Windows SharePoint Services\Process Guidance\Supporting Files\TocreatethefirstiterationinMicrosoftProject.htm" documentLibrary="Process Guidance" target="Supporting Files/TocreatethefirstiterationinMicrosoftProject.htm" />
          <file source="Windows SharePoint Services\Process Guidance\Supporting Files\TocreateaninitialiterationplaninMicrosoftProject.htm" documentLibrary="Process Guidance" target="Supporting Files/TocreateaninitialiterationplaninMicrosoftProject.htm" />
          <file source="Windows SharePoint Services\Process Guidance\Supporting Files\BreakdownscenariosintotasksinMicrosoftProject.htm" documentLibrary="Process Guidance" target="Supporting Files/BreakdownscenariosintotasksinMicrosoftProject.htm" />
          <file source="Windows SharePoint Services\Process Guidance\Supporting Files\Toconfigureastartpage.htm" documentLibrary="Process Guidance" target="Supporting Files/Toconfigureastartpage.htm" />
          <file source="Windows SharePoint Services\Process Guidance\ProcessGuidance.html" documentLibrary="Process Guidance" target="ProcessGuidance.html" />
          <file source="Windows SharePoint Services\Process Guidance\Supporting Files\Code\footer.js" documentLibrary="Process Guidance" target="Supporting Files/Code/footer.js" />
          <file source="Windows SharePoint Services\Process Guidance\Supporting Files\Code\glossary.js" documentLibrary="Process Guidance" target="Supporting Files/Code/glossary.js" />
          <file source="Windows SharePoint Services\Process Guidance\Supporting Files\Code\header.js" documentLibrary="Process Guidance" target="Supporting Files/Code/header.js" />
          <file source="Windows SharePoint Services\Process Guidance\Supporting Files\Code\iceberg.js" documentLibrary="Process Guidance" target="Supporting Files/Code/iceberg.js" />
          <file source="Windows SharePoint Services\Process Guidance\Supporting Files\Code\msf.js" documentLibrary="Process Guidance" target="Supporting Files/Code/msf.js" />
          <file source="Windows SharePoint Services\Process Guidance\Supporting Files\CSS\msf.css" documentLibrary="Process Guidance" target="Supporting Files/CSS/msf.css" />
          <file source="Windows SharePoint Services\Process Guidance\Supporting Files\EULA\_EULA.txt" documentLibrary="Process Guidance" target="Supporting Files/EULA/_EULA.txt" />
          <file source="Windows SharePoint Services\Process Guidance\Supporting Files\images\about-roles.gif" documentLibrary="Process Guidance" target="Supporting Files/images/about-roles.gif" />
          <file source="Windows SharePoint Services\Process Guidance\Supporting Files\images\About-views-2.gif" documentLibrary="Process Guidance" target="Supporting Files/images/About-views-2.gif" />
          <file source="Windows SharePoint Services\Process Guidance\Supporting Files\images\about-views.gif" documentLibrary="Process Guidance" target="Supporting Files/images/about-views.gif" />
          <file source="Windows SharePoint Services\Process Guidance\Supporting Files\images\About_WI.gif" documentLibrary="Process Guidance" target="Supporting Files/images/About_WI.gif" />
          <file source="Windows SharePoint Services\Process Guidance\Supporting Files\images\applicationdiagram.gif" documentLibrary="Process Guidance" target="Supporting Files/images/applicationdiagram.gif" />
          <file source="Windows SharePoint Services\Process Guidance\Supporting Files\images\body-header-bg.gif" documentLibrary="Process Guidance" target="Supporting Files/images/body-header-bg.gif" />
          <file source="Windows SharePoint Services\Process Guidance\Supporting Files\images\body-table-bg.gif" documentLibrary="Process Guidance" target="Supporting Files/images/body-table-bg.gif" />
          <file source="Windows SharePoint Services\Process Guidance\Supporting Files\images\bugrates.gif" documentLibrary="Process Guidance" target="Supporting Files/images/bugrates.gif" />
          <file source="Windows SharePoint Services\Process Guidance\Supporting Files\images\bugrates2.gif" documentLibrary="Process Guidance" target="Supporting Files/images/bugrates2.gif" />
          <file source="Windows SharePoint Services\Process Guidance\Supporting Files\images\bullet1.gif" documentLibrary="Process Guidance" target="Supporting Files/images/bullet1.gif" />
          <file source="Windows SharePoint Services\Process Guidance\Supporting Files\images\bullet2.gif" documentLibrary="Process Guidance" target="Supporting Files/images/bullet2.gif" />
          <file source="Windows SharePoint Services\Process Guidance\Supporting Files\images\b_bottom.gif" documentLibrary="Process Guidance" target="Supporting Files/images/b_bottom.gif" />
          <file source="Windows SharePoint Services\Process Guidance\Supporting Files\images\b_bottomleft.gif" documentLibrary="Process Guidance" target="Supporting Files/images/b_bottomleft.gif" />
          <file source="Windows SharePoint Services\Process Guidance\Supporting Files\images\b_bottomright.gif" documentLibrary="Process Guidance" target="Supporting Files/images/b_bottomright.gif" />
          <file source="Windows SharePoint Services\Process Guidance\Supporting Files\images\b_left.gif" documentLibrary="Process Guidance" target="Supporting Files/images/b_left.gif" />
          <file source="Windows SharePoint Services\Process Guidance\Supporting Files\images\b_nav_bottom.gif" documentLibrary="Process Guidance" target="Supporting Files/images/b_nav_bottom.gif" />
          <file source="Windows SharePoint Services\Process Guidance\Supporting Files\images\b_nav_bottomleft.gif" documentLibrary="Process Guidance" target="Supporting Files/images/b_nav_bottomleft.gif" />
          <file source="Windows SharePoint Services\Process Guidance\Supporting Files\images\b_nav_left.gif" documentLibrary="Process Guidance" target="Supporting Files/images/b_nav_left.gif" />
          <file source="Windows SharePoint Services\Process Guidance\Supporting Files\images\b_nav_top.gif" documentLibrary="Process Guidance" target="Supporting Files/images/b_nav_top.gif" />
          <file source="Windows SharePoint Services\Process Guidance\Supporting Files\images\b_nav_topleft.gif" documentLibrary="Process Guidance" target="Supporting Files/images/b_nav_topleft.gif" />
          <file source="Windows SharePoint Services\Process Guidance\Supporting Files\images\b_right.gif" documentLibrary="Process Guidance" target="Supporting Files/images/b_right.gif" />
          <file source="Windows SharePoint Services\Process Guidance\Supporting Files\images\b_see_bottomleft.gif" documentLibrary="Process Guidance" target="Supporting Files/images/b_see_bottomleft.gif" />
          <file source="Windows SharePoint Services\Process Guidance\Supporting Files\images\b_see_bottomright.gif" documentLibrary="Process Guidance" target="Supporting Files/images/b_see_bottomright.gif" />
          <file source="Windows SharePoint Services\Process Guidance\Supporting Files\images\b_see_left.gif" documentLibrary="Process Guidance" target="Supporting Files/images/b_see_left.gif" />
          <file source="Windows SharePoint Services\Process Guidance\Supporting Files\images\b_see_right.gif" documentLibrary="Process Guidance" target="Supporting Files/images/b_see_right.gif" />
          <file source="Windows SharePoint Services\Process Guidance\Supporting Files\images\b_see_topleft.gif" documentLibrary="Process Guidance" target="Supporting Files/images/b_see_topleft.gif" />
          <file source="Windows SharePoint Services\Process Guidance\Supporting Files\images\b_see_topright.gif" documentLibrary="Process Guidance" target="Supporting Files/images/b_see_topright.gif" />
          <file source="Windows SharePoint Services\Process Guidance\Supporting Files\images\b_top.gif" documentLibrary="Process Guidance" target="Supporting Files/images/b_top.gif" />
          <file source="Windows SharePoint Services\Process Guidance\Supporting Files\images\b_topleft.gif" documentLibrary="Process Guidance" target="Supporting Files/images/b_topleft.gif" />
          <file source="Windows SharePoint Services\Process Guidance\Supporting Files\images\b_topright.gif" documentLibrary="Process Guidance" target="Supporting Files/images/b_topright.gif" />
          <file source="Windows SharePoint Services\Process Guidance\Supporting Files\images\centerdivide2-connect.gif" documentLibrary="Process Guidance" target="Supporting Files/images/centerdivide2-connect.gif" />
          <file source="Windows SharePoint Services\Process Guidance\Supporting Files\images\centerdivide2.gif" documentLibrary="Process Guidance" target="Supporting Files/images/centerdivide2.gif" />
          <file source="Windows SharePoint Services\Process Guidance\Supporting Files\images\check.gif" documentLibrary="Process Guidance" target="Supporting Files/images/check.gif" />
          <file source="Windows SharePoint Services\Process Guidance\Supporting Files\images\check2.gif" documentLibrary="Process Guidance" target="Supporting Files/images/check2.gif" />
          <file source="Windows SharePoint Services\Process Guidance\Supporting Files\images\classdiagram.gif" documentLibrary="Process Guidance" target="Supporting Files/images/classdiagram.gif" />
          <file source="Windows SharePoint Services\Process Guidance\Supporting Files\images\clear.gif" documentLibrary="Process Guidance" target="Supporting Files/images/clear.gif" />
          <file source="Windows SharePoint Services\Process Guidance\Supporting Files\images\crumb.gif" documentLibrary="Process Guidance" target="Supporting Files/images/crumb.gif" />
          <file source="Windows SharePoint Services\Process Guidance\Supporting Files\images\dots.gif" documentLibrary="Process Guidance" target="Supporting Files/images/dots.gif" />
          <file source="Windows SharePoint Services\Process Guidance\Supporting Files\images\expando_closed.gif" documentLibrary="Process Guidance" target="Supporting Files/images/expando_closed.gif" />
          <file source="Windows SharePoint Services\Process Guidance\Supporting Files\images\expando_open.gif" documentLibrary="Process Guidance" target="Supporting Files/images/expando_open.gif" />
          <file source="Windows SharePoint Services\Process Guidance\Supporting Files\images\header-bg.jpg" documentLibrary="Process Guidance" target="Supporting Files/images/header-bg.jpg" />
          <file source="Windows SharePoint Services\Process Guidance\Supporting Files\images\header_agile.gif" documentLibrary="Process Guidance" target="Supporting Files/images/header_agile.gif" />
          <file source="Windows SharePoint Services\Process Guidance\Supporting Files\images\header_msf.gif" documentLibrary="Process Guidance" target="Supporting Files/images/header_msf.gif" />
          <file source="Windows SharePoint Services\Process Guidance\Supporting Files\images\header_msf_2.gif" documentLibrary="Process Guidance" target="Supporting Files/images/header_msf_2.gif" />
          <file source="Windows SharePoint Services\Process Guidance\Supporting Files\images\header_vsts_logo.gif " documentLibrary="Process Guidance" target="Supporting Files/images/header_vsts_logo.gif" />
          <file source="Windows SharePoint Services\Process Guidance\Supporting Files\images\healthy_bugsbypri.gif" documentLibrary="Process Guidance" target="Supporting Files/images/healthy_bugsbypri.gif" />
          <file source="Windows SharePoint Services\Process Guidance\Supporting Files\images\healthy_qualityindicators.gif" documentLibrary="Process Guidance" target="Supporting Files/images/healthy_qualityindicators.gif" />
          <file source="Windows SharePoint Services\Process Guidance\Supporting Files\images\healthy_remainingwork.gif " documentLibrary="Process Guidance" target="Supporting Files/images/healthy_remainingwork.gif" />
          <file source="Windows SharePoint Services\Process Guidance\Supporting Files\images\index-reports.gif" documentLibrary="Process Guidance" target="Supporting Files/images/index-reports.gif" />
          <file source="Windows SharePoint Services\Process Guidance\Supporting Files\images\index-workitems.gif" documentLibrary="Process Guidance" target="Supporting Files/images/index-workitems.gif" />
          <file source="Windows SharePoint Services\Process Guidance\Supporting Files\images\index-workstreams.gif" documentLibrary="Process Guidance" target="Supporting Files/images/index-workstreams.gif" />
          <file source="Windows SharePoint Services\Process Guidance\Supporting Files\images\iterationplan.gif" documentLibrary="Process Guidance" target="Supporting Files/images/iterationplan.gif" />
          <file source="Windows SharePoint Services\Process Guidance\Supporting Files\images\iterations-3.gif" documentLibrary="Process Guidance" target="Supporting Files/images/iterations-3.gif" />
          <file source="Windows SharePoint Services\Process Guidance\Supporting Files\images\iterations.gif" documentLibrary="Process Guidance" target="Supporting Files/images/iterations.gif" />
          <file source="Windows SharePoint Services\Process Guidance\Supporting Files\images\i_app_excel.gif" documentLibrary="Process Guidance" target="Supporting Files/images/i_app_excel.gif" />
          <file source="Windows SharePoint Services\Process Guidance\Supporting Files\images\i_app_none.gif" documentLibrary="Process Guidance" target="Supporting Files/images/i_app_none.gif" />
          <file source="Windows SharePoint Services\Process Guidance\Supporting Files\images\i_app_ppt.gif" documentLibrary="Process Guidance" target="Supporting Files/images/i_app_ppt.gif" />
          <file source="Windows SharePoint Services\Process Guidance\Supporting Files\images\i_app_project.gif" documentLibrary="Process Guidance" target="Supporting Files/images/i_app_project.gif" />
          <file source="Windows SharePoint Services\Process Guidance\Supporting Files\images\i_app_vs.gif" documentLibrary="Process Guidance" target="Supporting Files/images/i_app_vs.gif" />
          <file source="Windows SharePoint Services\Process Guidance\Supporting Files\images\i_app_word.gif" documentLibrary="Process Guidance" target="Supporting Files/images/i_app_word.gif" />
          <file source="Windows SharePoint Services\Process Guidance\Supporting Files\images\i_gears-1.gif" documentLibrary="Process Guidance" target="Supporting Files/images/i_gears-1.gif" />
          <file source="Windows SharePoint Services\Process Guidance\Supporting Files\images\i_role.gif" documentLibrary="Process Guidance" target="Supporting Files/images/i_role.gif" />
          <file source="Windows SharePoint Services\Process Guidance\Supporting Files\images\i_role_2.gif" documentLibrary="Process Guidance" target="Supporting Files/images/i_role_2.gif" />
          <file source="Windows SharePoint Services\Process Guidance\Supporting Files\images\i_workitem.gif" documentLibrary="Process Guidance" target="Supporting Files/images/i_workitem.gif" />
          <file source="Windows SharePoint Services\Process Guidance\Supporting Files\images\i_workitem_2.gif" documentLibrary="Process Guidance" target="Supporting Files/images/i_workitem_2.gif" />
          <file source="Windows SharePoint Services\Process Guidance\Supporting Files\images\i_workstreams.gif" documentLibrary="Process Guidance" target="Supporting Files/images/i_workstreams.gif" />
          <file source="Windows SharePoint Services\Process Guidance\Supporting Files\images\i_workstreams_2.gif" documentLibrary="Process Guidance" target="Supporting Files/images/i_workstreams_2.gif" />
          <file source="Windows SharePoint Services\Process Guidance\Supporting Files\images\logicaldatacenter.gif" documentLibrary="Process Guidance" target="Supporting Files/images/logicaldatacenter.gif" />
          <file source="Windows SharePoint Services\Process Guidance\Supporting Files\images\manual.gif" documentLibrary="Process Guidance" target="Supporting Files/images/manual.gif" />
          <file source="Windows SharePoint Services\Process Guidance\Supporting Files\images\mindsets.gif" documentLibrary="Process Guidance" target="Supporting Files/images/mindsets.gif" />
          <file source="Windows SharePoint Services\Process Guidance\Supporting Files\images\more_close.gif" documentLibrary="Process Guidance" target="Supporting Files/images/more_close.gif" />
          <file source="Windows SharePoint Services\Process Guidance\Supporting Files\images\more_open.gif" documentLibrary="Process Guidance" target="Supporting Files/images/more_open.gif" />
          <file source="Windows SharePoint Services\Process Guidance\Supporting Files\images\msf-banner-5.gif" documentLibrary="Process Guidance" target="Supporting Files/images/msf-banner-5.gif" />
          <file source="Windows SharePoint Services\Process Guidance\Supporting Files\images\nav-bg.gif" documentLibrary="Process Guidance" target="Supporting Files/images/nav-bg.gif" />
          <file source="Windows SharePoint Services\Process Guidance\Supporting Files\images\overview_database-1.gif" documentLibrary="Process Guidance" target="Supporting Files/images/overview_database-1.gif" />
          <file source="Windows SharePoint Services\Process Guidance\Supporting Files\images\overview_reports.gif" documentLibrary="Process Guidance" target="Supporting Files/images/overview_reports.gif" />
          <file source="Windows SharePoint Services\Process Guidance\Supporting Files\images\overview_roles-1.gif" documentLibrary="Process Guidance" target="Supporting Files/images/overview_roles-1.gif" />
          <file source="Windows SharePoint Services\Process Guidance\Supporting Files\images\overview_ws-1.gif" documentLibrary="Process Guidance" target="Supporting Files/images/overview_ws-1.gif" />
          <file source="Windows SharePoint Services\Process Guidance\Supporting Files\images\Persona.gif" documentLibrary="Process Guidance" target="Supporting Files/images/Persona.gif" />
          <file source="Windows SharePoint Services\Process Guidance\Supporting Files\images\projectchecklist.gif" documentLibrary="Process Guidance" target="Supporting Files/images/projectchecklist.gif" />
          <file source="Windows SharePoint Services\Process Guidance\Supporting Files\images\qualityvelocity.gif" documentLibrary="Process Guidance" target="Supporting Files/images/qualityvelocity.gif" />
          <file source="Windows SharePoint Services\Process Guidance\Supporting Files\images\qualityvelocity1.gif" documentLibrary="Process Guidance" target="Supporting Files/images/qualityvelocity1.gif" />
          <file source="Windows SharePoint Services\Process Guidance\Supporting Files\images\reactivation.gif" documentLibrary="Process Guidance" target="Supporting Files/images/reactivation.gif" />
          <file source="Windows SharePoint Services\Process Guidance\Supporting Files\images\remainingworkbugs.gif" documentLibrary="Process Guidance" target="Supporting Files/images/remainingworkbugs.gif" />
          <file source="Windows SharePoint Services\Process Guidance\Supporting Files\images\right-arrow.gif" documentLibrary="Process Guidance" target="Supporting Files/images/right-arrow.gif" />
          <file source="Windows SharePoint Services\Process Guidance\Supporting Files\images\rule1.gif" documentLibrary="Process Guidance" target="Supporting Files/images/rule1.gif" />
          <file source="Windows SharePoint Services\Process Guidance\Supporting Files\images\rule2.gif" documentLibrary="Process Guidance" target="Supporting Files/images/rule2.gif" />
          <file source="Windows SharePoint Services\Process Guidance\Supporting Files\images\rule_horiz_dots.gif" documentLibrary="Process Guidance" target="Supporting Files/images/rule_horiz_dots.gif" />
          <file source="Windows SharePoint Services\Process Guidance\Supporting Files\images\scenario.gif" documentLibrary="Process Guidance" target="Supporting Files/images/scenario.gif" />
          <file source="Windows SharePoint Services\Process Guidance\Supporting Files\images\separator1.gif" documentLibrary="Process Guidance" target="Supporting Files/images/separator1.gif" />
          <file source="Windows SharePoint Services\Process Guidance\Supporting Files\images\systemdiagram.gif" documentLibrary="Process Guidance" target="Supporting Files/images/systemdiagram.gif" />
          <file source="Windows SharePoint Services\Process Guidance\Supporting Files\images\tab-row-bg.gif" documentLibrary="Process Guidance" target="Supporting Files/images/tab-row-bg.gif" />
          <file source="Windows SharePoint Services\Process Guidance\Supporting Files\images\team-advocacy.gif" documentLibrary="Process Guidance" target="Supporting Files/images/team-advocacy.gif" />
          <file source="Windows SharePoint Services\Process Guidance\Supporting Files\images\team_logo.gif" documentLibrary="Process Guidance" target="Supporting Files/images/team_logo.gif" />
          <file source="Windows SharePoint Services\Process Guidance\Supporting Files\images\testapproach.gif" documentLibrary="Process Guidance" target="Supporting Files/images/testapproach.gif" />
          <file source="Windows SharePoint Services\Process Guidance\Supporting Files\images\threatmodel.gif" documentLibrary="Process Guidance" target="Supporting Files/images/threatmodel.gif" />
          <file source="Windows SharePoint Services\Process Guidance\Supporting Files\images\tracks.gif" documentLibrary="Process Guidance" target="Supporting Files/images/tracks.gif" />
          <file source="Windows SharePoint Services\Process Guidance\Supporting Files\images\unhealthybugrates.gif" documentLibrary="Process Guidance" target="Supporting Files/images/unhealthybugrates.gif" />
          <file source="Windows SharePoint Services\Process Guidance\Supporting Files\images\unhealthybugrates.jpg" documentLibrary="Process Guidance" target="Supporting Files/images/unhealthybugrates.jpg" />
          <file source="Windows SharePoint Services\Process Guidance\Supporting Files\images\unhealthyqualityindicators.gif" documentLibrary="Process Guidance" target="Supporting Files/images/unhealthyqualityindicators.gif" />
          <file source="Windows SharePoint Services\Process Guidance\Supporting Files\images\unhealthyqualityindicators.jpg" documentLibrary="Process Guidance" target="Supporting Files/images/unhealthyqualityindicators.jpg" />
          <file source="Windows SharePoint Services\Process Guidance\Supporting Files\images\unhealthyqualityindicators2.gif" documentLibrary="Process Guidance" target="Supporting Files/images/unhealthyqualityindicators2.gif" />
          <file source="Windows SharePoint Services\Process Guidance\Supporting Files\images\unhealthyqualityindicators2.jpg" documentLibrary="Process Guidance" target="Supporting Files/images/unhealthyqualityindicators2.jpg" />
          <file source="Windows SharePoint Services\Process Guidance\Supporting Files\images\unhealthyqualityindicators3.gif" documentLibrary="Process Guidance" target="Supporting Files/images/unhealthyqualityindicators3.gif" />
          <file source="Windows SharePoint Services\Process Guidance\Supporting Files\images\unhealthyqualityindicators3.jpg" documentLibrary="Process Guidance" target="Supporting Files/images/unhealthyqualityindicators3.jpg" />
          <file source="Windows SharePoint Services\Process Guidance\Supporting Files\images\unhealthyqualityindicators4.gif" documentLibrary="Process Guidance" target="Supporting Files/images/unhealthyqualityindicators4.gif" />
          <file source="Windows SharePoint Services\Process Guidance\Supporting Files\images\unhealthyqualityindicators4.jpg" documentLibrary="Process Guidance" target="Supporting Files/images/unhealthyqualityindicators4.jpg" />
          <file source="Windows SharePoint Services\Process Guidance\Supporting Files\images\unhealthyqualityindicators5.gif" documentLibrary="Process Guidance" target="Supporting Files/images/unhealthyqualityindicators5.gif" />
          <file source="Windows SharePoint Services\Process Guidance\Supporting Files\images\unhealthyqualityindicators5.jpg" documentLibrary="Process Guidance" target="Supporting Files/images/unhealthyqualityindicators5.jpg" />
          <file source="Windows SharePoint Services\Process Guidance\Supporting Files\images\unhealthyreactivated.gif" documentLibrary="Process Guidance" target="Supporting Files/images/unhealthyreactivated.gif" />
          <file source="Windows SharePoint Services\Process Guidance\Supporting Files\images\unhealthyreactivated.jpg" documentLibrary="Process Guidance" target="Supporting Files/images/unhealthyreactivated.jpg" />
          <file source="Windows SharePoint Services\Process Guidance\Supporting Files\images\unhealthyremainingwork.gif" documentLibrary="Process Guidance" target="Supporting Files/images/unhealthyremainingwork.gif" />
          <file source="Windows SharePoint Services\Process Guidance\Supporting Files\images\unhealthyremainingwork2.gif" documentLibrary="Process Guidance" target="Supporting Files/images/unhealthyremainingwork2.gif" />
          <file source="Windows SharePoint Services\Process Guidance\Supporting Files\images\unhealthyremainingwork2.jpg" documentLibrary="Process Guidance" target="Supporting Files/images/unhealthyremainingwork2.jpg" />
          <file source="Windows SharePoint Services\Process Guidance\Supporting Files\images\unhealthyunplannedwork.jpg" documentLibrary="Process Guidance" target="Supporting Files/images/unhealthyunplannedwork.jpg" />
          <file source="Windows SharePoint Services\Process Guidance\Supporting Files\images\unhealthyvelocity1.gif" documentLibrary="Process Guidance" target="Supporting Files/images/unhealthyvelocity1.gif" />
          <file source="Windows SharePoint Services\Process Guidance\Supporting Files\images\unittest.gif" documentLibrary="Process Guidance" target="Supporting Files/images/unittest.gif" />
          <file source="Windows SharePoint Services\Process Guidance\Supporting Files\images\unplannedwork.gif" documentLibrary="Process Guidance" target="Supporting Files/images/unplannedwork.gif" />
          <file source="Windows SharePoint Services\Process Guidance\Supporting Files\images\velocity.gif" documentLibrary="Process Guidance" target="Supporting Files/images/velocity.gif" />
          <file source="Windows SharePoint Services\Process Guidance\Supporting Files\images\vision.gif" documentLibrary="Process Guidance" target="Supporting Files/images/vision.gif" />
          <file source="Windows SharePoint Services\Process Guidance\Supporting Files\images\webtest.gif" documentLibrary="Process Guidance" target="Supporting Files/images/webtest.gif" />
          <file source="Windows SharePoint Services\Process Guidance\Supporting Files\images\white.gif" documentLibrary="Process Guidance" target="Supporting Files/images/white.gif" />
          <file source="Windows SharePoint Services\Process Guidance\Supporting Files\images\wi_bug_flow.gif" documentLibrary="Process Guidance" target="Supporting Files/images/wi_bug_flow.gif" />
          <file source="Windows SharePoint Services\Process Guidance\Supporting Files\images\wi_qos_flow.gif" documentLibrary="Process Guidance" target="Supporting Files/images/wi_qos_flow.gif" />
          <file source="Windows SharePoint Services\Process Guidance\Supporting Files\images\wi_risk_flow.gif" documentLibrary="Process Guidance" target="Supporting Files/images/wi_risk_flow.gif" />
          <file source="Windows SharePoint Services\Process Guidance\Supporting Files\images\wi_scenario_flow.gif" documentLibrary="Process Guidance" target="Supporting Files/images/wi_scenario_flow.gif" />
          <file source="Windows SharePoint Services\Process Guidance\Supporting Files\images\wi_task_flow.gif" documentLibrary="Process Guidance" target="Supporting Files/images/wi_task_flow.gif" />
          <file source="Windows SharePoint Services\Process Guidance\Supporting Files\images\x_section_close.gif" documentLibrary="Process Guidance" target="Supporting Files/images/x_section_close.gif" />
          <file source="Windows SharePoint Services\Process Guidance\Supporting Files\images\x_section_open.gif" documentLibrary="Process Guidance" target="Supporting Files/images/x_section_open.gif" />
          <file source="Windows SharePoint Services\Requirements\QoS Requirements.xls" documentLibrary="Requirements" target="QoS Requirements.xls" queryId="All Quality of Service Requirements" />
          <file source="Windows SharePoint Services\Requirements\Scenarios.xls" documentLibrary="Requirements" target="Scenarios.xls" queryId="All Scenarios" />
          <file source="Windows SharePoint Services\Project Management\Project Checklist.xls" documentLibrary="Project Management" target="Project Checklist.xls" queryId="Project Checklist" />
          <file source="Windows SharePoint Services\Project Management\Triage List.xls" documentLibrary="Project Management" target="Triage List.xls" queryId="Untriaged Bugs" />
          <file source="Windows SharePoint Services\Project Management\Issues.xls" documentLibrary="Project Management" target="Issues.xls" queryId="All Issues" />
          <file source="Windows SharePoint Services\Requirements\Vision.doc" documentLibrary="Requirements" target="Vision.doc" />
          <file source="Windows SharePoint Services\Requirements\Persona.doc" documentLibrary="Requirements" target="Persona.doc" />
          <file source="Windows SharePoint Services\Requirements\Scenario Description.doc" documentLibrary="Requirements" target="Scenario Description.doc" />
          <file source="Windows SharePoint Services\Security\Template Sample - Web Application Threat Model.doc" documentLibrary="Security" target="Template Sample - Web Application Threat Model.doc" />
          <file source="Windows SharePoint Services\Project Management\Test Development Plan.mpp" documentLibrary="Project Management" target="Test Development Plan.mpp" />
          <file source="Windows SharePoint Services\Project Management\Development Project Plan.mpp" documentLibrary="Project Management" target="Development Project Plan.mpp" />
          <file source="Windows SharePoint Services\Test\Test Approach.doc" documentLibrary="Test" target="Test Approach.doc" />
        </files>
      </Portal>
    </taskXml>
  </task>
</tasks>